lower,med,upper,param,tree,tiptypes,prop,multiplier
8.367396213137635,10.674349114698671,13.828132256048955,ReMultiplier,tree0.log,yes,0.05,10
0.041829029090569465,0.05673048242465803,0.07078009426939316,SSFrac,tree0.log,yes,0.05,10
1.4359327313869936,1.5357746506098515,1.6484769220787319,Re,tree0.log,yes,0.05,10
7.791491005052429,10.752906135175483,13.701410291493588,ReMultiplier,tree0,no,0.05,10
0.038237619006612274,0.05887181432014307,0.08287288036328766,SSFrac,tree0,no,0.05,10
1.4404059728231768,1.5444961158398218,1.6474184521500383,Re,tree0,no,0.05,10
8.017971807400983,11.440132277901414,15.493865561703416,ReMultiplier,tree10.log,yes,0.05,10
0.04550244194327423,0.06106746424186174,0.07800756468591842,SSFrac,tree10.log,yes,0.05,10
1.432608856832195,1.5455699152870421,1.6492248854329707,Re,tree10.log,yes,0.05,10
7.729686365529465,10.777973924188917,15.026510382824636,ReMultiplier,tree10,no,0.05,10
0.054017320613097435,0.08220756130880238,0.11923268912088383,SSFrac,tree10,no,0.05,10
1.4483734699773356,1.5610484617655298,1.6854921085963952,Re,tree10,no,0.05,10
8.942511311846955,11.430040134002024,13.710204210926713,ReMultiplier,tree11.log,yes,0.05,10
0.03154964012362422,0.040311924768418925,0.053629142928248504,SSFrac,tree11.log,yes,0.05,10
1.3687136461194984,1.4706532719153147,1.5901832925040391,Re,tree11.log,yes,0.05,10
7.837984016990481,10.088556599101274,12.707202707985012,ReMultiplier,tree11,no,0.05,10
0.023664006019977108,0.040590489563476585,0.06429259265450218,SSFrac,tree11,no,0.05,10
1.359667655547173,1.4578603689358733,1.5554530987366928,Re,tree11,no,0.05,10
7.155401888688867,9.356279045835262,11.746092342173409,ReMultiplier,tree12.log,yes,0.05,10
0.03078528101440336,0.041958814955065656,0.05657371541417129,SSFrac,tree12.log,yes,0.05,10
1.3405560915347183,1.4243644407843474,1.5169860497400716,Re,tree12.log,yes,0.05,10
6.789382433151842,8.88466202672737,11.48817964221281,ReMultiplier,tree12,no,0.05,10
0.03237005583766051,0.05588613338547753,0.0851499594017671,SSFrac,tree12,no,0.05,10
1.333255899878281,1.4340494829811719,1.5265494054164723,Re,tree12,no,0.05,10
7.154594061463352,8.936649086288899,11.391262822502938,ReMultiplier,tree13.log,yes,0.05,10
0.03713131583028402,0.05125337488013809,0.06808105442438687,SSFrac,tree13.log,yes,0.05,10
1.4005052199935555,1.5015092572981064,1.6002378177710512,Re,tree13.log,yes,0.05,10
6.96538867690298,8.885423872739878,11.043038471934464,ReMultiplier,tree13,no,0.05,10
0.024891767732595254,0.04918249955922837,0.08231332506478427,SSFrac,tree13,no,0.05,10
1.4056054548205703,1.4995945394358663,1.6055442726681337,Re,tree13,no,0.05,10
8.136107666574416,10.239636142356048,13.017443247020749,ReMultiplier,tree14.log,yes,0.05,10
0.0345414360358687,0.04706827721214999,0.0605185096793436,SSFrac,tree14.log,yes,0.05,10
1.3345957341196648,1.4329206028349144,1.5289668699137908,Re,tree14.log,yes,0.05,10
8.56814846096518,10.871499789012915,13.681650864878746,ReMultiplier,tree14,no,0.05,10
0.02516833401671662,0.040853186659183555,0.06066800900603063,SSFrac,tree14,no,0.05,10
1.3313089087162984,1.4246382315586645,1.5350186744487897,Re,tree14,no,0.05,10
6.975369011999304,9.013855708450247,11.688161919132767,ReMultiplier,tree15.log,yes,0.05,10
0.03504801260725962,0.04788666975622842,0.06378837021336481,SSFrac,tree15.log,yes,0.05,10
1.4494745175402561,1.554504907970856,1.6706984280133803,Re,tree15.log,yes,0.05,10
6.6601587899717725,8.969827283083035,11.190443688765006,ReMultiplier,tree15,no,0.05,10
0.03310044718445505,0.05914395654511596,0.09403371238737938,SSFrac,tree15,no,0.05,10
1.4549094596247698,1.563131248745123,1.665594659460049,Re,tree15,no,0.05,10
7.809355678173857,10.75423714731274,13.697480924483473,ReMultiplier,tree16.log,yes,0.05,10
0.042886044465800195,0.05963582661922845,0.07637319169979924,SSFrac,tree16.log,yes,0.05,10
1.3579185655555075,1.4685474311259916,1.5675536023818106,Re,tree16.log,yes,0.05,10
8.229973198605148,11.012257636161573,14.583295384823998,ReMultiplier,tree16,no,0.05,10
0.03760647380155509,0.06195785439718721,0.08844337116188847,SSFrac,tree16,no,0.05,10
1.3448286905331681,1.4570735910452082,1.5719645619258626,Re,tree16,no,0.05,10
7.4309734276232975,9.24008715903727,11.492320421302596,ReMultiplier,tree17.log,yes,0.05,10
0.037934769345151886,0.05433096659166558,0.06753534269011201,SSFrac,tree17.log,yes,0.05,10
1.3966480335282647,1.5045727421579609,1.603659204618584,Re,tree17.log,yes,0.05,10
8.525440069124564,10.355281149857777,13.233040668073189,ReMultiplier,tree17,no,0.05,10
0.024815481896540856,0.038005238176557515,0.05785992144403753,SSFrac,tree17,no,0.05,10
1.3997166141645199,1.49603856311678,1.6009814363514001,Re,tree17,no,0.05,10
6.762576783056823,8.475991097735085,10.690546521748677,ReMultiplier,tree18.log,yes,0.05,10
0.03874907281627255,0.052595050878784994,0.06700395779596932,SSFrac,tree18.log,yes,0.05,10
1.3842246772153879,1.4664046605082182,1.5683674872782647,Re,tree18.log,yes,0.05,10
6.817348546462058,9.09731792801063,11.572587850342803,ReMultiplier,tree18,no,0.05,10
0.02228363929653245,0.03949691443411324,0.06704704685603614,SSFrac,tree18,no,0.05,10
1.368358067568464,1.4611324004740416,1.5565830077768268,Re,tree18,no,0.05,10
7.886954499329883,9.885532771637852,12.25885569806683,ReMultiplier,tree19.log,yes,0.05,10
0.04072095142700169,0.05477861983366031,0.07163114290727662,SSFrac,tree19.log,yes,0.05,10
1.3784696187712382,1.4683311268226036,1.5465472695772384,Re,tree19.log,yes,0.05,10
7.334302587693287,9.625209031482978,12.439382451269577,ReMultiplier,tree19,no,0.05,10
0.03928040682743561,0.06501793310738614,0.09887577795865289,SSFrac,tree19,no,0.05,10
1.3530817289859283,1.4685480325867113,1.5533841313306653,Re,tree19,no,0.05,10
7.176750775742306,9.602921033276788,11.710444055148502,ReMultiplier,tree1.log,yes,0.05,10
0.030552316316025296,0.0436110393930432,0.05767740814869754,SSFrac,tree1.log,yes,0.05,10
1.3237057994307329,1.4186877183143711,1.5228965190382424,Re,tree1.log,yes,0.05,10
7.432561472610533,9.73750449636227,11.920708672871253,ReMultiplier,tree1,no,0.05,10
0.023192041132799934,0.041178192770100666,0.06123875203042358,SSFrac,tree1,no,0.05,10
1.3185259126563997,1.4232873819168066,1.5270515267877272,Re,tree1,no,0.05,10
6.893216165563117,8.377172029662125,10.585359560108154,ReMultiplier,tree20.log,yes,0.05,10
0.038316815921742166,0.051832421341291575,0.06830676365364403,SSFrac,tree20.log,yes,0.05,10
1.3241838993210366,1.4202533674687217,1.5106501801645147,Re,tree20.log,yes,0.05,10
6.4847573034179815,8.487662097646329,10.900336872145362,ReMultiplier,tree20,no,0.05,10
0.029448877193593535,0.054855263514388866,0.08939375234558387,SSFrac,tree20,no,0.05,10
1.2971767424022633,1.4092525254185961,1.4996012063013024,Re,tree20,no,0.05,10
8.3184435457651,11.241012605458788,15.009902643247665,ReMultiplier,tree21.log,yes,0.05,10
0.047477073501770974,0.06426469588642215,0.08093207205766616,SSFrac,tree21.log,yes,0.05,10
1.523564444030247,1.6284927641732008,1.7392922824676416,Re,tree21.log,yes,0.05,10
7.987105894355166,10.790370642319084,14.522519103383392,ReMultiplier,tree21,no,0.05,10
0.036263590665373636,0.0636973025049718,0.09153031360921586,SSFrac,tree21,no,0.05,10
1.5169550977493687,1.6218617606939274,1.7405490050132502,Re,tree21,no,0.05,10
7.812058451460695,10.662882666192631,13.115242645187775,ReMultiplier,tree22.log,yes,0.05,10
0.04049384065685179,0.05383086805157828,0.06719739523294241,SSFrac,tree22.log,yes,0.05,10
1.435329047548374,1.5539362130509797,1.6607853231100023,Re,tree22.log,yes,0.05,10
8.414409080018523,10.40720837004152,13.72805986576726,ReMultiplier,tree22,no,0.05,10
0.032724726003554354,0.05463876538502566,0.07804856696100972,SSFrac,tree22,no,0.05,10
1.449003530117234,1.552611373683866,1.6652628424371254,Re,tree22,no,0.05,10
6.951393458550964,10.316304573579835,15.116915022976752,ReMultiplier,tree23.log,yes,0.05,10
0.05219869015932587,0.0701822135447476,0.08774144361025617,SSFrac,tree23.log,yes,0.05,10
1.4410901573786672,1.5538651309606673,1.6535020353117258,Re,tree23.log,yes,0.05,10
6.39004969977049,9.822026738399412,15.405663839408028,ReMultiplier,tree23,no,0.05,10
0.05565417472769664,0.09171784986730053,0.13555248537548303,SSFrac,tree23,no,0.05,10
1.4625497844398612,1.5630791989238462,1.6915049065033667,Re,tree23,no,0.05,10
7.332015440092831,10.03117571621713,12.813245762358415,ReMultiplier,tree24.log,yes,0.05,10
0.03966933287604797,0.057094539299324704,0.07293049867955964,SSFrac,tree24.log,yes,0.05,10
1.3334097470055677,1.4326795658871543,1.5398301269810184,Re,tree24.log,yes,0.05,10
7.393333879754793,9.994832576508678,13.019539475130008,ReMultiplier,tree24,no,0.05,10
0.0405248560161133,0.06888115313471853,0.10084722953692592,SSFrac,tree24,no,0.05,10
1.3320642632191013,1.4402139237971243,1.5411890099249739,Re,tree24,no,0.05,10
8.476872538793797,10.881423450550837,13.975714278721682,ReMultiplier,tree25.log,yes,0.05,10
0.044367426716736026,0.05852600998312013,0.07349219002952292,SSFrac,tree25.log,yes,0.05,10
1.3910495209609526,1.4958739394234783,1.6101869170900613,Re,tree25.log,yes,0.05,10
8.031781925804868,10.80975954999402,13.70950225897625,ReMultiplier,tree25,no,0.05,10
0.044513753613182855,0.06731973245721923,0.10086390314692988,SSFrac,tree25,no,0.05,10
1.3948384152445785,1.5042108095420907,1.6113173061447823,Re,tree25,no,0.05,10
7.207112312474047,9.320277340574545,11.90152369608788,ReMultiplier,tree26.log,yes,0.05,10
0.03815576494162369,0.054713669283208914,0.06951951602442155,SSFrac,tree26.log,yes,0.05,10
1.4451258174033854,1.5399264940774902,1.6449439984875125,Re,tree26.log,yes,0.05,10
7.223987456349153,9.456335976497,12.079745976593271,ReMultiplier,tree26,no,0.05,10
0.028378447860413842,0.05257758569835165,0.08014197335254188,SSFrac,tree26,no,0.05,10
1.4249016257407867,1.5322965183725283,1.6395344515170245,Re,tree26,no,0.05,10
7.424511764298185,9.274626014543813,11.735549944996466,ReMultiplier,tree27.log,yes,0.05,10
0.04360729622583843,0.05753279704071997,0.07576008799813792,SSFrac,tree27.log,yes,0.05,10
1.3996375773061507,1.4940788868181898,1.6079834042053094,Re,tree27.log,yes,0.05,10
7.321737518768468,9.423327307105378,12.064398360772415,ReMultiplier,tree27,no,0.05,10
0.0244654433346078,0.04365433808715348,0.06630642171059217,SSFrac,tree27,no,0.05,10
1.3749005981491884,1.48075579315209,1.5821527024293267,Re,tree27,no,0.05,10
8.818497852071475,11.112336274190419,13.642543251752448,ReMultiplier,tree28.log,yes,0.05,10
0.02619836945591601,0.03737649587192969,0.05104751460666242,SSFrac,tree28.log,yes,0.05,10
1.3834087133780073,1.474123760631956,1.572336079664877,Re,tree28.log,yes,0.05,10
8.997493030008426,11.476645224018142,14.1335870054635,ReMultiplier,tree28,no,0.05,10
0.01836011554513041,0.032354858060532635,0.05082521693659057,SSFrac,tree28,no,0.05,10
1.3626820621096947,1.4641124334058926,1.5655478986734224,Re,tree28,no,0.05,10
8.004274804004087,9.834470775771997,12.323445491687185,ReMultiplier,tree29.log,yes,0.05,10
0.03535375006691873,0.0485859945617721,0.06526807244724027,SSFrac,tree29.log,yes,0.05,10
1.3584187971835189,1.4628492400503035,1.5744942639478714,Re,tree29.log,yes,0.05,10
7.9878136351169395,10.666152715329497,13.119590987367177,ReMultiplier,tree29,no,0.05,10
0.022234826834642667,0.03578625220694222,0.05466171656507485,SSFrac,tree29,no,0.05,10
1.3446109380314193,1.4501630723542047,1.5612845916698068,Re,tree29,no,0.05,10
8.213606528124593,10.302158495294108,13.327671004391192,ReMultiplier,tree2.log,yes,0.05,10
0.0352378339820596,0.04898080089750035,0.06344388574097759,SSFrac,tree2.log,yes,0.05,10
1.4104717921205805,1.5109407575595943,1.6124352161091013,Re,tree2.log,yes,0.05,10
6.9607367632135695,9.805217648591722,12.684819881273075,ReMultiplier,tree2,no,0.05,10
0.04616532620359939,0.06953895840027668,0.10635340519094458,SSFrac,tree2,no,0.05,10
1.4139768146787917,1.5123189146337879,1.6082318461630505,Re,tree2,no,0.05,10
6.7611518436473625,8.633401976523025,10.875263966606973,ReMultiplier,tree30.log,yes,0.05,10
0.042527587234642804,0.058882456359645424,0.07545290314321058,SSFrac,tree30.log,yes,0.05,10
1.41667132630522,1.5202624452262286,1.6272977679309397,Re,tree30.log,yes,0.05,10
6.804208711236698,8.985652757710053,11.283699759508725,ReMultiplier,tree30,no,0.05,10
0.027357861308660032,0.04677964577831281,0.0766536264934687,SSFrac,tree30,no,0.05,10
1.4091636006100978,1.513402884553799,1.6134140269927137,Re,tree30,no,0.05,10
9.280253196548038,11.353444689104327,14.536957017723076,ReMultiplier,tree31.log,yes,0.05,10
0.03313745920035921,0.04470751505385432,0.058250018415035756,SSFrac,tree31.log,yes,0.05,10
1.4536105496714935,1.5477160370778469,1.6652049511568472,Re,tree31.log,yes,0.05,10
8.54990002442205,11.411471468660242,14.014979889708831,ReMultiplier,tree31,no,0.05,10
0.024991794777181556,0.04037760170966663,0.05900313544933866,SSFrac,tree31,no,0.05,10
1.4319210212125577,1.5377162953618626,1.6422662691243786,Re,tree31,no,0.05,10
7.730681748660108,10.288630228475071,12.780498577718209,ReMultiplier,tree32.log,yes,0.05,10
0.030109779924044858,0.04353442701259304,0.058931810718978184,SSFrac,tree32.log,yes,0.05,10
1.4390036033657894,1.5469180037724166,1.654584056155662,Re,tree32.log,yes,0.05,10
7.738582017097455,10.470443045889215,13.148964674248873,ReMultiplier,tree32,no,0.05,10
0.026307118359071437,0.047227679852325455,0.07287150691325056,SSFrac,tree32,no,0.05,10
1.435053696356282,1.536283558473614,1.6542758382951386,Re,tree32,no,0.05,10
7.036035121121314,8.866805949475658,11.098274599302648,ReMultiplier,tree33.log,yes,0.05,10
0.036807421462370135,0.053230883369446313,0.06725844203175493,SSFrac,tree33.log,yes,0.05,10
1.3549552712435906,1.4640192924959279,1.5783719244478052,Re,tree33.log,yes,0.05,10
6.793084077580062,8.702655104057333,11.166219045930962,ReMultiplier,tree33,no,0.05,10
0.04344261434359602,0.07105724012050302,0.11506058720645386,SSFrac,tree33,no,0.05,10
1.3615764280980145,1.4729966414505347,1.5819762089434843,Re,tree33,no,0.05,10
9.07875951034748,11.378330897625677,14.382227453432826,ReMultiplier,tree34.log,yes,0.05,10
0.035637133366148474,0.04735198943390816,0.06165813433929537,SSFrac,tree34.log,yes,0.05,10
1.4117445542546978,1.523246704767228,1.6286173245681543,Re,tree34.log,yes,0.05,10
8.545704353761185,11.272605054764103,14.05021350691482,ReMultiplier,tree34,no,0.05,10
0.02766461767910365,0.04389522017998937,0.06277529684294611,SSFrac,tree34,no,0.05,10
1.3975900738627032,1.4998435927460374,1.6062157793050675,Re,tree34,no,0.05,10
8.633757154741435,11.295262922247872,13.993953184599746,ReMultiplier,tree35.log,yes,0.05,10
0.035154807495424094,0.04947397166539074,0.06409655877053566,SSFrac,tree35.log,yes,0.05,10
1.375874684371358,1.4784411211390205,1.612268847268665,Re,tree35.log,yes,0.05,10
8.357704329058828,10.808996519038386,13.281811724098096,ReMultiplier,tree35,no,0.05,10
0.032995670292736465,0.050779938256804984,0.07726859061778281,SSFrac,tree35,no,0.05,10
1.3744867258697997,1.4755140144945522,1.5862659004106763,Re,tree35,no,0.05,10
7.21233810682794,9.490570293443373,11.560661890559748,ReMultiplier,tree36.log,yes,0.05,10
0.036354274039474485,0.05129187936928702,0.06736715514993524,SSFrac,tree36.log,yes,0.05,10
1.4329704471491063,1.534602794622266,1.6517191505430442,Re,tree36.log,yes,0.05,10
7.3346360746181,9.18713153396898,11.524419229998845,ReMultiplier,tree36,no,0.05,10
0.031228734037534397,0.051140370565350785,0.07663866267347227,SSFrac,tree36,no,0.05,10
1.4345150277741512,1.5354066734290286,1.644012144629245,Re,tree36,no,0.05,10
6.666203300270698,8.761805877208634,10.967889955150499,ReMultiplier,tree37.log,yes,0.05,10
0.03578515972135751,0.050651997405238736,0.06551883382405575,SSFrac,tree37.log,yes,0.05,10
1.4225558071902877,1.528869663499158,1.6231228717461121,Re,tree37.log,yes,0.05,10
6.76701571981574,8.498059569009145,10.918992019947126,ReMultiplier,tree37,no,0.05,10
0.038042869454216616,0.06495176375599826,0.10573790491314847,SSFrac,tree37,no,0.05,10
1.4248204286555948,1.5272091398528795,1.655275379440441,Re,tree37,no,0.05,10
7.041499811790003,9.096050282155943,11.416895112737148,ReMultiplier,tree38.log,yes,0.05,10
0.04069028466980721,0.05830771464593955,0.07545271084714489,SSFrac,tree38.log,yes,0.05,10
1.3244351876411529,1.4233399979135402,1.5255449841586048,Re,tree38.log,yes,0.05,10
6.675402764631241,8.523091696206745,11.19964614947046,ReMultiplier,tree38,no,0.05,10
0.03582137130430067,0.06832630785234946,0.10892587919190717,SSFrac,tree38,no,0.05,10
1.433055174188448,1.5324938006849036,1.6414103573431225,Re,tree38,no,0.05,10
7.188562795580939,9.103510749407153,11.841535167225869,ReMultiplier,tree39.log,yes,0.05,10
0.04197647893899104,0.06036703778407404,0.07572979158485516,SSFrac,tree39.log,yes,0.05,10
1.5281255989669482,1.6295242379897115,1.7461573884866308,Re,tree39.log,yes,0.05,10
7.263962945326947,9.259678332805375,11.98103909052827,ReMultiplier,tree39,no,0.05,10
0.03192705208405437,0.050924729755354316,0.07435347624993857,SSFrac,tree39,no,0.05,10
1.5285788373185571,1.6271972605009046,1.764557255494315,Re,tree39,no,0.05,10
8.56564675028844,11.08127313132843,13.467031045518047,ReMultiplier,tree3.log,yes,0.05,10
0.03099326457174159,0.04317369362558839,0.05684886378704761,SSFrac,tree3.log,yes,0.05,10
1.3003165006914899,1.4094454785130082,1.512027375724433,Re,tree3.log,yes,0.05,10
9.185818936952348,11.980969514236905,14.44894618796755,ReMultiplier,tree3,no,0.05,10
0.019522467429899833,0.03167950500637226,0.048906912815749035,SSFrac,tree3,no,0.05,10
1.2817257909450106,1.3859147799990992,1.4804244056882645,Re,tree3,no,0.05,10
5.9000768789942635,7.9924457249547665,9.700237893732053,ReMultiplier,tree40.log,yes,0.05,10
0.03334913859520799,0.050049651534846654,0.06514848488934795,SSFrac,tree40.log,yes,0.05,10
1.4084189549125343,1.5133605261421534,1.6083693315872722,Re,tree40.log,yes,0.05,10
5.966766699540279,8.035688684658716,10.223745323888055,ReMultiplier,tree40,no,0.05,10
0.017768191167971653,0.038044479342246924,0.06909849925317768,SSFrac,tree40,no,0.05,10
1.4104344220760758,1.5093266057432095,1.6123231881717939,Re,tree40,no,0.05,10
7.160921141492592,9.258222854499044,11.762300767247963,ReMultiplier,tree41.log,yes,0.05,10
0.047597648006661455,0.06366785881951502,0.08101628134096608,SSFrac,tree41.log,yes,0.05,10
1.3365075536628919,1.437528703103456,1.527766789055724,Re,tree41.log,yes,0.05,10
7.130026438229712,9.391178670898249,12.075236397303138,ReMultiplier,tree41,no,0.05,10
0.03640160668046861,0.058426141877285925,0.08604400430738716,SSFrac,tree41,no,0.05,10
1.3323281202615502,1.4231075911338738,1.5175354142600859,Re,tree41,no,0.05,10
6.277490255132684,8.477383986834019,10.617388249746671,ReMultiplier,tree42.log,yes,0.05,10
0.03200863677997693,0.047649785996520096,0.0649074711269007,SSFrac,tree42.log,yes,0.05,10
1.3876453231701589,1.4991745047872078,1.6122344493930127,Re,tree42.log,yes,0.05,10
6.021228860205242,8.17785123669653,10.416926559965503,ReMultiplier,tree42,no,0.05,10
0.04375495628559961,0.07993947374127786,0.11822030285947653,SSFrac,tree42,no,0.05,10
1.4299452148392624,1.532600672022721,1.6502856820548917,Re,tree42,no,0.05,10
6.928700712027898,8.863324492781313,11.209172264466762,ReMultiplier,tree43.log,yes,0.05,10
0.037133340918249554,0.05378268563929534,0.06898277457355843,SSFrac,tree43.log,yes,0.05,10
1.3964357582653455,1.5016972073617447,1.597440096153476,Re,tree43.log,yes,0.05,10
6.82995637283438,8.95524861906359,11.68992221228809,ReMultiplier,tree43,no,0.05,10
0.029417172718137905,0.055300927398271756,0.0909425140696907,SSFrac,tree43,no,0.05,10
1.3930781983141036,1.4957855615686735,1.5986747797602998,Re,tree43,no,0.05,10
7.201359609831098,9.349781726649413,11.89352645284303,ReMultiplier,tree44.log,yes,0.05,10
0.043046724294290656,0.057756735160720316,0.07414880985024237,SSFrac,tree44.log,yes,0.05,10
1.5151303456858332,1.6334158148240905,1.7406721120759263,Re,tree44.log,yes,0.05,10
7.132131219016333,9.265576677493922,12.268740627279831,ReMultiplier,tree44,no,0.05,10
0.039651564458872926,0.06468834581317434,0.0986816648760797,SSFrac,tree44,no,0.05,10
1.5208013629665103,1.6372999302108198,1.7457930901988339,Re,tree44,no,0.05,10
6.343824452774061,8.017397052676813,9.973649697444799,ReMultiplier,tree45.log,yes,0.05,10
0.03262495237236276,0.047616061720632104,0.06496836320921127,SSFrac,tree45.log,yes,0.05,10
1.4420972438700241,1.550767246151553,1.6610697383764776,Re,tree45.log,yes,0.05,10
6.262772223482938,8.245025399264147,10.496393866438455,ReMultiplier,tree45,no,0.05,10
0.01921848305234113,0.04275317635864467,0.08022440510467115,SSFrac,tree45,no,0.05,10
1.4393132196500475,1.5361088739133997,1.6577589504458137,Re,tree45,no,0.05,10
7.0562521468181165,9.156948965988473,11.590183770763105,ReMultiplier,tree46.log,yes,0.05,10
0.04451504597357846,0.059804864469080454,0.07762774549776126,SSFrac,tree46.log,yes,0.05,10
1.4595874653987952,1.5785472010403487,1.6991252746436398,Re,tree46.log,yes,0.05,10
6.289674755554448,8.626232058915756,11.320319757643885,ReMultiplier,tree46,no,0.05,10
0.048718412487543675,0.08177894253247489,0.12973736130580907,SSFrac,tree46,no,0.05,10
1.4745385820226313,1.5845719972044932,1.7050079489562815,Re,tree46,no,0.05,10
7.9681933740731985,10.1105913173414,13.145593603408088,ReMultiplier,tree47.log,yes,0.05,10
0.04495184068571332,0.06070573247836725,0.07811038814620758,SSFrac,tree47.log,yes,0.05,10
1.3952338749956903,1.4868653905346974,1.6124609340620006,Re,tree47.log,yes,0.05,10
7.68746098345809,10.21679902915459,13.14821901708011,ReMultiplier,tree47,no,0.05,10
0.035937680011174734,0.05897249361648165,0.08472223248824914,SSFrac,tree47,no,0.05,10
1.3754588990854026,1.4824795234544172,1.5864556654330089,Re,tree47,no,0.05,10
8.982373909802279,11.17621691776865,13.832891975526817,ReMultiplier,tree48.log,yes,0.05,10
0.03915434029554083,0.051747883134736744,0.06698596891330479,SSFrac,tree48.log,yes,0.05,10
1.3896116776959369,1.5064027390276122,1.620493091266391,Re,tree48.log,yes,0.05,10
9.04852541860181,11.493923081191303,14.494271416751527,ReMultiplier,tree48,no,0.05,10
0.02681653198541389,0.04158095572407912,0.06170506622310031,SSFrac,tree48,no,0.05,10
1.391980345826844,1.4979902404099246,1.5932026876712857,Re,tree48,no,0.05,10
7.909517336304328,10.117448711081751,12.955902825080688,ReMultiplier,tree49.log,yes,0.05,10
0.03336466321516395,0.04828122706515314,0.06297596810103503,SSFrac,tree49.log,yes,0.05,10
1.3955150014757591,1.4930800924455563,1.5950128108508446,Re,tree49.log,yes,0.05,10
7.056645550876426,9.472926934508433,12.202966642743547,ReMultiplier,tree49,no,0.05,10
0.03893571137414786,0.06197261216523717,0.09332104928763679,SSFrac,tree49,no,0.05,10
1.3891081518014936,1.5076339676398756,1.6119672372963176,Re,tree49,no,0.05,10
6.790045032000682,8.909277514300744,11.074688139878802,ReMultiplier,tree4.log,yes,0.05,10
0.039638315491093964,0.056049705017819806,0.0721662530403373,SSFrac,tree4.log,yes,0.05,10
1.4670241897148382,1.5749526754639072,1.6763904254950643,Re,tree4.log,yes,0.05,10
6.834387035434259,8.730440551759319,11.076565397525844,ReMultiplier,tree4,no,0.05,10
0.028583449059016525,0.05108911086754396,0.07982711718029276,SSFrac,tree4,no,0.05,10
1.4565338257578901,1.55479437826333,1.6584152728074517,Re,tree4,no,0.05,10
7.449992399842727,9.681561553212397,12.325155504595578,ReMultiplier,tree50.log,yes,0.05,10
0.03015802352820011,0.04479334383855832,0.05967853954505027,SSFrac,tree50.log,yes,0.05,10
1.3512215023014047,1.432189389232182,1.5258898440432318,Re,tree50.log,yes,0.05,10
7.907880996432972,10.143261992974153,12.470358873731577,ReMultiplier,tree50,no,0.05,10
0.024117962849397045,0.040374598635369435,0.06625558379583336,SSFrac,tree50,no,0.05,10
1.323979880926052,1.4243087491663504,1.5181305377783922,Re,tree50,no,0.05,10
7.422637951641531,9.86753407842892,12.855945588409938,ReMultiplier,tree51.log,yes,0.05,10
0.05258413951118872,0.06897614891828513,0.08604137919695133,SSFrac,tree51.log,yes,0.05,10
1.4659151738427234,1.5717191831660453,1.6669024396128405,Re,tree51.log,yes,0.05,10
7.684595115382397,10.409418848008617,13.790390833092586,ReMultiplier,tree51,no,0.05,10
0.04061490239881943,0.05966171218113338,0.08648647260145698,SSFrac,tree51,no,0.05,10
1.4517914757440125,1.557596925610012,1.6595811667405747,Re,tree51,no,0.05,10
6.912851059256631,9.122208949084513,11.644646312814762,ReMultiplier,tree52.log,yes,0.05,10
0.04446843523689705,0.05878385348507774,0.07874467459142856,SSFrac,tree52.log,yes,0.05,10
1.4721562134284731,1.5754137337316012,1.6749284809639189,Re,tree52.log,yes,0.05,10
6.658677762895196,9.245527161542883,11.446434568964504,ReMultiplier,tree52,no,0.05,10
0.023668719667549236,0.04972101228556,0.07810394237589739,SSFrac,tree52,no,0.05,10
1.4611393315254435,1.5646863004619376,1.6764010613786176,Re,tree52,no,0.05,10
7.905438657052812,10.367723973150994,12.590503723645355,ReMultiplier,tree53.log,yes,0.05,10
0.03437520248634339,0.045419826690144785,0.057193830366013505,SSFrac,tree53.log,yes,0.05,10
1.3832926362617142,1.502179767348284,1.5934674278385161,Re,tree53.log,yes,0.05,10
8.255469546007348,10.587377456976585,13.315385452010776,ReMultiplier,tree53,no,0.05,10
0.02761733778060788,0.04538569022316373,0.06698272181730748,SSFrac,tree53,no,0.05,10
1.3962315758510817,1.5046578112462168,1.5926012387316837,Re,tree53,no,0.05,10
7.276627379046592,9.186561654472353,11.8576357655455,ReMultiplier,tree54.log,yes,0.05,10
0.0367939524772559,0.05085156636738645,0.06768719241084546,SSFrac,tree54.log,yes,0.05,10
1.454412913917532,1.5575929099632795,1.6677526623989725,Re,tree54.log,yes,0.05,10
7.238231007314377,9.506834868380825,12.344991956311231,ReMultiplier,tree54,no,0.05,10
0.030020227148507113,0.04618231201833909,0.06986906764172617,SSFrac,tree54,no,0.05,10
1.4565293515233684,1.539107147959561,1.6422163416470372,Re,tree54,no,0.05,10
6.697435860512417,8.511231066373352,10.735453029406779,ReMultiplier,tree55.log,yes,0.05,10
0.04280993713786822,0.057649529573323796,0.07454787181316151,SSFrac,tree55.log,yes,0.05,10
1.4230012788761959,1.5194980754368026,1.6234275010225363,Re,tree55.log,yes,0.05,10
6.368252792497616,8.797621589570502,11.250787270915929,ReMultiplier,tree55,no,0.05,10
0.03938733358931968,0.06314970585974077,0.09341598205597856,SSFrac,tree55,no,0.05,10
1.4225437795346128,1.5247819319522584,1.6289598631538262,Re,tree55,no,0.05,10
7.895782699664702,10.090938513142994,12.498645024911225,ReMultiplier,tree56.log,yes,0.05,10
0.040873385556660806,0.05462945729885552,0.07161672799621305,SSFrac,tree56.log,yes,0.05,10
1.5006580039440014,1.61856261898766,1.7125665674630108,Re,tree56.log,yes,0.05,10
8.32301756761401,10.417971370167674,13.128353677239344,ReMultiplier,tree56,no,0.05,10
0.031015149270689275,0.046940876406321844,0.06941657059401253,SSFrac,tree56,no,0.05,10
1.516173452952213,1.6092610003952705,1.7201769013070742,Re,tree56,no,0.05,10
6.884469888418812,9.104029106066527,11.354461793357777,ReMultiplier,tree57.log,yes,0.05,10
0.04408845549198208,0.06126517774713863,0.07793635460515488,SSFrac,tree57.log,yes,0.05,10
1.359017468905115,1.4524457308993122,1.5659663515905375,Re,tree57.log,yes,0.05,10
7.157849064977392,9.020207823027341,11.375006187131305,ReMultiplier,tree57,no,0.05,10
0.03669610894880096,0.0575386693637682,0.0885747535430143,SSFrac,tree57,no,0.05,10
1.3613997347809488,1.4620781467213169,1.5719577120377048,Re,tree57,no,0.05,10
6.874705018643199,8.568669008290739,10.730250803001406,ReMultiplier,tree58.log,yes,0.05,10
0.027138480550293897,0.04053953673333957,0.053402442544597716,SSFrac,tree58.log,yes,0.05,10
1.2902784338951871,1.3867484682996927,1.47283525584653,Re,tree58.log,yes,0.05,10
7.198342119588603,9.218041875956356,11.716182433588273,ReMultiplier,tree58,no,0.05,10
0.016856567756058486,0.03309980421202231,0.0521269482505724,SSFrac,tree58,no,0.05,10
1.2915139669076876,1.3786305446963953,1.4713197062931074,Re,tree58,no,0.05,10
7.190254089074662,9.300698490952174,11.588357642296945,ReMultiplier,tree59.log,yes,0.05,10
0.03540532998523445,0.0486864141078255,0.06569486664225357,SSFrac,tree59.log,yes,0.05,10
1.4318524012038303,1.5381807743950646,1.6572531370505583,Re,tree59.log,yes,0.05,10
8.162403537491091,10.4852018499563,13.593471434044137,ReMultiplier,tree59,no,0.05,10
0.032379027425136424,0.04812208569717038,0.07184604315827064,SSFrac,tree59,no,0.05,10
1.3970587116832722,1.5095609802797076,1.6057323751360078,Re,tree59,no,0.05,10
8.619964762737307,10.862636780214704,13.75984584542479,ReMultiplier,tree5.log,yes,0.05,10
0.03651798388494363,0.049043202098380215,0.06410404569560471,SSFrac,tree5.log,yes,0.05,10
1.3634087367699874,1.4551086117563226,1.5543463585436728,Re,tree5.log,yes,0.05,10
9.186354362440412,11.845225287006464,14.809203356047888,ReMultiplier,tree5,no,0.05,10
0.02200296792197845,0.03582808549876533,0.051510698696881324,SSFrac,tree5,no,0.05,10
1.3312360483009402,1.4402582095538095,1.5456025632896953,Re,tree5,no,0.05,10
6.7489182347597065,8.34501104426864,10.465269258056582,ReMultiplier,tree60.log,yes,0.05,10
0.031581835168223285,0.045723773227526264,0.06221815675199787,SSFrac,tree60.log,yes,0.05,10
1.4032675711237126,1.493614794263314,1.6080500920315888,Re,tree60.log,yes,0.05,10
5.820524601258606,8.251846885434208,10.189688000910888,ReMultiplier,tree60,no,0.05,10
0.023468606553433483,0.044839854826098015,0.07978513233539893,SSFrac,tree60,no,0.05,10
1.3823483741665112,1.484895386374979,1.5860104388617111,Re,tree60,no,0.05,10
7.373733779190004,9.410390413834321,11.602379528875494,ReMultiplier,tree61.log,yes,0.05,10
0.034145584971333326,0.04850686018924959,0.06293685958717886,SSFrac,tree61.log,yes,0.05,10
1.3947461915669965,1.5005260998995618,1.6084516152608805,Re,tree61.log,yes,0.05,10
6.52694125757191,9.038962137275984,11.378502427035823,ReMultiplier,tree61,no,0.05,10
0.03483667662838131,0.05982948183950495,0.09014705672733167,SSFrac,tree61,no,0.05,10
1.3941048703888552,1.503526234629269,1.6025577381981453,Re,tree61,no,0.05,10
7.834767413469657,9.791811052237971,12.06632787481395,ReMultiplier,tree62.log,yes,0.05,10
0.03400451022251998,0.04687445097682516,0.06110676242423496,SSFrac,tree62.log,yes,0.05,10
1.3608843344080954,1.4526802956133178,1.57013716647596,Re,tree62.log,yes,0.05,10
7.788739678538531,9.842641098776767,12.389578999430777,ReMultiplier,tree62,no,0.05,10
0.021768753833528214,0.04111545870601509,0.05937241270835179,SSFrac,tree62,no,0.05,10
1.3495680278185493,1.4507828438283696,1.5461307048058381,Re,tree62,no,0.05,10
8.424494336419981,10.708352181241139,13.431690999343981,ReMultiplier,tree63.log,yes,0.05,10
0.02753903341216953,0.039402729439582895,0.052830315651519716,SSFrac,tree63.log,yes,0.05,10
1.3481977946389838,1.437992654574995,1.5388794965883656,Re,tree63.log,yes,0.05,10
9.897148509689975,13.020311077033574,16.566405657018272,ReMultiplier,tree63,no,0.05,10
0.035551079103508534,0.05105868383557501,0.07107340571036873,SSFrac,tree63,no,0.05,10
1.4133102185324398,1.5162177445630534,1.6174832087632431,Re,tree63,no,0.05,10
8.073318444997867,10.240818543994612,12.796283878602555,ReMultiplier,tree64.log,yes,0.05,10
0.03396459636944998,0.046836964089546775,0.06072648076200951,SSFrac,tree64.log,yes,0.05,10
1.4508621032334934,1.5502113750724733,1.649696086845475,Re,tree64.log,yes,0.05,10
7.778231408399101,10.089351178543264,12.864793168753934,ReMultiplier,tree64,no,0.05,10
0.02960220524268932,0.05007811099238326,0.07444364342933885,SSFrac,tree64,no,0.05,10
1.4698584827046608,1.5664904915533424,1.6725237133620827,Re,tree64,no,0.05,10
7.287082058587308,9.145888410605014,11.65979247764294,ReMultiplier,tree65.log,yes,0.05,10
0.031718277999887655,0.047903457167132554,0.06300663701637015,SSFrac,tree65.log,yes,0.05,10
1.4439155873870395,1.5391310504716444,1.6548519311711904,Re,tree65.log,yes,0.05,10
7.055243580664723,9.218929876895686,11.338189991549013,ReMultiplier,tree65,no,0.05,10
0.025447842257122686,0.04727069029941276,0.0754342366663496,SSFrac,tree65,no,0.05,10
1.4294373180837667,1.5382799904618212,1.648564568206454,Re,tree65,no,0.05,10
7.958238031534691,10.067689517694852,12.559295486163673,ReMultiplier,tree66.log,yes,0.05,10
0.03224181034677612,0.04656807095185758,0.05898828659298906,SSFrac,tree66.log,yes,0.05,10
1.3821008456318136,1.4713967383191033,1.5719941392262793,Re,tree66.log,yes,0.05,10
8.237172112167492,10.367634643844768,13.105360938870309,ReMultiplier,tree66,no,0.05,10
0.01866967096407149,0.03713969991467673,0.05836579078671769,SSFrac,tree66,no,0.05,10
1.3591116509730705,1.4609263481750359,1.5588370901579791,Re,tree66,no,0.05,10
9.7790334049026,12.34655799809884,15.508759741277618,ReMultiplier,tree67.log,yes,0.05,10
0.03640199117396919,0.048899746873076494,0.06294099619167566,SSFrac,tree67.log,yes,0.05,10
1.345155908067228,1.4628767152484243,1.5628907207534415,Re,tree67.log,yes,0.05,10
9.883764035590444,12.488251768213878,15.54780278963933,ReMultiplier,tree67,no,0.05,10
0.03048973664049031,0.04549020490336361,0.06176107531410087,SSFrac,tree67,no,0.05,10
1.3462006271649687,1.4504007275178177,1.5576033090757293,Re,tree67,no,0.05,10
7.9569593238896745,10.020659865973556,12.37618691678742,ReMultiplier,tree68.log,yes,0.05,10
0.03221359541345816,0.04594239037854144,0.06032995817504748,SSFrac,tree68.log,yes,0.05,10
1.3931216679183354,1.5094391758670205,1.6192670799521296,Re,tree68.log,yes,0.05,10
7.7612593391475215,9.767196248225762,12.62184907958171,ReMultiplier,tree68,no,0.05,10
0.03371926680835499,0.05398061223790826,0.07752391563227252,SSFrac,tree68,no,0.05,10
1.3915461542297414,1.502459174301404,1.6171810140476173,Re,tree68,no,0.05,10
8.24902671950944,10.41653008255707,12.72890058377593,ReMultiplier,tree69.log,yes,0.05,10
0.03248170126861291,0.045541203447562545,0.061394005319790355,SSFrac,tree69.log,yes,0.05,10
1.393482915713482,1.5034722369674416,1.6049373220960421,Re,tree69.log,yes,0.05,10
8.314636338382043,10.385612747271871,12.854992946171642,ReMultiplier,tree69,no,0.05,10
0.027113558565656413,0.047607493243529406,0.07127189496033799,SSFrac,tree69,no,0.05,10
1.3795353287177061,1.4891446870335778,1.5907039463436297,Re,tree69,no,0.05,10
8.548678867484774,10.895497722861831,14.565827162816593,ReMultiplier,tree6.log,yes,0.05,10
0.0485307978396299,0.06438621967631744,0.08336685566163171,SSFrac,tree6.log,yes,0.05,10
1.4181165894028949,1.5429865544466819,1.644720199734221,Re,tree6.log,yes,0.05,10
8.385640515547498,10.892082877867459,14.424698736337616,ReMultiplier,tree6,no,0.05,10
0.03878936077685557,0.0606455330301731,0.08629082587584606,SSFrac,tree6,no,0.05,10
1.4296927619055628,1.5439222163674335,1.6661744412902528,Re,tree6,no,0.05,10
9.047288980938426,11.241555337826979,14.216929323077919,ReMultiplier,tree70.log,yes,0.05,10
0.027759060641057837,0.039668088127295005,0.0538036867420445,SSFrac,tree70.log,yes,0.05,10
1.3651006810396356,1.4802813942424387,1.5801060457896374,Re,tree70.log,yes,0.05,10
8.21987006177329,10.72131653483573,13.361516415913497,ReMultiplier,tree70,no,0.05,10
0.03221047237537182,0.052696675059853745,0.07532959832023835,SSFrac,tree70,no,0.05,10
1.3987221408240138,1.495505513204799,1.6011452134306907,Re,tree70,no,0.05,10
6.6571174508183715,8.6200933161139,10.53029955834214,ReMultiplier,tree71.log,yes,0.05,10
0.03498061847048168,0.049520626891775596,0.06564663365816839,SSFrac,tree71.log,yes,0.05,10
1.3948962555525666,1.5175516580265072,1.6313376324622515,Re,tree71.log,yes,0.05,10
6.593210887099603,8.543059668567748,10.499514043579032,ReMultiplier,tree71,no,0.05,10
0.030072188804461067,0.054315917946840715,0.07891630756507076,SSFrac,tree71,no,0.05,10
1.417678235810002,1.5243942219604285,1.6395057983122547,Re,tree71,no,0.05,10
6.728220371872491,8.672644621213188,10.785011264029714,ReMultiplier,tree72.log,yes,0.05,10
0.03631997673034095,0.04933813281793995,0.0660644527535682,SSFrac,tree72.log,yes,0.05,10
1.379845746118489,1.4792159400546734,1.5731476295760947,Re,tree72.log,yes,0.05,10
7.025014940751618,8.85451111386648,11.7299005711165,ReMultiplier,tree72,no,0.05,10
0.03551599277580647,0.0628662428139766,0.0982321883780434,SSFrac,tree72,no,0.05,10
1.3537211703061574,1.4448089640623805,1.5444042239771598,Re,tree72,no,0.05,10
6.686099014058097,9.081863182267185,11.578039653594441,ReMultiplier,tree73.log,yes,0.05,10
0.03937338254232358,0.053005228603248786,0.06712355107462993,SSFrac,tree73.log,yes,0.05,10
1.37517240995056,1.4626523763222958,1.5636121174194293,Re,tree73.log,yes,0.05,10
6.731694066117906,9.52765132038656,13.716720296783286,ReMultiplier,tree73,no,0.05,10
0.04915188898965492,0.08546939850852028,0.12699106221923603,SSFrac,tree73,no,0.05,10
1.4516441623594905,1.5602988431899092,1.6715573835084625,Re,tree73,no,0.05,10
7.639294861783694,10.637317608193964,14.356701209028309,ReMultiplier,tree74.log,yes,0.05,10
0.042303629006555966,0.05715965951143534,0.07293631494210402,SSFrac,tree74.log,yes,0.05,10
1.4702059220476529,1.5900404623517175,1.688955616263585,Re,tree74.log,yes,0.05,10
7.475219663119379,9.832317792642806,12.667098785728802,ReMultiplier,tree74,no,0.05,10
0.033454679295993404,0.05620368411458931,0.08210651395320379,SSFrac,tree74,no,0.05,10
1.4189173148520962,1.5258953004109839,1.6307712755269057,Re,tree74,no,0.05,10
8.95495108673898,11.974801306820588,15.54520802298769,ReMultiplier,tree75.log,yes,0.05,10
0.0393600997925863,0.05339886156100282,0.06733702038985143,SSFrac,tree75.log,yes,0.05,10
1.3514509108016235,1.4636442464223292,1.5759252362827474,Re,tree75.log,yes,0.05,10
8.896711540708196,12.02680470164658,15.344270185743575,ReMultiplier,tree75,no,0.05,10
0.035852623353568876,0.05934552130492634,0.0818594556391164,SSFrac,tree75,no,0.05,10
1.3748375291684427,1.4698228594528433,1.5740065287646337,Re,tree75,no,0.05,10
8.413230412296269,10.560507724162497,13.532908784626917,ReMultiplier,tree76.log,yes,0.05,10
0.03894231034021071,0.05070774025016693,0.06446044316131413,SSFrac,tree76.log,yes,0.05,10
1.4423378157503468,1.5387446694157234,1.6583254481353302,Re,tree76.log,yes,0.05,10
8.151809479626404,10.449911841149879,13.216281468979382,ReMultiplier,tree76,no,0.05,10
0.029888391017484566,0.04736507371851308,0.06502318609891969,SSFrac,tree76,no,0.05,10
1.44068738863392,1.5374184110516482,1.6402671003133655,Re,tree76,no,0.05,10
7.483495091868801,9.635464751590064,12.47391181481471,ReMultiplier,tree77.log,yes,0.05,10
0.03388327925090276,0.04606988849902381,0.0603308918448768,SSFrac,tree77.log,yes,0.05,10
1.334334563569549,1.439568199853868,1.5334275087065241,Re,tree77.log,yes,0.05,10
7.15345269748227,9.387636326649027,12.151325211646164,ReMultiplier,tree77,no,0.05,10
0.0385008184576079,0.06569315360471467,0.09661562533535423,SSFrac,tree77,no,0.05,10
1.343255799171927,1.4447416865471687,1.54690707414633,Re,tree77,no,0.05,10
7.098535774928767,9.66092259861872,12.331168303016877,ReMultiplier,tree78.log,yes,0.05,10
0.03809637914269511,0.053814521455324074,0.06985990579155218,SSFrac,tree78.log,yes,0.05,10
1.4325424931033677,1.5436899408965616,1.6479674999237766,Re,tree78.log,yes,0.05,10
7.183267676671495,9.564877449844438,11.868651805081036,ReMultiplier,tree78,no,0.05,10
0.029468178419798475,0.04946642508113868,0.07326114570610542,SSFrac,tree78,no,0.05,10
1.4232595185553412,1.5308625428599076,1.637130133445464,Re,tree78,no,0.05,10
6.397029506359098,8.157469659944274,10.357677008529103,ReMultiplier,tree79.log,yes,0.05,10
0.031163380528364114,0.04591468706838722,0.06086626998176296,SSFrac,tree79.log,yes,0.05,10
1.317270100187632,1.4134080374730156,1.5206581996155173,Re,tree79.log,yes,0.05,10
7.374720185380872,10.039875600986695,12.591637200157077,ReMultiplier,tree79,no,0.05,10
0.03673276682754516,0.06158416671788958,0.09056893641436381,SSFrac,tree79,no,0.05,10
1.4741418790105911,1.5792895010790895,1.7089717146657581,Re,tree79,no,0.05,10
6.917178688130957,8.730567764368995,11.017839356997383,ReMultiplier,tree7.log,yes,0.05,10
0.04154401633422434,0.058486020827914646,0.07499125536698081,SSFrac,tree7.log,yes,0.05,10
1.419560737073251,1.5257251007896753,1.64043436946501,Re,tree7.log,yes,0.05,10
6.23886301377375,8.367610679941993,10.825681135886617,ReMultiplier,tree7,no,0.05,10
0.03569193603280995,0.0656622505267227,0.10684136737375367,SSFrac,tree7,no,0.05,10
1.4102821753577697,1.5212002894700554,1.6178903482132454,Re,tree7,no,0.05,10
7.762378758634305,9.885322266608444,12.15541760696331,ReMultiplier,tree80.log,yes,0.05,10
0.03142548210363506,0.04482287205354463,0.060255483475032845,SSFrac,tree80.log,yes,0.05,10
1.3519462671807674,1.4489884972175255,1.564613109329504,Re,tree80.log,yes,0.05,10
7.262942607279637,9.680736782280002,12.457029450434431,ReMultiplier,tree80,no,0.05,10
0.03638039927158179,0.0632465321571184,0.09858699588841398,SSFrac,tree80,no,0.05,10
1.355471489895964,1.4677029983017718,1.5641350251877155,Re,tree80,no,0.05,10
7.134788623047279,9.25531797923737,11.701502620696077,ReMultiplier,tree81.log,yes,0.05,10
0.04476680064617835,0.06397726189686927,0.08118804235949466,SSFrac,tree81.log,yes,0.05,10
1.4001528940185388,1.5106993229444636,1.6240008240320944,Re,tree81.log,yes,0.05,10
7.577946715503071,9.877158163526175,12.791938416130455,ReMultiplier,tree81,no,0.05,10
0.036938867732739564,0.06091113998528783,0.0917259428015168,SSFrac,tree81,no,0.05,10
1.394863749063297,1.5107139468438855,1.6165204755643734,Re,tree81,no,0.05,10
6.915829355683758,8.576334376857462,11.130888703278403,ReMultiplier,tree82.log,yes,0.05,10
0.035605853857489086,0.0491748132348588,0.06726627935979393,SSFrac,tree82.log,yes,0.05,10
1.4447867809202568,1.5416878994268932,1.639451921282953,Re,tree82.log,yes,0.05,10
7.396127230296877,9.558990986461502,12.177845661244332,ReMultiplier,tree82,no,0.05,10
0.030993665994273053,0.054808502161009964,0.0783192691900717,SSFrac,tree82,no,0.05,10
1.4064724309825836,1.5201028554694567,1.621017119275474,Re,tree82,no,0.05,10
7.337213990769193,10.302112263444469,13.079447922615616,ReMultiplier,tree83.log,yes,0.05,10
0.04292551058096478,0.05820988077697423,0.07571555706392966,SSFrac,tree83.log,yes,0.05,10
1.4379519186228757,1.5273610501610295,1.6448623658743016,Re,tree83.log,yes,0.05,10
7.712085834019956,9.762685622320166,12.221438182054055,ReMultiplier,tree83,no,0.05,10
0.034967930259073285,0.0610382683776126,0.09111983626875389,SSFrac,tree83,no,0.05,10
1.4002092753175215,1.4837392445108861,1.6114557077480984,Re,tree83,no,0.05,10
7.386768559326351,9.5887461068332,12.11651151705928,ReMultiplier,tree84.log,yes,0.05,10
0.03613197039144866,0.05038356734009215,0.06517181472358193,SSFrac,tree84.log,yes,0.05,10
1.3587564116231106,1.4456117601157241,1.551134757122208,Re,tree84.log,yes,0.05,10
7.236341903009076,9.743962309351165,12.228610418967287,ReMultiplier,tree84,no,0.05,10
0.03705280271573745,0.06281167480114903,0.09045484712067337,SSFrac,tree84,no,0.05,10
1.3639763910551803,1.4595223392924623,1.5719013731206277,Re,tree84,no,0.05,10
6.399458607155046,7.968219125577203,9.90186611125849,ReMultiplier,tree85.log,yes,0.05,10
0.03304780674421798,0.047464685136687654,0.06444379308068596,SSFrac,tree85.log,yes,0.05,10
1.4574209685650372,1.573236583049654,1.6719892933404956,Re,tree85.log,yes,0.05,10
6.515948862753546,8.35199930727034,10.450877067639997,ReMultiplier,tree85,no,0.05,10
0.01828150757018961,0.038931368867156924,0.0652081874620131,SSFrac,tree85,no,0.05,10
1.4583939676956832,1.5567558250104157,1.6631289529235709,Re,tree85,no,0.05,10
6.309718365292819,8.337513141964774,10.495137756857426,ReMultiplier,tree86.log,yes,0.05,10
0.04114626673848698,0.05722693283344168,0.07491562029063469,SSFrac,tree86.log,yes,0.05,10
1.2829908317310974,1.3655064853396262,1.4656913217191474,Re,tree86.log,yes,0.05,10
5.884402370524585,8.283261389712155,10.558623318687124,ReMultiplier,tree86,no,0.05,10
0.03383495659492522,0.06488977353915584,0.10488257145915655,SSFrac,tree86,no,0.05,10
1.2715820558069082,1.3712470915585375,1.4715468392309932,Re,tree86,no,0.05,10
8.9846208570921,11.790489028738119,15.10127008672099,ReMultiplier,tree87.log,yes,0.05,10
0.032520192401793824,0.044051161052639246,0.05743793188233456,SSFrac,tree87.log,yes,0.05,10
1.4303030252102966,1.5401696241815108,1.6522903536039983,Re,tree87.log,yes,0.05,10
8.776781547329044,11.355776517707787,14.425539074060145,ReMultiplier,tree87,no,0.05,10
0.019684833149704043,0.03388437697894499,0.05051063553991177,SSFrac,tree87,no,0.05,10
1.3677244209956059,1.4708604563389651,1.580336031478989,Re,tree87,no,0.05,10
7.730929102012552,10.019102292409007,12.33117710893027,ReMultiplier,tree88.log,yes,0.05,10
0.03554207993211686,0.04864983921493954,0.06413391532183704,SSFrac,tree88.log,yes,0.05,10
1.4219115059196903,1.511678735846838,1.6372285859160447,Re,tree88.log,yes,0.05,10
6.793674237606302,9.114877779944825,12.731772596947202,ReMultiplier,tree88,no,0.05,10
0.049989052790979156,0.09402203994617758,0.13755738535429668,SSFrac,tree88,no,0.05,10
1.3734690695080531,1.485909886612216,1.5970349266134838,Re,tree88,no,0.05,10
6.471153288342774,8.804161912792747,11.092818149719722,ReMultiplier,tree89.log,yes,0.05,10
0.032362030611258,0.0469560936557588,0.06183618296582456,SSFrac,tree89.log,yes,0.05,10
1.3131969566244541,1.4187818781210897,1.5043997518326748,Re,tree89.log,yes,0.05,10
7.338509479803067,9.546353188816195,11.825692945251866,ReMultiplier,tree89,no,0.05,10
0.028005967843461557,0.051803289148104316,0.0802556676983039,SSFrac,tree89,no,0.05,10
1.3365880788366382,1.4564213966018151,1.5667880961045242,Re,tree89,no,0.05,10
8.403596714350986,11.568902635120583,15.138127848648088,ReMultiplier,tree8.log,yes,0.05,10
0.04297074879970547,0.058355928854855424,0.07436501887504672,SSFrac,tree8.log,yes,0.05,10
1.4480359137690872,1.5471427846838217,1.6549050112461963,Re,tree8.log,yes,0.05,10
8.070734640137566,11.275794976565319,14.487973850578397,ReMultiplier,tree8,no,0.05,10
0.042395695707185765,0.06588985925571497,0.0948519798410618,SSFrac,tree8,no,0.05,10
1.4317040979576385,1.5505461317127809,1.6574736665192737,Re,tree8,no,0.05,10
8.713132292609009,11.251812835971574,13.982563519003728,ReMultiplier,tree90.log,yes,0.05,10
0.04185287199421355,0.05409670385050487,0.07254730174668379,SSFrac,tree90.log,yes,0.05,10
1.4977879981363378,1.6023756515326055,1.7070899124523862,Re,tree90.log,yes,0.05,10
9.50944709562675,12.275996355309802,15.371427746045711,ReMultiplier,tree90,no,0.05,10
0.026511866255032806,0.03988234622896225,0.056180837971331166,SSFrac,tree90,no,0.05,10
1.4594155532502142,1.5723876605342682,1.6880095662197923,Re,tree90,no,0.05,10
8.318775023956663,10.779317510441935,13.3483178605666,ReMultiplier,tree91.log,yes,0.05,10
0.042300858380717385,0.05864384218388359,0.07648478777726203,SSFrac,tree91.log,yes,0.05,10
1.426268281012335,1.5462713873266574,1.6610207088797673,Re,tree91.log,yes,0.05,10
8.382450926573885,11.049086280373135,14.55580761216471,ReMultiplier,tree91,no,0.05,10
0.04151225501674336,0.06373961625110887,0.09158727839481688,SSFrac,tree91,no,0.05,10
1.4446407019615635,1.5573298518510803,1.6826592739106332,Re,tree91,no,0.05,10
7.84926064407623,10.06478168401499,12.334449032616568,ReMultiplier,tree92.log,yes,0.05,10
0.03458510203550451,0.04920310760990627,0.06369749014847007,SSFrac,tree92.log,yes,0.05,10
1.3351300257749181,1.449921722559199,1.559001432276063,Re,tree92.log,yes,0.05,10
7.40678989924087,9.912533482921999,12.226583884564612,ReMultiplier,tree92,no,0.05,10
0.03194268070001973,0.051715838809377135,0.07793807851735028,SSFrac,tree92,no,0.05,10
1.3498575897397929,1.458103603217882,1.5691673361842515,Re,tree92,no,0.05,10
7.151012109884427,9.20234946437307,11.406366663948056,ReMultiplier,tree93.log,yes,0.05,10
0.03535837900653424,0.05013203174979694,0.06535223486561528,SSFrac,tree93.log,yes,0.05,10
1.3985559150037168,1.4930045185148773,1.5900824247209053,Re,tree93.log,yes,0.05,10
7.6296680437046005,9.92716468026432,12.358045671034128,ReMultiplier,tree93,no,0.05,10
0.02070861308197011,0.03578414355440208,0.05953496413811962,SSFrac,tree93,no,0.05,10
1.3797636808636193,1.4740558974895708,1.5710066528281408,Re,tree93,no,0.05,10
7.062064742308095,8.850939927324209,10.839457161206457,ReMultiplier,tree94.log,yes,0.05,10
0.041624256412697555,0.0560858911340783,0.07409467094170881,SSFrac,tree94.log,yes,0.05,10
1.378715899872765,1.4741453997901046,1.5826932040523731,Re,tree94.log,yes,0.05,10
6.682469358338289,8.825862825536415,11.13927202215795,ReMultiplier,tree94,no,0.05,10
0.0317541806082474,0.059642803279223076,0.09087330559584844,SSFrac,tree94,no,0.05,10
1.3663262713356332,1.4640378709222,1.5720078159866104,Re,tree94,no,0.05,10
7.2220437636945825,9.1197328731542,11.378646683802533,ReMultiplier,tree95.log,yes,0.05,10
0.04794863702363742,0.05965221797339018,0.07910548263556087,SSFrac,tree95.log,yes,0.05,10
1.365509232678081,1.465531950778305,1.5645583229100926,Re,tree95.log,yes,0.05,10
6.851157439839065,9.061209119737708,11.586509195777344,ReMultiplier,tree95,no,0.05,10
0.028091343392067893,0.050361239368242605,0.07967034332153398,SSFrac,tree95,no,0.05,10
1.341775808686003,1.4562850486724819,1.5676431598027498,Re,tree95,no,0.05,10
6.106415939040983,7.882952800744263,9.882971629958547,ReMultiplier,tree96.log,yes,0.05,10
0.036128069920724995,0.054585343948782755,0.07272926985827534,SSFrac,tree96.log,yes,0.05,10
1.4291028665559065,1.5340302935843626,1.627500186074752,Re,tree96.log,yes,0.05,10
6.178607951462405,7.866897410163133,10.531769559182756,ReMultiplier,tree96,no,0.05,10
0.03395831264023576,0.058465320355818653,0.09808578428568236,SSFrac,tree96,no,0.05,10
1.4330614987646961,1.535461721502419,1.6431887981760973,Re,tree96,no,0.05,10
8.938077137187776,11.258175249049398,14.66509262060556,ReMultiplier,tree97.log,yes,0.05,10
0.04169740443559636,0.052918575423702346,0.06853007700035582,SSFrac,tree97.log,yes,0.05,10
1.4176374277319561,1.522679937022884,1.6378623725908008,Re,tree97.log,yes,0.05,10
8.629490858880965,11.271326577217016,14.54199790381233,ReMultiplier,tree97,no,0.05,10
0.04151778092922866,0.058316382156284846,0.0838701485566667,SSFrac,tree97,no,0.05,10
1.4033880871344082,1.5258311481878044,1.6174740076581424,Re,tree97,no,0.05,10
8.17636209760772,10.222292653096934,12.566410600335335,ReMultiplier,tree98.log,yes,0.05,10
0.03403247812941519,0.04642171472421884,0.05994593250846883,SSFrac,tree98.log,yes,0.05,10
1.3443432602724257,1.4507607762673418,1.5500111637890026,Re,tree98.log,yes,0.05,10
8.451827130607116,10.678873873921598,13.50077742043182,ReMultiplier,tree98,no,0.05,10
0.020064696596799277,0.034355929480776294,0.05214934250855127,SSFrac,tree98,no,0.05,10
1.3469486114348665,1.437414561656335,1.5431067590297651,Re,tree98,no,0.05,10
8.247839908972521,10.536140277892324,14.064913841610494,ReMultiplier,tree99.log,yes,0.05,10
0.044914731088312655,0.057068908448031315,0.07441432670772134,SSFrac,tree99.log,yes,0.05,10
1.3902507048823614,1.513541084650968,1.6274626800057204,Re,tree99.log,yes,0.05,10
8.07897803001668,10.467181974108264,14.069217469562988,ReMultiplier,tree99,no,0.05,10
0.03684384036308662,0.060414172564128704,0.09099308016489831,SSFrac,tree99,no,0.05,10
1.40348799776492,1.5206631955553513,1.632714519408,Re,tree99,no,0.05,10
7.316238207369871,9.597141631545082,11.83175086522125,ReMultiplier,tree9.log,yes,0.05,10
0.037294023955333794,0.05363665227878892,0.06801850564329263,SSFrac,tree9.log,yes,0.05,10
1.4065078828859834,1.5046026592782937,1.625141178088781,Re,tree9.log,yes,0.05,10
7.41597339949931,9.683767438996268,12.488905095528906,ReMultiplier,tree9,no,0.05,10
0.02663148316946817,0.04861569837657305,0.07841216419621756,SSFrac,tree9,no,0.05,10
1.402795389144522,1.4928507037963088,1.6233203448424098,Re,tree9,no,0.05,10
1.0026255414001433,2.276689436239442,3.4930311796881273,ReMultiplier,tree0.log,yes,0.05,2
0.02951508096227748,0.04809946522190936,0.06796163379100181,SSFrac,tree0.log,yes,0.05,2
1.4048139302170444,1.470079982076939,1.5372450666241961,Re,tree0.log,yes,0.05,2
1.0006503305160077,2.3029601923891088,8.92134822113505,ReMultiplier,tree0,no,0.05,2
2.980951005819219e-4,0.5195054107502053,0.9640245127027738,SSFrac,tree0,no,0.05,2
1.3946502163514907,1.470932412967227,1.5411555325486948,Re,tree0,no,0.05,2
1.10467771509822,1.9991065005687105,3.0006851061739575,ReMultiplier,tree10.log,yes,0.05,2
0.030868455015542487,0.048244606287161165,0.06605430480862975,SSFrac,tree10.log,yes,0.05,2
1.386792050992014,1.4517588338729062,1.5162353893535208,Re,tree10.log,yes,0.05,2
1.0007171730178723,2.366423136213597,14.16363688999014,ReMultiplier,tree10,no,0.05,2
0.04532132924338351,0.7589138190554713,0.9990533289332452,SSFrac,tree10,no,0.05,2
1.3866471503923843,1.4559286518758263,1.5224772219983702,Re,tree10,no,0.05,2
1.457267780952089,2.5856967602242342,3.8850933901036884,ReMultiplier,tree11.log,yes,0.05,2
0.04323660629095083,0.06209267981702042,0.08426980251316842,SSFrac,tree11.log,yes,0.05,2
1.5031608523940034,1.5813043211346711,1.6580460246677429,Re,tree11.log,yes,0.05,2
1.0021642791666152,1.9776288974485978,6.998850296874529,ReMultiplier,tree11,no,0.05,2
0.018522559742054474,0.5991431372712677,0.9882151615739536,SSFrac,tree11,no,0.05,2
1.497436623166821,1.5746647695508293,1.6493297595391763,Re,tree11,no,0.05,2
1.00131930682733,1.7145146691227897,2.7364658139061833,ReMultiplier,tree12.log,yes,0.05,2
0.039411769452788244,0.057785065824406893,0.07954220502134707,SSFrac,tree12.log,yes,0.05,2
1.4211800682382074,1.4911984465833787,1.566218639266919,Re,tree12.log,yes,0.05,2
1.0133435352004494,1.7735732246408185,8.675827970140036,ReMultiplier,tree12,no,0.05,2
4.554472987585535e-4,0.6052559918677234,0.9786804278325025,SSFrac,tree12,no,0.05,2
1.4209413133948248,1.489913806441888,1.5665817336570973,Re,tree12,no,0.05,2
1.6334679751982022,2.9961167291659865,4.434640493920063,ReMultiplier,tree13.log,yes,0.05,2
0.03853833869927865,0.05471510295466835,0.07574133030068872,SSFrac,tree13.log,yes,0.05,2
1.427810093689051,1.4956210237660308,1.5816384008993272,Re,tree13.log,yes,0.05,2
1.004959488785257,2.5562581651760876,9.65393621832316,ReMultiplier,tree13,no,0.05,2
0.06720091472723219,0.5152211312150538,0.9862177338987785,SSFrac,tree13,no,0.05,2
1.4257259460711798,1.5000642698529414,1.5769723471956938,Re,tree13,no,0.05,2
1.0963963706722708,2.500626133799185,3.8777292829447627,ReMultiplier,tree14.log,yes,0.05,2
0.027759414199636356,0.044782674516256595,0.0627404638819816,SSFrac,tree14.log,yes,0.05,2
1.4006275082465118,1.4629485192045537,1.5400478302977985,Re,tree14.log,yes,0.05,2
1.0019512789482752,2.2607349229366305,8.95661457538407,ReMultiplier,tree14,no,0.05,2
2.4086879132417054e-4,0.5166239909338699,0.9588622470462316,SSFrac,tree14,no,0.05,2
1.3843801497227837,1.4624854813925467,1.5238313861838393,Re,tree14,no,0.05,2
1.0035357906354443,1.6108714177612935,2.4726440599340638,ReMultiplier,tree15.log,yes,0.05,2
0.0423319220091715,0.06255745073338662,0.08387953543213705,SSFrac,tree15.log,yes,0.05,2
1.4623126838042666,1.526234034117946,1.5954414107268036,Re,tree15.log,yes,0.05,2
1.000939542588731,1.8446005701535682,12.915493610154456,ReMultiplier,tree15,no,0.05,2
0.022089881522247085,0.7146754210191364,0.9999382032587566,SSFrac,tree15,no,0.05,2
1.4546795407170547,1.5289393669080917,1.6021291599676628,Re,tree15,no,0.05,2
1.626931647987947,3.1509451037737874,4.446110404710713,ReMultiplier,tree16.log,yes,0.05,2
0.04448405249348758,0.06362130859974983,0.08333538951665725,SSFrac,tree16.log,yes,0.05,2
1.48378157279262,1.550900247773618,1.6512622943187443,Re,tree16.log,yes,0.05,2
1.0049158241795082,2.8847250347631808,6.700203379797771,ReMultiplier,tree16,no,0.05,2
0.002798329303787001,0.2300577128495185,0.9039523741151397,SSFrac,tree16,no,0.05,2
1.465163515885478,1.5492947272502995,1.6115114976175,Re,tree16,no,0.05,2
1.2788922986105282,2.6147038314728346,3.7602632516066166,ReMultiplier,tree17.log,yes,0.05,2
0.04602858912664621,0.06493210450884694,0.08549722917470583,SSFrac,tree17.log,yes,0.05,2
1.4346792045809398,1.5154739804999113,1.5833486683302287,Re,tree17.log,yes,0.05,2
1.0016972149582393,2.4161526457862483,9.191487711666008,ReMultiplier,tree17,no,0.05,2
0.014609526826155185,0.6086322100667707,0.9605870587753637,SSFrac,tree17,no,0.05,2
1.4439614648974182,1.5105317902297826,1.5896464419643417,Re,tree17,no,0.05,2
1.007548162227515,1.8324612269830698,2.885235101167264,ReMultiplier,tree18.log,yes,0.05,2
0.024420034909310637,0.04169439051470195,0.05897232171900339,SSFrac,tree18.log,yes,0.05,2
1.4428627228313902,1.5114437473611528,1.5882647250177617,Re,tree18.log,yes,0.05,2
1.0005629888629086,1.733080700903824,9.048356182752315,ReMultiplier,tree18,no,0.05,2
0.019032534806129823,0.6413282462137149,0.9994281002108582,SSFrac,tree18,no,0.05,2
1.4406751101626896,1.5101323577125099,1.5824935646753986,Re,tree18,no,0.05,2
1.049541269036938,2.3705648612825483,3.8763086659318553,ReMultiplier,tree19.log,yes,0.05,2
0.025622800119745767,0.04156267975974085,0.059080579724720056,SSFrac,tree19.log,yes,0.05,2
1.4921841764544685,1.5606424007986779,1.6330775341448711,Re,tree19.log,yes,0.05,2
1.0145414226966112,2.6312549354685304,7.462117367960313,ReMultiplier,tree19,no,0.05,2
0.01646680486624702,0.41347111877116993,0.9480135711143043,SSFrac,tree19,no,0.05,2
1.487871268151107,1.5663360810838673,1.6341874829141136,Re,tree19,no,0.05,2
1.03372223384798,2.3081054812102515,3.681477601402882,ReMultiplier,tree1.log,yes,0.05,2
0.028519472565806753,0.04383493872109681,0.062276914981361196,SSFrac,tree1.log,yes,0.05,2
1.4173049113307445,1.487229891398175,1.5534289674145558,Re,tree1.log,yes,0.05,2
1.0010810055567945,4.134836074397043,16.474718353816648,ReMultiplier,tree1,no,0.05,2
0.10503565710878497,0.5919085425633467,0.9984876188124919,SSFrac,tree1,no,0.05,2
1.4085620502442593,1.4838028315825254,1.5470710547916289,Re,tree1,no,0.05,2
1.1744695435255184,2.538013528862872,3.7950670080422886,ReMultiplier,tree20.log,yes,0.05,2
0.03511809947991589,0.05332978260800106,0.07501189981539408,SSFrac,tree20.log,yes,0.05,2
1.4061891162873172,1.4825953051402883,1.550498914482487,Re,tree20.log,yes,0.05,2
1.0084679319292102,3.2288991275361183,11.878582840411397,ReMultiplier,tree20,no,0.05,2
8.356448838796845e-4,0.564158275161847,0.9238851303461348,SSFrac,tree20,no,0.05,2
1.396211434127418,1.474558108489218,1.5414738153536853,Re,tree20,no,0.05,2
1.0429415749928739,2.1966563829427024,3.2401144384355183,ReMultiplier,tree21.log,yes,0.05,2
0.03172626460901726,0.04834933331363245,0.06872022879708073,SSFrac,tree21.log,yes,0.05,2
1.4292924217909115,1.5005370616974163,1.577892012708308,Re,tree21.log,yes,0.05,2
1.0043231521305878,2.4084322359886317,12.209851258004258,ReMultiplier,tree21,no,0.05,2
0.05625990868869482,0.7129842159996198,0.9999899023046177,SSFrac,tree21,no,0.05,2
1.4331854411557459,1.4997671530062724,1.5800959997432138,Re,tree21,no,0.05,2
1.0325338065460052,1.9814265985795607,3.089217975298877,ReMultiplier,tree22.log,yes,0.05,2
0.03177729201501604,0.050048766425258684,0.07010871953415629,SSFrac,tree22.log,yes,0.05,2
1.4606359841647025,1.5312770920442285,1.607865426821401,Re,tree22.log,yes,0.05,2
1.0022968293008527,2.446514924439331,12.757405408174993,ReMultiplier,tree22,no,0.05,2
2.9027695553216073e-4,0.7296595859286163,0.9750191625456288,SSFrac,tree22,no,0.05,2
1.4576692800657725,1.5265275940284981,1.6008865170730162,Re,tree22,no,0.05,2
1.0003126256004122,1.6335949720059713,2.638960051983444,ReMultiplier,tree23.log,yes,0.05,2
0.03719467769647321,0.054598974860945795,0.0740145360256331,SSFrac,tree23.log,yes,0.05,2
1.4066164454644745,1.4807942335461184,1.554359806843147,Re,tree23.log,yes,0.05,2
1.00048307747783,2.024820089034225,8.655547690422951,ReMultiplier,tree23,no,0.05,2
8.924620663171016e-4,0.5871101302937219,0.9726569973224776,SSFrac,tree23,no,0.05,2
1.4013897999804488,1.4844724876612911,1.556510098342636,Re,tree23,no,0.05,2
1.0154786892132386,2.0795037633834457,3.1186600145878725,ReMultiplier,tree24.log,yes,0.05,2
0.03864486862078603,0.056956168647488384,0.07916250841147944,SSFrac,tree24.log,yes,0.05,2
1.4354676399138453,1.5051367170289538,1.5831569128952148,Re,tree24.log,yes,0.05,2
1.0015137776701415,2.1740134867057552,9.957616442208726,ReMultiplier,tree24,no,0.05,2
0.0036981951522280705,0.6216827637850391,0.9710600972721068,SSFrac,tree24,no,0.05,2
1.436647155956825,1.5046429516350952,1.583313155094628,Re,tree24,no,0.05,2
1.0757827874173846,2.029064258208817,3.0504344056369126,ReMultiplier,tree25.log,yes,0.05,2
0.03497697740071648,0.05152091688717146,0.07078995045452852,SSFrac,tree25.log,yes,0.05,2
1.4156315518004479,1.4930388975872884,1.5744893897651224,Re,tree25.log,yes,0.05,2
1.0027085446627806,1.6833781874788794,9.953908888118164,ReMultiplier,tree25,no,0.05,2
0.016112876399013813,0.6918478311313162,0.9988656166493822,SSFrac,tree25,no,0.05,2
1.4132799582538913,1.4909001647843438,1.57363680197937,Re,tree25,no,0.05,2
1.0019464374580656,2.2869401038772925,3.3042158219526536,ReMultiplier,tree26.log,yes,0.05,2
0.037576757199121735,0.05582350941640498,0.07702513554253358,SSFrac,tree26.log,yes,0.05,2
1.4345188070094237,1.507561475032485,1.5722487711048099,Re,tree26.log,yes,0.05,2
1.0018950624673144,2.345196441119655,10.547801275560415,ReMultiplier,tree26,no,0.05,2
0.002098504652661287,0.5714476499695504,0.9650894978958181,SSFrac,tree26,no,0.05,2
1.44070540210401,1.5073167025667602,1.5765994449178389,Re,tree26,no,0.05,2
1.0034598620976292,1.8880543931217066,2.986636144102631,ReMultiplier,tree27.log,yes,0.05,2
0.034187096186306325,0.05135203794527392,0.07485131215814449,SSFrac,tree27.log,yes,0.05,2
1.4397320442333696,1.5136687649612122,1.5841750491089872,Re,tree27.log,yes,0.05,2
1.0018810067932693,1.9971783252897533,10.50448477276861,ReMultiplier,tree27,no,0.05,2
1.1425429656908431e-4,0.7027761763581315,0.9775971133656587,SSFrac,tree27,no,0.05,2
1.4398279926548352,1.5147256496730537,1.591421278871444,Re,tree27,no,0.05,2
1.8459733560120586,3.0013110779897305,4.2908688119524365,ReMultiplier,tree28.log,yes,0.05,2
0.03165021043643921,0.04784697136309088,0.06704564979723396,SSFrac,tree28.log,yes,0.05,2
1.4213256317787293,1.4850578662788736,1.5646674011681547,Re,tree28.log,yes,0.05,2
1.0061142528096745,2.5961601198982063,9.35989889051849,ReMultiplier,tree28,no,0.05,2
0.0019889191513889023,0.5753423537241316,0.931748542027723,SSFrac,tree28,no,0.05,2
1.3565716107777492,1.4247369267360608,1.495741933574069,Re,tree28,no,0.05,2
1.005707235911525,1.841713006887555,2.8555017690303424,ReMultiplier,tree29.log,yes,0.05,2
0.03915029372434768,0.055097634866622856,0.0749092664800603,SSFrac,tree29.log,yes,0.05,2
1.4796688162689018,1.5661163867091834,1.6243630598836891,Re,tree29.log,yes,0.05,2
1.0005007782436106,1.697244526898219,8.961907915858847,ReMultiplier,tree29,no,0.05,2
0.03530774179005051,0.6652113846636829,0.9995724096069313,SSFrac,tree29,no,0.05,2
1.4949227579840283,1.568186955280147,1.6397635672220447,Re,tree29,no,0.05,2
1.0014297541668848,2.0292726304028763,3.5122781088212047,ReMultiplier,tree2.log,yes,0.05,2
0.018589341281651642,0.031158239912707227,0.047838770761777394,SSFrac,tree2.log,yes,0.05,2
1.4352833644398861,1.5006480239714572,1.5759312237300647,Re,tree2.log,yes,0.05,2
1.002862381051607,2.2050062903802368,10.88762411636881,ReMultiplier,tree2,no,0.05,2
3.290511686770677e-5,0.6505605400740266,0.9718459416505447,SSFrac,tree2,no,0.05,2
1.4300276837636627,1.5009474510391752,1.5751248555322097,Re,tree2,no,0.05,2
1.0048246139445869,1.5886875807857126,3.085300435736846,ReMultiplier,tree30.log,yes,0.05,2
0.034830443070441086,0.056006100620677735,0.07590772845977914,SSFrac,tree30.log,yes,0.05,2
1.4196461862704002,1.4822064579609302,1.5515183389123508,Re,tree30.log,yes,0.05,2
1.0376609729515598,3.3791912086321725,11.237229322866938,ReMultiplier,tree30,no,0.05,2
6.693398351869087e-4,0.4851401480079103,0.895171660329655,SSFrac,tree30,no,0.05,2
1.39922526204512,1.4807216144780935,1.5477560256370013,Re,tree30,no,0.05,2
1.0060267194298023,1.8463792654940068,2.9515749883567812,ReMultiplier,tree31.log,yes,0.05,2
0.04287815563485235,0.06564172273522337,0.08478169740011415,SSFrac,tree31.log,yes,0.05,2
1.4395398558015728,1.5112648842983032,1.5881691152666841,Re,tree31.log,yes,0.05,2
1.001386046151436,2.3118651704770232,8.735117545561176,ReMultiplier,tree31,no,0.05,2
6.546122255457678e-5,0.6392201828243441,0.9673377347896313,SSFrac,tree31,no,0.05,2
1.441559930212915,1.5109546039243598,1.5894740762678363,Re,tree31,no,0.05,2
1.252433539720305,2.302057894214242,3.5329999181102285,ReMultiplier,tree32.log,yes,0.05,2
0.03272516846791453,0.048205639346784485,0.06903214847801105,SSFrac,tree32.log,yes,0.05,2
1.4037080331100034,1.4685745319970458,1.5379460133732732,Re,tree32.log,yes,0.05,2
1.0039821179597201,1.9426058293467574,7.209447247284105,ReMultiplier,tree32,no,0.05,2
0.010409740077788592,0.5766265096476183,0.9770518085749984,SSFrac,tree32,no,0.05,2
1.404431620781812,1.4684749105994046,1.541437632802294,Re,tree32,no,0.05,2
1.4229575306896483,3.0363753100124096,4.402998115330422,ReMultiplier,tree33.log,yes,0.05,2
0.039588957114633776,0.06026593180485197,0.07916051154826448,SSFrac,tree33.log,yes,0.05,2
1.4130463104819047,1.4878100532607967,1.5675362587214356,Re,tree33.log,yes,0.05,2
1.0838118342668106,3.9412860118819815,14.608171206568452,ReMultiplier,tree33,no,0.05,2
0.08214308834961959,0.5482668872777181,0.9807960423889195,SSFrac,tree33,no,0.05,2
1.410528402606918,1.4800321512354544,1.5583339022688822,Re,tree33,no,0.05,2
1.023134903429361,2.416053954557161,3.617194350841629,ReMultiplier,tree34.log,yes,0.05,2
0.029979621072393634,0.04808892100853387,0.06565733136309655,SSFrac,tree34.log,yes,0.05,2
1.481560056269853,1.550412437089373,1.6309442310779627,Re,tree34.log,yes,0.05,2
1.0084437447992798,2.8078112047575043,8.666123902460516,ReMultiplier,tree34,no,0.05,2
0.0017561620569691403,0.42434261808635887,0.9404247475543764,SSFrac,tree34,no,0.05,2
1.4666148940715917,1.5492028516163492,1.6274659322995066,Re,tree34,no,0.05,2
1.0036798401995974,1.7807105254820301,2.634780541296813,ReMultiplier,tree35.log,yes,0.05,2
0.028124790200176088,0.04514404612653859,0.06293246396616499,SSFrac,tree35.log,yes,0.05,2
1.374492977297902,1.445396456453491,1.507730467113183,Re,tree35.log,yes,0.05,2
1.0026213094067342,2.1617439147886484,12.191723022373433,ReMultiplier,tree35,no,0.05,2
0.05882519284285022,0.7431607553004432,0.9986836936575929,SSFrac,tree35,no,0.05,2
1.3718497117555093,1.4459016746137412,1.5123388583648232,Re,tree35,no,0.05,2
1.004386766425546,1.5714503310708121,2.636106377666713,ReMultiplier,tree36.log,yes,0.05,2
0.03003813947321597,0.044960549318998455,0.06521473454965654,SSFrac,tree36.log,yes,0.05,2
1.4429557449318815,1.5129379474341174,1.5792118238746675,Re,tree36.log,yes,0.05,2
1.000017749077187,3.499885752940459,15.690526290764232,ReMultiplier,tree36,no,0.05,2
0.0028185249378339236,0.6657425731222402,0.9280095189797924,SSFrac,tree36,no,0.05,2
1.4419388041647052,1.5070769824209618,1.5773427487601686,Re,tree36,no,0.05,2
1.0333112221034255,2.2849264203392634,3.42430691412863,ReMultiplier,tree37.log,yes,0.05,2
0.03851585844211557,0.05596133334608393,0.07375893179292865,SSFrac,tree37.log,yes,0.05,2
1.3805404252692037,1.4607297283765697,1.5267667134144354,Re,tree37.log,yes,0.05,2
1.0003942286785228,2.7026288163733874,11.964572431544434,ReMultiplier,tree37,no,0.05,2
0.03474330133716355,0.6893751535790943,0.9968729297842976,SSFrac,tree37,no,0.05,2
1.3873008967427491,1.4576615204120649,1.522921122655208,Re,tree37,no,0.05,2
1.051955808474371,2.2676470517473324,3.2835021671195093,ReMultiplier,tree38.log,yes,0.05,2
0.027022194331925597,0.042373299749091875,0.06415232137970658,SSFrac,tree38.log,yes,0.05,2
1.4039877036438349,1.4804211928292208,1.5472719783483209,Re,tree38.log,yes,0.05,2
1.002423943658685,1.8712298372618181,10.85412624937503,ReMultiplier,tree38,no,0.05,2
0.0010839951151417027,0.6438113512664692,0.9773870659591887,SSFrac,tree38,no,0.05,2
1.4016813615334405,1.4827941145936059,1.5483624180910438,Re,tree38,no,0.05,2
1.0067377174559073,1.773970541517947,2.785858768152846,ReMultiplier,tree39.log,yes,0.05,2
0.02518378820351736,0.04259862549413053,0.06074316975587073,SSFrac,tree39.log,yes,0.05,2
1.4210010331970933,1.4955871601395294,1.5662137209759848,Re,tree39.log,yes,0.05,2
1.000341911693812,2.0946172915960743,8.920262320938129,ReMultiplier,tree39,no,0.05,2
0.03293516332321023,0.6380690965642559,0.9962564302728547,SSFrac,tree39,no,0.05,2
1.4231184712853635,1.4941267297421086,1.5600508556729715,Re,tree39,no,0.05,2
1.007434732268537,1.771501217778709,2.8591403805327507,ReMultiplier,tree3.log,yes,0.05,2
0.035552538079996705,0.05204147076827581,0.07156800369119921,SSFrac,tree3.log,yes,0.05,2
1.4818568954431814,1.5609162704553334,1.6369959020153086,Re,tree3.log,yes,0.05,2
1.0017443782998552,3.2801423061041968,12.601876953073706,ReMultiplier,tree3,no,0.05,2
0.07015741818862498,0.6242791028734016,0.9893017104673569,SSFrac,tree3,no,0.05,2
1.4866880685878407,1.5622601679686157,1.6408402878164423,Re,tree3,no,0.05,2
1.0011157637553134,1.863727713694763,2.9247579141575595,ReMultiplier,tree40.log,yes,0.05,2
0.02724324210175974,0.04081357608203856,0.06087448922580162,SSFrac,tree40.log,yes,0.05,2
1.446611933784102,1.5368795396701338,1.6064672144171102,Re,tree40.log,yes,0.05,2
1.0042358536055627,2.37942857193673,13.625096680615027,ReMultiplier,tree40,no,0.05,2
0.0030321461688601068,0.6655048148892121,0.9523776601664462,SSFrac,tree40,no,0.05,2
1.470342693291357,1.5397935837862453,1.6132375933484764,Re,tree40,no,0.05,2
1.2921365453680422,2.113899380571661,3.316141137668858,ReMultiplier,tree41.log,yes,0.05,2
0.04630127830551071,0.06510996897377587,0.08227352581708203,SSFrac,tree41.log,yes,0.05,2
1.419985531619497,1.4908014564691625,1.5562619461746843,Re,tree41.log,yes,0.05,2
1.0093947848675027,2.3008583818933372,10.725002056459303,ReMultiplier,tree41,no,0.05,2
1.1455360164160016e-4,0.6396706984811132,0.9649674936916532,SSFrac,tree41,no,0.05,2
1.4235039868807684,1.4937679021835986,1.5578252403997306,Re,tree41,no,0.05,2
1.0018273396972621,1.3132831594467747,2.2170108632754775,ReMultiplier,tree42.log,yes,0.05,2
0.02999508595877834,0.0419812900144199,0.06395152515934915,SSFrac,tree42.log,yes,0.05,2
1.401309027858794,1.4646147270185617,1.542215035462461,Re,tree42.log,yes,0.05,2
1.0002268249370099,1.618293720206649,7.286388710116562,ReMultiplier,tree42,no,0.05,2
7.700150408795904e-6,0.5947697562727119,0.9892103145802345,SSFrac,tree42,no,0.05,2
1.3948334365256951,1.4642957799371081,1.5296314792444128,Re,tree42,no,0.05,2
1.008519297595968,1.8818046779613973,2.6939518987453956,ReMultiplier,tree43.log,yes,0.05,2
0.036558919524739886,0.05350370429869288,0.07365960789473268,SSFrac,tree43.log,yes,0.05,2
1.4201991102254339,1.4904294362959223,1.5628839215341341,Re,tree43.log,yes,0.05,2
1.0089096071085533,2.934524505987733,15.10176908556386,ReMultiplier,tree43,no,0.05,2
0.05427500651318069,0.7531529882471719,0.9997881867278122,SSFrac,tree43,no,0.05,2
1.4163335849729624,1.4931641464266245,1.5603156763665378,Re,tree43,no,0.05,2
1.6980179208674766,3.1112627398880366,4.374432803386417,ReMultiplier,tree44.log,yes,0.05,2
0.04010156106471206,0.06097570411966395,0.08379026199828975,SSFrac,tree44.log,yes,0.05,2
1.4121501963492067,1.4740659473087996,1.5482064454151527,Re,tree44.log,yes,0.05,2
1.012794882472021,2.9909980824229585,8.885916389121462,ReMultiplier,tree44,no,0.05,2
0.0010710911465054694,0.2960099311535027,0.8643675780868137,SSFrac,tree44,no,0.05,2
1.3905583958999794,1.4711699680223262,1.5340797855024517,Re,tree44,no,0.05,2
1.064727448125408,2.333873620612452,3.3533608618215727,ReMultiplier,tree45.log,yes,0.05,2
0.035271001959867695,0.05364419130343834,0.07571986785212002,SSFrac,tree45.log,yes,0.05,2
1.4292263653259631,1.5028516873616495,1.5648323867496379,Re,tree45.log,yes,0.05,2
1.0097356179538854,3.2063655806677867,12.736365534464749,ReMultiplier,tree45,no,0.05,2
0.08022960523596906,0.6163902484905466,0.9877360148390829,SSFrac,tree45,no,0.05,2
1.4304542426731353,1.501336017177974,1.5600857729623017,Re,tree45,no,0.05,2
1.0022851408882678,1.3230330836693671,2.31068231337494,ReMultiplier,tree46.log,yes,0.05,2
0.03430086570243731,0.04958235047757995,0.06978493508162646,SSFrac,tree46.log,yes,0.05,2
1.4536853427215504,1.516093810590708,1.5918474756871823,Re,tree46.log,yes,0.05,2
1.034780517484229,2.906340857629752,7.452175360660189,ReMultiplier,tree46,no,0.05,2
0.002465788841964497,0.24216732467222346,0.9302511789018195,SSFrac,tree46,no,0.05,2
1.4517859538215327,1.5208822653123468,1.6067051055607127,Re,tree46,no,0.05,2
1.0388346558384125,2.3486230663594405,3.591818459465546,ReMultiplier,tree47.log,yes,0.05,2
0.04012714408670547,0.059363675386554626,0.07951795862375453,SSFrac,tree47.log,yes,0.05,2
1.3693442681758858,1.4496535132540322,1.520246053779979,Re,tree47.log,yes,0.05,2
1.0036993054126213,2.041684379091564,9.18536261409819,ReMultiplier,tree47,no,0.05,2
0.0010344967891167496,0.5539985173446709,0.9836218463648653,SSFrac,tree47,no,0.05,2
1.352660895356554,1.4077579674071254,1.4969419136522342,Re,tree47,no,0.05,2
1.0007486366243796,1.5817881043277389,2.807488338019101,ReMultiplier,tree48.log,yes,0.05,2
0.026628588090753788,0.0429195912352822,0.060896236226400766,SSFrac,tree48.log,yes,0.05,2
1.4491681603091167,1.5227711281135274,1.5919743881398096,Re,tree48.log,yes,0.05,2
1.044601885845783,2.4879482916998477,11.018126945808302,ReMultiplier,tree48,no,0.05,2
0.0350573276543846,0.7084537806736746,0.9966449361603312,SSFrac,tree48,no,0.05,2
1.4669662799009127,1.5340783749366969,1.6102530356344489,Re,tree48,no,0.05,2
1.0020421412477376,1.6674020086390824,2.7614766667022863,ReMultiplier,tree49.log,yes,0.05,2
0.03458568529358026,0.05081599174004043,0.07266900592265431,SSFrac,tree49.log,yes,0.05,2
1.4070054236049632,1.4800151813578188,1.5467643282533983,Re,tree49.log,yes,0.05,2
1.0012841323040482,2.094403540598332,12.387727880394252,ReMultiplier,tree49,no,0.05,2
0.02772196433656864,0.6939339523276171,0.9907220933347555,SSFrac,tree49,no,0.05,2
1.405516087050849,1.4795544895459467,1.5467428125994076,Re,tree49,no,0.05,2
1.0256659734973141,2.351374936137926,3.6632012667843035,ReMultiplier,tree4.log,yes,0.05,2
0.027844720871011728,0.04665130999105162,0.06370591663881958,SSFrac,tree4.log,yes,0.05,2
1.4553895930183378,1.530596959803557,1.5958363493213972,Re,tree4.log,yes,0.05,2
1.0005493658256603,2.6428761130302645,10.630357694172128,ReMultiplier,tree4,no,0.05,2
6.2515336799777836e-6,0.5211235677332011,0.9318077337922553,SSFrac,tree4,no,0.05,2
1.4556010140470481,1.5295878052434815,1.6057831680648649,Re,tree4,no,0.05,2
1.0187873155493894,1.8565539918060046,2.968733768876667,ReMultiplier,tree50.log,yes,0.05,2
0.038977630777082925,0.05720550174290579,0.08034140015431082,SSFrac,tree50.log,yes,0.05,2
1.4475237282042708,1.5175384139591457,1.5922031608719605,Re,tree50.log,yes,0.05,2
1.0049115035010057,2.156059133362014,11.062585007602248,ReMultiplier,tree50,no,0.05,2
0.03442028030530519,0.6656462184555351,0.9993644169015623,SSFrac,tree50,no,0.05,2
1.4424582394387573,1.5157488112770574,1.5907328508445848,Re,tree50,no,0.05,2
1.0881586313742135,2.1491314502745946,3.348678212547688,ReMultiplier,tree51.log,yes,0.05,2
0.03235536327431291,0.04833888585297985,0.0665763516729108,SSFrac,tree51.log,yes,0.05,2
1.427100480074744,1.492861141577575,1.5573679866277255,Re,tree51.log,yes,0.05,2
1.004906175916653,2.174361079613992,10.654899966039238,ReMultiplier,tree51,no,0.05,2
3.888319835806708e-6,0.6116260337299448,0.962263254776381,SSFrac,tree51,no,0.05,2
1.4155842885906489,1.4926079285250473,1.5597265498884108,Re,tree51,no,0.05,2
1.6460089820493526,3.2478423163937293,4.789754307352695,ReMultiplier,tree52.log,yes,0.05,2
0.02672806328912513,0.04144456130535376,0.061795791141331505,SSFrac,tree52.log,yes,0.05,2
1.4390314186247672,1.5238786544661174,1.588889649727858,Re,tree52.log,yes,0.05,2
1.0025747835598093,2.841638454975815,7.111670707094527,ReMultiplier,tree52,no,0.05,2
0.004710131626167814,0.3356856318500979,0.9265588301970697,SSFrac,tree52,no,0.05,2
1.4539240446098365,1.5280087409603584,1.5905581854613524,Re,tree52,no,0.05,2
1.1966771761411328,2.482077713833837,3.6754824602070277,ReMultiplier,tree53.log,yes,0.05,2
0.03492845672308792,0.05374721348530717,0.07647826308682773,SSFrac,tree53.log,yes,0.05,2
1.4438742133461102,1.520327127610879,1.5973260523941273,Re,tree53.log,yes,0.05,2
1.0016873989784305,2.6605464232496043,11.146716130810438,ReMultiplier,tree53,no,0.05,2
0.00059386740512696505,0.5382858796772395,0.9511156141319587,SSFrac,tree53,no,0.05,2
1.4472099322402499,1.5160969634389394,1.5920042614494507,Re,tree53,no,0.05,2
1.0219656756815123,1.891746252755257,2.983574335361402,ReMultiplier,tree54.log,yes,0.05,2
0.02888821354303159,0.04541147468183379,0.06252851658941272,SSFrac,tree54.log,yes,0.05,2
1.4672513980025566,1.5358514925552313,1.6109930510050996,Re,tree54.log,yes,0.05,2
1.0025079637298184,2.0166112210539877,9.41167909537472,ReMultiplier,tree54,no,0.05,2
0.0011108454856092228,0.6504274003437415,0.9784505835075539,SSFrac,tree54,no,0.05,2
1.3882177973060537,1.466794997308003,1.5279108138116273,Re,tree54,no,0.05,2
1.0004259406007256,1.9237317280516377,3.0332712857425133,ReMultiplier,tree55.log,yes,0.05,2
0.03445815224344223,0.053169379503141254,0.07399220489948262,SSFrac,tree55.log,yes,0.05,2
1.462967021960339,1.5407314565487626,1.6136123428429319,Re,tree55.log,yes,0.05,2
1.002535477360916,6.151602280954805,19.84029280899192,ReMultiplier,tree55,no,0.05,2
0.10815149396604543,0.5976259974897317,0.9794755234134143,SSFrac,tree55,no,0.05,2
1.456889961305698,1.5347714918634858,1.6108426483302403,Re,tree55,no,0.05,2
1.1735836572568046,2.4171814235140507,3.576696809590692,ReMultiplier,tree56.log,yes,0.05,2
0.041376086750043256,0.062387305688632336,0.08243337770282966,SSFrac,tree56.log,yes,0.05,2
1.3771795458701996,1.4511661491374652,1.51748467363534,Re,tree56.log,yes,0.05,2
1.0022195514120946,2.381844872967183,9.916954351377496,ReMultiplier,tree56,no,0.05,2
0.002928044658465149,0.5703047033976446,0.9612998732321311,SSFrac,tree56,no,0.05,2
1.3813311729214899,1.4487709223830616,1.523026199705432,Re,tree56,no,0.05,2
1.0029424010476322,1.526443971932196,2.3982029399422955,ReMultiplier,tree57.log,yes,0.05,2
0.03198763645121275,0.04845084390999865,0.06814938100840917,SSFrac,tree57.log,yes,0.05,2
1.4259212279669649,1.4968535372216172,1.577681139290096,Re,tree57.log,yes,0.05,2
1.0002437567222473,2.274009383418415,12.6534912833866,ReMultiplier,tree57,no,0.05,2
0.07458524234489364,0.7618060432759235,0.9982174095821255,SSFrac,tree57,no,0.05,2
1.4279667433612127,1.4990237278474579,1.57901569883905,Re,tree57,no,0.05,2
1.0020902011865258,1.4897277071580084,2.404200686639502,ReMultiplier,tree58.log,yes,0.05,2
0.042627924636687846,0.061668087487274446,0.0841525898058318,SSFrac,tree58.log,yes,0.05,2
1.4738305600693753,1.553561862074282,1.6341788509687467,Re,tree58.log,yes,0.05,2
1.0021637846983709,2.61611691012732,12.449953874376071,ReMultiplier,tree58,no,0.05,2
0.07003301481658132,0.6976557504462847,0.9991978416376963,SSFrac,tree58,no,0.05,2
1.4759052678700006,1.5517761807118937,1.626313070760204,Re,tree58,no,0.05,2
1.2706253145971964,2.707914715590097,3.9698657412068856,ReMultiplier,tree59.log,yes,0.05,2
0.0302828706923693,0.04475368534392832,0.06603058005970334,SSFrac,tree59.log,yes,0.05,2
1.4411420774476698,1.521556313822722,1.5979977950848776,Re,tree59.log,yes,0.05,2
1.0059272514894333,2.073571878191584,10.629755692166546,ReMultiplier,tree59,no,0.05,2
0.0014397507717325278,0.6004374484595253,0.9710888760372153,SSFrac,tree59,no,0.05,2
1.4506297491808644,1.523562719286713,1.5956076957770957,Re,tree59,no,0.05,2
1.023799065520885,2.156000024191057,3.29690245230575,ReMultiplier,tree5.log,yes,0.05,2
0.042894106831384775,0.06199924606320547,0.08389153022236732,SSFrac,tree5.log,yes,0.05,2
1.4327333895374592,1.504619292650284,1.571518938958059,Re,tree5.log,yes,0.05,2
1.011588789425176,3.039126561862213,12.84062899609766,ReMultiplier,tree5,no,0.05,2
0.08627463016226841,0.6369439612124599,0.9971932050596213,SSFrac,tree5,no,0.05,2
1.436907210282973,1.5044195023946094,1.5763909457275322,Re,tree5,no,0.05,2
1.0008840704474367,1.9113494211990973,3.011547326863521,ReMultiplier,tree60.log,yes,0.05,2
0.04278240003576554,0.06107475516940527,0.0821366754825686,SSFrac,tree60.log,yes,0.05,2
1.3764017454542106,1.4591301020732121,1.529638157263593,Re,tree60.log,yes,0.05,2
1.0002415424121731,2.2741681045296613,11.99698259266624,ReMultiplier,tree60,no,0.05,2
0.03036687350525822,0.6630190294440939,0.9978604557442592,SSFrac,tree60,no,0.05,2
1.3787726196882997,1.459756002656369,1.5297660640423192,Re,tree60,no,0.05,2
1.0016282118589805,1.8191221695723376,2.8219920771918194,ReMultiplier,tree61.log,yes,0.05,2
0.03190128342614489,0.04708510335870843,0.0675850434516305,SSFrac,tree61.log,yes,0.05,2
1.467202550105044,1.5467262921069813,1.6168652217022728,Re,tree61.log,yes,0.05,2
1.0004902121938617,2.1900476315817006,11.010443462224305,ReMultiplier,tree61,no,0.05,2
0.04962311268806233,0.7044501677298736,0.9970708830445019,SSFrac,tree61,no,0.05,2
1.475780323707867,1.5474928870869857,1.6217283476894138,Re,tree61,no,0.05,2
1.006924632028354,2.145560040922204,3.6160458537327598,ReMultiplier,tree62.log,yes,0.05,2
0.026531925421905127,0.041103910525056755,0.06141368965044035,SSFrac,tree62.log,yes,0.05,2
1.4390816654644205,1.5227240646143714,1.589363715940002,Re,tree62.log,yes,0.05,2
1.0028371096174171,4.453429863713439,15.87577688754197,ReMultiplier,tree62,no,0.05,2
0.09924479711979856,0.5759095785717675,0.9700503831173908,SSFrac,tree62,no,0.05,2
1.4402649924852358,1.5171390758274355,1.5903375471821941,Re,tree62,no,0.05,2
1.0062863579476986,1.9691193784890437,3.0741725976184537,ReMultiplier,tree63.log,yes,0.05,2
0.03207199123330252,0.04851807717374765,0.06750531026148839,SSFrac,tree63.log,yes,0.05,2
1.4102535550576785,1.4798286999821966,1.5468431019353277,Re,tree63.log,yes,0.05,2
1.0013252574244325,2.3661249541639133,11.18987806402699,ReMultiplier,tree63,no,0.05,2
0.034485204859696694,0.6883024474102102,0.9897743625992689,SSFrac,tree63,no,0.05,2
1.410893907103428,1.4791221678412372,1.540689554411833,Re,tree63,no,0.05,2
1.0154420082357836,1.7884086673204416,2.995993695897076,ReMultiplier,tree64.log,yes,0.05,2
0.02391130391641394,0.03895357309827399,0.05690643253732158,SSFrac,tree64.log,yes,0.05,2
1.3837740974980453,1.4578675733097002,1.5265092649675984,Re,tree64.log,yes,0.05,2
1.0051006843693937,1.899704087513304,8.831293043445385,ReMultiplier,tree64,no,0.05,2
0.06030480678723729,0.6818363112325161,0.9998632367875598,SSFrac,tree64,no,0.05,2
1.3877855632676181,1.4569456530922038,1.5302971181524951,Re,tree64,no,0.05,2
1.0342514799396023,1.7180628241296354,3.160166908360234,ReMultiplier,tree65.log,yes,0.05,2
0.03882283838541415,0.05546777063774688,0.07556658198067347,SSFrac,tree65.log,yes,0.05,2
1.4287499717952858,1.4934552338581695,1.5615379576017276,Re,tree65.log,yes,0.05,2
1.0016573992247721,2.2401151688813705,9.659995441722941,ReMultiplier,tree65,no,0.05,2
3.09550283746277e-4,0.5406280753348404,0.9731023156247192,SSFrac,tree65,no,0.05,2
1.4170953639864001,1.4927659344378243,1.5705215644198756,Re,tree65,no,0.05,2
1.9620049455983004,3.4954576597811564,5.246141177033115,ReMultiplier,tree66.log,yes,0.05,2
0.019756291956316577,0.034262916670065306,0.05057822553370982,SSFrac,tree66.log,yes,0.05,2
1.3959176098044603,1.473197361430986,1.540964818189202,Re,tree66.log,yes,0.05,2
1.001645142355127,2.7403944295865825,8.19636894343579,ReMultiplier,tree66,no,0.05,2
6.27675822580031e-4,0.3782303670563154,0.9477056213792624,SSFrac,tree66,no,0.05,2
1.4027871864940387,1.474175744289916,1.5449291456925687,Re,tree66,no,0.05,2
1.078367749846598,2.155228143151915,3.281067532657896,ReMultiplier,tree67.log,yes,0.05,2
0.036594407656642146,0.05820467177491389,0.07608513203426825,SSFrac,tree67.log,yes,0.05,2
1.44147630526911,1.5159196830044932,1.592013944182405,Re,tree67.log,yes,0.05,2
1.0023858863195731,2.2707052950213282,9.251391438598747,ReMultiplier,tree67,no,0.05,2
0.0027632721481833885,0.6432872583010429,0.9658317368381608,SSFrac,tree67,no,0.05,2
1.4454599402500072,1.5205205030359998,1.6037788186264716,Re,tree67,no,0.05,2
1.0002836430168727,1.7133053643510183,2.759553095067511,ReMultiplier,tree68.log,yes,0.05,2
0.03215084686733048,0.04884058546507371,0.07055163180104314,SSFrac,tree68.log,yes,0.05,2
1.5076807326087012,1.577799457392001,1.6486499512939325,Re,tree68.log,yes,0.05,2
1.0004261952235038,2.108995021766955,10.172802133414807,ReMultiplier,tree68,no,0.05,2
0.008590963076069307,0.6555822193033711,0.9821679489167338,SSFrac,tree68,no,0.05,2
1.505053354850969,1.57669017905213,1.6465766448077261,Re,tree68,no,0.05,2
1.0080676156739914,1.832401709995243,2.9657781975415443,ReMultiplier,tree69.log,yes,0.05,2
0.02844889585640048,0.04439324628182861,0.06390818545038729,SSFrac,tree69.log,yes,0.05,2
1.3854002297516925,1.4583795312176355,1.5259784934857004,Re,tree69.log,yes,0.05,2
1.0002086971056494,2.892831091738244,10.935322830197912,ReMultiplier,tree69,no,0.05,2
3.0227010957824767e-4,0.4840699666360989,0.9514885604114542,SSFrac,tree69,no,0.05,2
1.420499632908341,1.488380258698726,1.5762643602002389,Re,tree69,no,0.05,2
1.000455906250384,1.3984526051079804,2.2892322792601614,ReMultiplier,tree6.log,yes,0.05,2
0.021667039337763157,0.03637300294513714,0.053883487996607686,SSFrac,tree6.log,yes,0.05,2
1.3952469777543361,1.4612260114741216,1.5265673317704742,Re,tree6.log,yes,0.05,2
1.0035250888210687,1.8886746601125073,10.002925354915428,ReMultiplier,tree6,no,0.05,2
0.020016324816526175,0.6898088222534708,0.9967245910364274,SSFrac,tree6,no,0.05,2
1.3923563811222446,1.4586380655142346,1.5332986910132884,Re,tree6,no,0.05,2
1.0060491528416537,1.9835172777197232,3.19989955814682,ReMultiplier,tree70.log,yes,0.05,2
0.023456264905010363,0.04046955780794735,0.05660505222374868,SSFrac,tree70.log,yes,0.05,2
1.4118729045421807,1.4904866327569708,1.5578425845806465,Re,tree70.log,yes,0.05,2
1.0018122748587168,1.7911467691276435,7.245969124153186,ReMultiplier,tree70,no,0.05,2
0.02035505398905037,0.5433180422573944,0.9983008032810495,SSFrac,tree70,no,0.05,2
1.4097279463261292,1.4898582453913487,1.5596343257254361,Re,tree70,no,0.05,2
1.0002418630041134,1.8946228945227617,3.0795762931364017,ReMultiplier,tree71.log,yes,0.05,2
0.031383616809377485,0.04985530451551938,0.06801790817386379,SSFrac,tree71.log,yes,0.05,2
1.4079051582107898,1.474992102278741,1.554245697031344,Re,tree71.log,yes,0.05,2
1.0008119030056202,2.033290258618354,8.300224969225637,ReMultiplier,tree71,no,0.05,2
1.6789886006431137e-4,0.6264560887584361,0.9767702054126086,SSFrac,tree71,no,0.05,2
1.40529383131294,1.472352876613892,1.5395309933783918,Re,tree71,no,0.05,2
1.0004637920605841,1.6339278891737932,2.873554031926796,ReMultiplier,tree72.log,yes,0.05,2
0.03218060612005081,0.050075539159864624,0.06903038872326611,SSFrac,tree72.log,yes,0.05,2
1.405941741962772,1.4809428126450106,1.5476907830014839,Re,tree72.log,yes,0.05,2
1.0045062120238866,1.9462540762745149,9.673536231128848,ReMultiplier,tree72,no,0.05,2
1.7967039931205958e-5,0.646171352775502,0.9707483526351546,SSFrac,tree72,no,0.05,2
1.407308232383006,1.4808620214699693,1.5507884788679014,Re,tree72,no,0.05,2
1.0269595407034946,1.8451862475133929,2.976265178977824,ReMultiplier,tree73.log,yes,0.05,2
0.03948343775590941,0.058916698914648874,0.07991023179547732,SSFrac,tree73.log,yes,0.05,2
1.4231835506329829,1.4984257481109424,1.5733842147993735,Re,tree73.log,yes,0.05,2
1.0000330276468845,1.9813447778168523,9.623402957893921,ReMultiplier,tree73,no,0.05,2
0.0031247062553084745,0.6634606063368379,0.9741733622020113,SSFrac,tree73,no,0.05,2
1.4238753523405323,1.4997509928978503,1.5715012319532422,Re,tree73,no,0.05,2
1.384995956676444,2.5445577873647753,3.6625730940007073,ReMultiplier,tree74.log,yes,0.05,2
0.030915743439593257,0.04758846529327206,0.06681408784586737,SSFrac,tree74.log,yes,0.05,2
1.4105282182822054,1.4824445895689902,1.5560175186114167,Re,tree74.log,yes,0.05,2
1.0034001588005974,2.3777061814247347,11.853983062699141,ReMultiplier,tree74,no,0.05,2
0.06540083826419994,0.7030513667461373,0.9989675540555591,SSFrac,tree74,no,0.05,2
1.4105466535091709,1.4831690032913216,1.5517957648068719,Re,tree74,no,0.05,2
1.0374487161690462,1.8355283434557432,2.6486640482372596,ReMultiplier,tree75.log,yes,0.05,2
0.041590092341671304,0.0589840960124661,0.07592123332372157,SSFrac,tree75.log,yes,0.05,2
1.3597711007875803,1.4351840155762108,1.498953137939064,Re,tree75.log,yes,0.05,2
1.0056937298618998,2.6033744245277086,12.964506115805797,ReMultiplier,tree75,no,0.05,2
0.0460101092580091,0.6964906012415837,0.9995476309723841,SSFrac,tree75,no,0.05,2
1.3746238893650156,1.4410048196676795,1.5176774586330095,Re,tree75,no,0.05,2
1.0216023782681778,2.041190565298213,3.0874501854902867,ReMultiplier,tree76.log,yes,0.05,2
0.03700286465072991,0.055514493041080415,0.07591585758717084,SSFrac,tree76.log,yes,0.05,2
1.5012421401416953,1.573893586925519,1.6527969546854833,Re,tree76.log,yes,0.05,2
1.00013413126705,2.174110885130485,11.160036577400408,ReMultiplier,tree76,no,0.05,2
0.050691439019017286,0.7324321012313532,0.9998371685483968,SSFrac,tree76,no,0.05,2
1.4941880719384897,1.5740704907633543,1.6458906612814426,Re,tree76,no,0.05,2
1.0234036978226886,2.1358810915159236,3.4932291128287365,ReMultiplier,tree77.log,yes,0.05,2
0.022834355313943556,0.03639275711773455,0.05483473677731337,SSFrac,tree77.log,yes,0.05,2
1.4269428562415916,1.5044935257522893,1.5708246426458503,Re,tree77.log,yes,0.05,2
1.0004528879333683,1.860623405254028,7.793340622864854,ReMultiplier,tree77,no,0.05,2
0.022246928090981333,0.6237697746622239,0.9977099654543861,SSFrac,tree77,no,0.05,2
1.4288475456724832,1.5023673246996871,1.5823423130403778,Re,tree77,no,0.05,2
1.0122331461442027,2.0188126042052046,3.567796398124583,ReMultiplier,tree78.log,yes,0.05,2
0.0307935899574656,0.04651798122583886,0.0687622829615243,SSFrac,tree78.log,yes,0.05,2
1.4666367728367709,1.5465318714613434,1.6137563277734641,Re,tree78.log,yes,0.05,2
1.0012919797712723,2.6320661699848635,8.056949081236006,ReMultiplier,tree78,no,0.05,2
7.778523789776132e-5,0.36535257322519515,0.9422391229341749,SSFrac,tree78,no,0.05,2
1.4709566703645143,1.5447009691270213,1.6183316509978913,Re,tree78,no,0.05,2
1.0100027478631644,1.7882340463638022,2.8576241877493227,ReMultiplier,tree79.log,yes,0.05,2
0.03616815653354757,0.05072883790248976,0.07398988626060482,SSFrac,tree79.log,yes,0.05,2
1.3800258421164777,1.4560662233736166,1.5075672011345995,Re,tree79.log,yes,0.05,2
1.000970950042828,2.0557831133331375,10.654497451625536,ReMultiplier,tree79,no,0.05,2
0.04516437018181134,0.7079524350540023,0.9996711604226403,SSFrac,tree79,no,0.05,2
1.3892314209228556,1.4549742601042954,1.5238134541271848,Re,tree79,no,0.05,2
1.000885576015925,1.675892713970109,3.0380722831479248,ReMultiplier,tree7.log,yes,0.05,2
0.03439111488650527,0.052904813881065785,0.07293319489088992,SSFrac,tree7.log,yes,0.05,2
1.4449375671870177,1.5204161218774281,1.5949232971879608,Re,tree7.log,yes,0.05,2
1.0041443669139085,2.3931553325199912,9.912397086988381,ReMultiplier,tree7,no,0.05,2
0.026140641933006515,0.5713505766733755,0.9894675151786225,SSFrac,tree7,no,0.05,2
1.444577010334577,1.5185887744895643,1.5906984345714896,Re,tree7,no,0.05,2
1.014198056528832,1.8377995530860272,2.975450417217654,ReMultiplier,tree80.log,yes,0.05,2
0.040694993179825785,0.0637049670554488,0.08358665685411179,SSFrac,tree80.log,yes,0.05,2
1.427920728605761,1.5100358009876609,1.580361533303833,Re,tree80.log,yes,0.05,2
1.011228515366197,2.401682245782013,11.770268459806132,ReMultiplier,tree80,no,0.05,2
0.05690332635248781,0.7082830138713924,0.9980592468663945,SSFrac,tree80,no,0.05,2
1.4490087988897022,1.5112889163708974,1.5836400662288372,Re,tree80,no,0.05,2
1.6449060002179354,3.0893280098797575,4.751731529521386,ReMultiplier,tree81.log,yes,0.05,2
0.024409025150817727,0.03848478379048644,0.05770269963622522,SSFrac,tree81.log,yes,0.05,2
1.3972961829556614,1.4753569451350708,1.5359564786151263,Re,tree81.log,yes,0.05,2
1.0007550114280475,2.8367212884186044,10.112086100185147,ReMultiplier,tree81,no,0.05,2
4.889509951681105e-5,0.5127093927783737,0.9304387903023462,SSFrac,tree81,no,0.05,2
1.4010259686980195,1.4712628813027218,1.548018215806085,Re,tree81,no,0.05,2
1.1214083694576447,2.1086143568745976,3.367926733875111,ReMultiplier,tree82.log,yes,0.05,2
0.04305318418601487,0.06291634839483476,0.08836289687763754,SSFrac,tree82.log,yes,0.05,2
1.467420017239134,1.5334904692598252,1.60943116913811,Re,tree82.log,yes,0.05,2
1.000611487689984,2.5120064203952936,13.183269004494852,ReMultiplier,tree82,no,0.05,2
0.013997150480130961,0.6199499233065751,0.971154976845392,SSFrac,tree82,no,0.05,2
1.4588431471308345,1.5301542057342523,1.5945409245695927,Re,tree82,no,0.05,2
1.0275929039566647,2.1746239436075436,3.4536175632947224,ReMultiplier,tree83.log,yes,0.05,2
0.03219198092665665,0.050013887376780905,0.07067204483069928,SSFrac,tree83.log,yes,0.05,2
1.4171937764350104,1.480374780944638,1.5532956001760596,Re,tree83.log,yes,0.05,2
1.0334119837507296,4.717679845033076,14.489744102500087,ReMultiplier,tree83,no,0.05,2
0.12620484578040225,0.5282303196120158,0.9004961028054628,SSFrac,tree83,no,0.05,2
1.399822526425621,1.48031768829486,1.5463279160427335,Re,tree83,no,0.05,2
1.0383991306067077,2.2529640325694773,3.4867637726709177,ReMultiplier,tree84.log,yes,0.05,2
0.03692353132978364,0.05553999364650205,0.07607184773459502,SSFrac,tree84.log,yes,0.05,2
1.4316908386376235,1.4995049711346284,1.5765801526194774,Re,tree84.log,yes,0.05,2
1.0001351533167315,2.0098585588883155,8.784783259002008,ReMultiplier,tree84,no,0.05,2
0.0309559826359143,0.6349221567012473,0.9982796827349241,SSFrac,tree84,no,0.05,2
1.4160570069817813,1.4991007894808202,1.569681819620725,Re,tree84,no,0.05,2
1.006264201737592,2.0469711744908015,12.669075495177852,ReMultiplier,tree85,no,0.05,2
0.001557406683840186,0.6595169401837193,0.9714499100404831,SSFrac,tree85,no,0.05,2
1.4393712956702904,1.5214037493279293,1.5870789026617431,Re,tree85,no,0.05,2
2.109028669675897,3.6263711054248633,4.999612554437699,ReMultiplier,tree86.log,yes,0.05,2
0.03324116898383414,0.05348618630819779,0.07511697013889539,SSFrac,tree86.log,yes,0.05,2
1.451100027433465,1.5350081564096316,1.6145949744128372,Re,tree86.log,yes,0.05,2
1.0037081891358044,2.395361937652445,12.689159760367776,ReMultiplier,tree86,no,0.05,2
0.059493935998845816,0.7345680549458256,0.999911725450155,SSFrac,tree86,no,0.05,2
1.4584746391771832,1.5332718664847804,1.6060010348859646,Re,tree86,no,0.05,2
1.0047236264981227,2.024173167529134,3.589051186459591,ReMultiplier,tree87.log,yes,0.05,2
0.02969300794823225,0.04953616864097014,0.06946283218472805,SSFrac,tree87.log,yes,0.05,2
1.4147197028289842,1.4799964999399464,1.5583169949412772,Re,tree87.log,yes,0.05,2
1.0028218512343052,2.1107741014794374,9.495604072041461,ReMultiplier,tree87,no,0.05,2
0.036587197389001076,0.6418765247731456,0.9997804721063922,SSFrac,tree87,no,0.05,2
1.431118045316138,1.5015142477205368,1.5689941401099006,Re,tree87,no,0.05,2
1.004465348953194,1.4681814037886318,2.474290002790752,ReMultiplier,tree88.log,yes,0.05,2
0.0276769090163485,0.0419022496261526,0.06139253001698001,SSFrac,tree88.log,yes,0.05,2
1.419288269869541,1.4910544642502965,1.5589789798361573,Re,tree88.log,yes,0.05,2
1.0053798309388373,2.1176981847529888,10.654084911520618,ReMultiplier,tree88,no,0.05,2
0.06166664494338631,0.7199021153961647,0.9995997433306338,SSFrac,tree88,no,0.05,2
1.4146119688050784,1.4894810743082405,1.5548476869820658,Re,tree88,no,0.05,2
1.0169983767794952,2.211990980834565,3.544781790262026,ReMultiplier,tree89.log,yes,0.05,2
0.012363823624431945,0.025015584964782657,0.04104393199150035,SSFrac,tree89.log,yes,0.05,2
1.4256491320182472,1.4977580433011557,1.5607278712437582,Re,tree89.log,yes,0.05,2
1.0024619244194541,1.8803154160924784,8.92474743112878,ReMultiplier,tree89,no,0.05,2
0.0032519488277818216,0.6525047139319818,0.9849477421556723,SSFrac,tree89,no,0.05,2
1.4163745320647172,1.4927435362495756,1.56037595664496,Re,tree89,no,0.05,2
1.000394547051429,1.8020722776142335,2.804705654502157,ReMultiplier,tree8.log,yes,0.05,2
0.023735805215862625,0.03768916026786147,0.057161032209310986,SSFrac,tree8.log,yes,0.05,2
1.424761838582032,1.4941646031362925,1.5657632284512735,Re,tree8.log,yes,0.05,2
1.0006683177516984,1.7321866484792303,7.9939195373906875,ReMultiplier,tree8,no,0.05,2
0.025485018761970485,0.7277911878897874,0.9996944121887247,SSFrac,tree8,no,0.05,2
1.4316772584389654,1.4967594303178042,1.569155069190006,Re,tree8,no,0.05,2
1.001944224262537,1.3625204913038105,2.1886122175010607,ReMultiplier,tree90.log,yes,0.05,2
0.047502827151973376,0.06796825570977454,0.08986630327954677,SSFrac,tree90.log,yes,0.05,2
1.4607234529939512,1.531928805058055,1.6060291403207327,Re,tree90.log,yes,0.05,2
1.0003008922130971,2.139345790791543,10.107799975224406,ReMultiplier,tree90,no,0.05,2
0.031338708129155415,0.6450285918669765,0.9999806515411519,SSFrac,tree90,no,0.05,2
1.4550286076402477,1.5296146099115218,1.602419422956217,Re,tree90,no,0.05,2
1.0001797821534915,1.507073449994724,2.487118794841078,ReMultiplier,tree91.log,yes,0.05,2
0.03829410341303362,0.05523046646797097,0.07463261140824022,SSFrac,tree91.log,yes,0.05,2
1.44835496259449,1.5211456262683825,1.5837601413721152,Re,tree91.log,yes,0.05,2
1.0080245490323472,1.8150678691265978,8.349990892050284,ReMultiplier,tree91,no,0.05,2
0.03620513597545797,0.686439454973503,0.9998777561170289,SSFrac,tree91,no,0.05,2
1.450679658158149,1.5260863897713295,1.5973208042564355,Re,tree91,no,0.05,2
1.0006707649734106,1.9158891507488867,2.9668006725575498,ReMultiplier,tree92.log,yes,0.05,2
0.04322336777532091,0.06162793240879705,0.08548384941256694,SSFrac,tree92.log,yes,0.05,2
1.4278967916272112,1.5014648873400476,1.571018804981075,Re,tree92.log,yes,0.05,2
1.0079161637131366,2.769628706975768,11.533779063715425,ReMultiplier,tree92,no,0.05,2
5.609347253228739e-4,0.5858531613719591,0.9652320324457284,SSFrac,tree92,no,0.05,2
1.42758817639584,1.4924466669015166,1.567858263128591,Re,tree92,no,0.05,2
1.001139341882837,2.1852114218169234,3.2489985005355173,ReMultiplier,tree94.log,yes,0.05,2
0.03545452202189972,0.055602003755164914,0.07715439103838459,SSFrac,tree94.log,yes,0.05,2
1.4509223425857223,1.5216308579519118,1.5874501861380534,Re,tree94.log,yes,0.05,2
1.0046050977748493,2.544273696612965,11.8459791673872,ReMultiplier,tree94,no,0.05,2
8.280108400739705e-5,0.5536419870231022,0.9421361530700788,SSFrac,tree94,no,0.05,2
1.3720387506636313,1.435635976368585,1.5138815199743028,Re,tree94,no,0.05,2
1.0465467902883152,2.357610217279091,3.6287812594500957,ReMultiplier,tree96.log,yes,0.05,2
0.026629085202771546,0.04757845120257565,0.06220694495202925,SSFrac,tree96.log,yes,0.05,2
1.4299930736203215,1.5070277995156607,1.573092023445341,Re,tree96.log,yes,0.05,2
1.039942864962267,3.078863376455735,8.077218537672499,ReMultiplier,tree96,no,0.05,2
0.0072520159053902095,0.5059996371142071,0.9251070555301834,SSFrac,tree96,no,0.05,2
1.43627980539226,1.507246190866572,1.5804744867165985,Re,tree96,no,0.05,2
1.0930663069394064,2.1804467384007493,3.2810054869447387,ReMultiplier,tree97.log,yes,0.05,2
0.033328843157477334,0.05002453712550409,0.0695558923703189,SSFrac,tree97.log,yes,0.05,2
1.386591839465879,1.4527658482431256,1.518021868131727,Re,tree97.log,yes,0.05,2
1.001684007875913,2.145785090760481,12.49370975540356,ReMultiplier,tree97,no,0.05,2
0.020100823835094515,0.7102189306502273,0.9919531070575961,SSFrac,tree97,no,0.05,2
1.3813688617129427,1.454605437240387,1.5241375996979074,Re,tree97,no,0.05,2
1.3129048847208011,2.633540013195379,4.001555600839015,ReMultiplier,tree98.log,yes,0.05,2
0.024227876739058008,0.04205750671078548,0.06022070576152886,SSFrac,tree98.log,yes,0.05,2
1.4052004084429808,1.4824467109748067,1.5587505928341514,Re,tree98.log,yes,0.05,2
1.016325480976655,3.1548730041340116,11.048391575976366,ReMultiplier,tree98,no,0.05,2
0.03757673705664437,0.48428839035761884,0.9114479491378216,SSFrac,tree98,no,0.05,2
1.3943157756154563,1.467034892850442,1.5392558925581599,Re,tree98,no,0.05,2
1.0006999605825722,2.1987052598372907,11.240430347891973,ReMultiplier,tree99,no,0.05,2
0.028182105469968077,0.7208650063062467,0.9974308273007846,SSFrac,tree99,no,0.05,2
1.4037055658684319,1.4698940712427389,1.5404607118566729,Re,tree99,no,0.05,2
1.0010838250474083,1.4245556373486914,2.226451345028013,ReMultiplier,tree9.log,yes,0.05,2
0.03562942843397656,0.05632152824747091,0.07553463796675074,SSFrac,tree9.log,yes,0.05,2
1.4800921941692147,1.5429058535016225,1.6224932106207586,Re,tree9.log,yes,0.05,2
1.0002133032771783,2.0271622267447187,9.778447778623743,ReMultiplier,tree9,no,0.05,2
0.024928215406025238,0.6466155971226791,0.9965530950858937,SSFrac,tree9,no,0.05,2
1.4612805583423665,1.544098596016684,1.613354218645666,Re,tree9,no,0.05,2
3.075686284329018,6.585918578886969,13.510802590874228,ReMultiplier,tree0.log,yes,0.25,10
0.20151340283283087,0.23371666181860065,0.2708720472520849,SSFrac,tree0.log,yes,0.25,10
1.398264712315954,1.4891153431382254,1.5924534593933946,Re,tree0.log,yes,0.25,10
3.12177024939337,7.751424217196195,17.1881993245643,ReMultiplier,tree0,no,0.25,10
0.1373465719373282,0.3039372235635809,0.514833741069881,SSFrac,tree0,no,0.25,10
1.3913624242858211,1.4961833821605992,1.5886666838901604,Re,tree0,no,0.25,10
4.586246415535274,8.593696942999463,14.68108132809955,ReMultiplier,tree10.log,yes,0.25,10
0.18060494001453262,0.21374066899763747,0.2463298057487493,SSFrac,tree10.log,yes,0.25,10
1.2969826298137204,1.3759117851355913,1.4597503733189612,Re,tree10.log,yes,0.25,10
4.61136384120964,9.232710122760516,17.29069114298921,ReMultiplier,tree10,no,0.25,10
0.1096962987183116,0.2058355358601189,0.3285660080243472,SSFrac,tree10,no,0.25,10
1.2759820120307923,1.3643911664794905,1.4596158647656279,Re,tree10,no,0.25,10
5.144616827243127,9.83634632843174,16.73616858988457,ReMultiplier,tree11.log,yes,0.25,10
0.22557391478355882,0.2628302649450137,0.30542248463620286,SSFrac,tree11.log,yes,0.25,10
1.346896874521945,1.4482561151572308,1.546642164033608,Re,tree11.log,yes,0.25,10
5.423477445700137,10.365617424476405,17.80342111971765,ReMultiplier,tree11,no,0.25,10
0.11093482632721886,0.18006390640409092,0.27261913764723933,SSFrac,tree11,no,0.25,10
1.352295055714942,1.4439531896394437,1.5467570863987972,Re,tree11,no,0.25,10
3.258513291022142,7.864826055588078,18.012441016086125,ReMultiplier,tree12.log,yes,0.25,10
0.2132427201451873,0.2501413179581196,0.2863885832351889,SSFrac,tree12.log,yes,0.25,10
1.3950457341253886,1.4963544848208823,1.578664732853806,Re,tree12.log,yes,0.25,10
3.409103184112527,10.154257369918879,22.03442979260615,ReMultiplier,tree12,no,0.25,10
0.1661490106332785,0.2912360581603932,0.4579002890112869,SSFrac,tree12,no,0.25,10
1.3941576427775233,1.4951439529407993,1.589564509322792,Re,tree12,no,0.25,10
4.260923340457196,7.882974659014229,14.024528468122242,ReMultiplier,tree13.log,yes,0.25,10
0.22175841705183988,0.2561881247216575,0.29454277233957915,SSFrac,tree13.log,yes,0.25,10
1.4669857943816804,1.5676431692776673,1.668821487857125,Re,tree13.log,yes,0.25,10
3.769893220159419,7.822557787887824,14.919093067147271,ReMultiplier,tree13,no,0.25,10
0.14582085594757893,0.2650676158260472,0.4369839523045446,SSFrac,tree13,no,0.25,10
1.455999309271799,1.5615565471319988,1.654798503800355,Re,tree13,no,0.25,10
3.1703995098070283,6.670873375781522,13.181090544298756,ReMultiplier,tree14.log,yes,0.25,10
0.2330874092454375,0.2694418646427936,0.30479574355598726,SSFrac,tree14.log,yes,0.25,10
1.4116243021593329,1.4955354220409596,1.5911020110579837,Re,tree14.log,yes,0.25,10
3.7476115196339848,6.363609883841315,10.966795962724442,ReMultiplier,tree14,no,0.25,10
0.08438129542161373,0.1757603402093737,0.3461565984991485,SSFrac,tree14,no,0.25,10
1.4883036440428388,1.5830672432209498,1.691337120080573,Re,tree14,no,0.25,10
3.711703334642383,6.312104263505345,11.445814249499929,ReMultiplier,tree15.log,yes,0.25,10
0.22442976400444625,0.25924680244726345,0.2935401571438374,SSFrac,tree15.log,yes,0.25,10
1.410455212431697,1.5088379633538553,1.613611611717179,Re,tree15.log,yes,0.25,10
4.044617197737032,7.789755252350702,14.577258378221302,ReMultiplier,tree15,no,0.25,10
0.13392280735131834,0.25982696216754664,0.3988565127020587,SSFrac,tree15,no,0.25,10
1.519067008824958,1.6309331795217568,1.740696363084102,Re,tree15,no,0.25,10
5.482712284454652,9.9434611963628,15.94769357892226,ReMultiplier,tree16.log,yes,0.25,10
0.20632144383310985,0.24277732404663369,0.27931229170636945,SSFrac,tree16.log,yes,0.25,10
1.3709471372176545,1.4754846917715112,1.5740308965828054,Re,tree16.log,yes,0.25,10
4.528908554383931,9.761983421226162,18.486027087496524,ReMultiplier,tree16,no,0.25,10
0.17492478406214884,0.2900766668431902,0.4142558431460238,SSFrac,tree16,no,0.25,10
1.4411368204560566,1.5502128454998207,1.6426562751525624,Re,tree16,no,0.25,10
5.228409430367545,11.500999752521086,20.826976582263235,ReMultiplier,tree17.log,yes,0.25,10
0.2158997875233318,0.2562958425670137,0.2859120118737104,SSFrac,tree17.log,yes,0.25,10
1.5220663357023423,1.6073962444943324,1.713838589032211,Re,tree17.log,yes,0.25,10
3.8900084172163196,12.13872844849367,23.45328201801943,ReMultiplier,tree17,no,0.25,10
0.1903218635405091,0.29883736698768654,0.44669789000740384,SSFrac,tree17,no,0.25,10
1.5196404704124968,1.6056496025424223,1.7139892376546648,Re,tree17,no,0.25,10
4.096447731077756,7.986230387376904,16.149188485158106,ReMultiplier,tree18.log,yes,0.25,10
0.24239372511898766,0.2812046522629359,0.32057202189980616,SSFrac,tree18.log,yes,0.25,10
1.378009024627159,1.4665570322044124,1.5670036904733944,Re,tree18.log,yes,0.25,10
3.2237919050617974,6.86489406994502,15.407593971283385,ReMultiplier,tree18,no,0.25,10
0.11760019696770019,0.29795289834093464,0.5180228495928912,SSFrac,tree18,no,0.25,10
1.3605341788369378,1.4582831884383984,1.5594337144595742,Re,tree18,no,0.25,10
1.9053843630752507,4.3158414000667324,8.86386497043722,ReMultiplier,tree19.log,yes,0.25,10
0.2596101456617622,0.30091841833255284,0.3410972865144252,SSFrac,tree19.log,yes,0.25,10
1.5463131260186376,1.6385086677290097,1.7464235877952095,Re,tree19.log,yes,0.25,10
1.318983161078472,4.196299450863979,10.97587637791013,ReMultiplier,tree19,no,0.25,10
0.06886388875474576,0.41716132191101096,0.8049963314333201,SSFrac,tree19,no,0.25,10
1.5303823746376393,1.6377297197535996,1.7246005740546204,Re,tree19,no,0.25,10
3.6381300910733714,7.170908995438278,13.090934455293926,ReMultiplier,tree1.log,yes,0.25,10
0.20665630777284114,0.24374996409638405,0.27937224117611487,SSFrac,tree1.log,yes,0.25,10
1.3485107508510632,1.452245395757569,1.5397990661658172,Re,tree1.log,yes,0.25,10
4.468233272981064,7.674124357362791,14.367579188582397,ReMultiplier,tree1,no,0.25,10
0.11319344974351525,0.20484083634466788,0.3442287561795962,SSFrac,tree1,no,0.25,10
1.3460785813125273,1.4395186170563163,1.5451682868188574,Re,tree1,no,0.25,10
4.967925132573219,9.366973276694843,15.096772546045672,ReMultiplier,tree20.log,yes,0.25,10
0.20359133994080647,0.2390615948717309,0.27464292046150823,SSFrac,tree20.log,yes,0.25,10
1.3619316714601113,1.4576762874726494,1.5647105089478381,Re,tree20.log,yes,0.25,10
4.37616964155143,9.669114184664084,17.892993549562785,ReMultiplier,tree20,no,0.25,10
0.12736473637046852,0.21301949015153815,0.3241089521176842,SSFrac,tree20,no,0.25,10
1.3407345963425452,1.438965775371992,1.5513358784684124,Re,tree20,no,0.25,10
4.385869202129334,8.492066993226626,17.498445824443817,ReMultiplier,tree21.log,yes,0.25,10
0.24199750974203352,0.2771574288663047,0.3186114155573156,SSFrac,tree21.log,yes,0.25,10
1.4854017029201605,1.586973209709817,1.6892859736964565,Re,tree21.log,yes,0.25,10
4.021250917214283,10.195036310942994,20.03874845793725,ReMultiplier,tree21,no,0.25,10
0.15128326030747036,0.26827701346422717,0.40556506238043694,SSFrac,tree21,no,0.25,10
1.475980863358321,1.5868216599446496,1.6840264458225682,Re,tree21,no,0.25,10
4.767361663225337,9.952377823826126,17.66981838675864,ReMultiplier,tree22.log,yes,0.25,10
0.24907400423989334,0.2842908027953,0.3234893156258392,SSFrac,tree22.log,yes,0.25,10
1.3772311521602667,1.480400773471407,1.5810461162023162,Re,tree22.log,yes,0.25,10
4.12896065649899,8.054893295384726,14.476674069024389,ReMultiplier,tree22,no,0.25,10
0.12068989314543699,0.21812810432244034,0.356540573241791,SSFrac,tree22,no,0.25,10
1.3730928152850974,1.4729229647548174,1.567086016532701,Re,tree22,no,0.25,10
3.794310102298822,7.686365193859858,12.833870973641563,ReMultiplier,tree23.log,yes,0.25,10
0.21715984288369522,0.2560758982651346,0.2882120552686071,SSFrac,tree23.log,yes,0.25,10
1.4052325271794888,1.5136960234595283,1.5972096795418247,Re,tree23.log,yes,0.25,10
3.7560142147344258,7.557359515637068,13.896541113151931,ReMultiplier,tree23,no,0.25,10
0.1489581297711158,0.2633952784969177,0.41215692990573977,SSFrac,tree23,no,0.25,10
1.4038519054009695,1.5043854292035237,1.6167518965138412,Re,tree23,no,0.25,10
3.8798298159342175,7.906964510333353,15.044744067827,ReMultiplier,tree24.log,yes,0.25,10
0.21630850346879074,0.2544446208572064,0.29141662680053543,SSFrac,tree24.log,yes,0.25,10
1.4189676825865987,1.517816873849579,1.6184922804678807,Re,tree24.log,yes,0.25,10
3.7827925053409195,8.560495602225696,17.674450993686648,ReMultiplier,tree24,no,0.25,10
0.18178434796409584,0.2937518124560882,0.4776299817891077,SSFrac,tree24,no,0.25,10
1.4165693661352,1.5243469461294539,1.6094062587347158,Re,tree24,no,0.25,10
4.07892108878362,7.135967875631714,12.849866809006725,ReMultiplier,tree25.log,yes,0.25,10
0.23452477726837076,0.27455344333386345,0.31450103426843967,SSFrac,tree25.log,yes,0.25,10
1.4226444762960055,1.5232913457006076,1.6257308288919197,Re,tree25.log,yes,0.25,10
4.757097516471829,7.681909472744961,13.748484535734695,ReMultiplier,tree25,no,0.25,10
0.11306149975250918,0.22025993286089332,0.3489325609922792,SSFrac,tree25,no,0.25,10
1.4196578156760018,1.5156731179872862,1.6233917899198311,Re,tree25,no,0.25,10
2.6942904601134696,6.190581282070907,15.935368570264082,ReMultiplier,tree26.log,yes,0.25,10
0.2112166652568769,0.2432328167577328,0.2809982832378102,SSFrac,tree26.log,yes,0.25,10
1.4000330632209652,1.489305921552916,1.5873322582521012,Re,tree26.log,yes,0.25,10
2.4715086546256773,6.761383128953284,14.055959172795596,ReMultiplier,tree26,no,0.25,10
0.2003970122852361,0.36072997481424385,0.5951760429255982,SSFrac,tree26,no,0.25,10
1.4019230550296469,1.494229870992255,1.5830730195381049,Re,tree26,no,0.25,10
4.6046155964036055,11.385615852662756,22.959615094468454,ReMultiplier,tree27.log,yes,0.25,10
0.21289534509307137,0.25114533986765675,0.2869284198054873,SSFrac,tree27.log,yes,0.25,10
1.3368952306197968,1.4518370991323293,1.5454290244160773,Re,tree27.log,yes,0.25,10
4.6090058460780226,10.818145410469805,21.72465205528242,ReMultiplier,tree27,no,0.25,10
0.16475845027273817,0.27283107933708445,0.4049703074349795,SSFrac,tree27,no,0.25,10
1.3474365959933534,1.457142478352094,1.5683745477912303,Re,tree27,no,0.25,10
2.9340566880227468,7.755156871652287,14.421553214199985,ReMultiplier,tree28.log,yes,0.25,10
0.22338955117907697,0.25973204574235037,0.2930498392823863,SSFrac,tree28.log,yes,0.25,10
1.4536767570967808,1.5530986596357204,1.6481620122940193,Re,tree28.log,yes,0.25,10
3.62360128248376,8.583856221746178,17.66093820237485,ReMultiplier,tree28,no,0.25,10
0.19096473378114304,0.3032039927013113,0.49596644537711787,SSFrac,tree28,no,0.25,10
1.4293792911816805,1.5376573205051898,1.6365868667139802,Re,tree28,no,0.25,10
2.908376426099595,5.908110633676836,10.85256206989827,ReMultiplier,tree29.log,yes,0.25,10
0.20495411102104455,0.24114064037657446,0.273699801421346,SSFrac,tree29.log,yes,0.25,10
1.4405116019497204,1.5484160254196997,1.655496323439459,Re,tree29.log,yes,0.25,10
2.8677258949110804,6.817568974826706,15.652514967699538,ReMultiplier,tree29,no,0.25,10
0.1542287224641136,0.3069258158963963,0.5159946032984004,SSFrac,tree29,no,0.25,10
1.4559889983503378,1.548634907695358,1.6543926059534753,Re,tree29,no,0.25,10
2.7889492611300377,5.251223962509272,8.046686259401136,ReMultiplier,tree2.log,yes,0.25,10
0.21183460408838342,0.2449081479997176,0.2838049261989557,SSFrac,tree2.log,yes,0.25,10
1.4228215896514766,1.5341334910546092,1.6222518273097244,Re,tree2.log,yes,0.25,10
2.865278236833975,4.884975392892695,8.217605793732297,ReMultiplier,tree2,no,0.25,10
0.07375996961140054,0.22535063127192512,0.41167171497499416,SSFrac,tree2,no,0.25,10
1.4266674801476416,1.5295729759128809,1.6260208305603456,Re,tree2,no,0.25,10
4.139315545555844,6.957552318187924,12.85536618044259,ReMultiplier,tree30.log,yes,0.25,10
0.18694162761262018,0.2222798728133527,0.2538930818142444,SSFrac,tree30.log,yes,0.25,10
1.4579210965990814,1.5501990487671202,1.6577294619295915,Re,tree30.log,yes,0.25,10
3.724547731912076,5.956442128922921,10.6971232036326,ReMultiplier,tree30,no,0.25,10
0.06063594470173217,0.16815221673305858,0.320677282917368,SSFrac,tree30,no,0.25,10
1.4528795869986586,1.5536321606019738,1.6505044101266988,Re,tree30,no,0.25,10
3.6866661232818285,8.438109687711762,17.512564074642928,ReMultiplier,tree31.log,yes,0.25,10
0.2267778610101592,0.2610467690877343,0.3001772687876422,SSFrac,tree31.log,yes,0.25,10
1.3392999343044776,1.4390391821727038,1.5285508199970192,Re,tree31.log,yes,0.25,10
3.0484605072814324,8.61325802208395,18.723980883111896,ReMultiplier,tree31,no,0.25,10
0.15190530495402865,0.29284221199860355,0.4775200559341611,SSFrac,tree31,no,0.25,10
1.3515628462905496,1.4453395425350666,1.544060678473094,Re,tree31,no,0.25,10
3.9444644930870267,7.416504912136992,11.68669546925857,ReMultiplier,tree32.log,yes,0.25,10
0.1543224308920155,0.18387430509248623,0.21860503484604607,SSFrac,tree32.log,yes,0.25,10
1.4688011471391555,1.575543305011537,1.6741422657369036,Re,tree32.log,yes,0.25,10
4.302341775334095,7.3678215476455575,12.196812245939284,ReMultiplier,tree32,no,0.25,10
0.11356507656646135,0.19837754685369424,0.31698913797229517,SSFrac,tree32,no,0.25,10
1.4665187523317529,1.577942649881646,1.6713666942602083,Re,tree32,no,0.25,10
5.990007819504285,14.684763250390333,29.22472411301184,ReMultiplier,tree33.log,yes,0.25,10
0.22447324736529684,0.255717892923625,0.2942224131724495,SSFrac,tree33.log,yes,0.25,10
1.3851188105865377,1.4745246877487863,1.5809048149499905,Re,tree33.log,yes,0.25,10
4.000676547018537,12.334514910732047,25.64485571208179,ReMultiplier,tree33,no,0.25,10
0.15836418934118793,0.2982913455510875,0.444139115277335,SSFrac,tree33,no,0.25,10
1.383506211784677,1.4818767263770678,1.5794967706030236,Re,tree33,no,0.25,10
6.330631262556613,13.6272888252184,26.79271354834582,ReMultiplier,tree34.log,yes,0.25,10
0.1909236065835351,0.22566943653801613,0.2619637608661803,SSFrac,tree34.log,yes,0.25,10
1.3438274718771592,1.448590450780761,1.55424217238468,Re,tree34.log,yes,0.25,10
4.711163811515425,11.41033997374251,21.4475422062399,ReMultiplier,tree34,no,0.25,10
0.15903665817577584,0.24994079497730076,0.3838629797210122,SSFrac,tree34,no,0.25,10
1.3601327914387416,1.4563237464917975,1.563086758685669,Re,tree34,no,0.25,10
3.799566352951988,6.938666417598487,14.093092486321245,ReMultiplier,tree35.log,yes,0.25,10
0.2417663211783862,0.2745063323673289,0.3171151211328133,SSFrac,tree35.log,yes,0.25,10
1.3190288811742212,1.4015187313023734,1.4928158329195702,Re,tree35.log,yes,0.25,10
3.7616742530988025,7.532410255938176,13.477511637996965,ReMultiplier,tree35,no,0.25,10
0.09359462922857827,0.20499026486444372,0.34335406692015286,SSFrac,tree35,no,0.25,10
1.321172307798556,1.4065209140720958,1.5079550402523243,Re,tree35,no,0.25,10
5.369376743325652,8.807912366802015,14.54733209839886,ReMultiplier,tree36.log,yes,0.25,10
0.2155094264754935,0.25005832490486885,0.2882274853835488,SSFrac,tree36.log,yes,0.25,10
1.3628534837085025,1.4726159270447128,1.5752756555044827,Re,tree36.log,yes,0.25,10
4.112775844132151,7.901993703961045,13.602041810052986,ReMultiplier,tree36,no,0.25,10
0.1375549991837326,0.23185329696963825,0.34694007872542004,SSFrac,tree36,no,0.25,10
1.3537788756551252,1.470324773774329,1.572418229544624,Re,tree36,no,0.25,10
6.626190650759184,14.37224436221798,27.46777923508828,ReMultiplier,tree37.log,yes,0.25,10
0.21747280629577503,0.2533566709081242,0.2930595203458242,SSFrac,tree37.log,yes,0.25,10
1.4161474706941128,1.5194973040284812,1.623798584203488,Re,tree37.log,yes,0.25,10
4.81113665974819,13.640201209710927,26.504191988465855,ReMultiplier,tree37,no,0.25,10
0.1451713646876403,0.2584358367189348,0.4062594733872224,SSFrac,tree37,no,0.25,10
1.4135329983300047,1.5188635833643183,1.622291413021154,Re,tree37,no,0.25,10
3.469916966907923,7.370280300243175,13.981127766892412,ReMultiplier,tree38,no,0.25,10
0.10628336511152549,0.2037743760722584,0.3397682418937802,SSFrac,tree38,no,0.25,10
1.3360663879223111,1.447538359733782,1.5393290632372243,Re,tree38,no,0.25,10
4.536302033789171,7.3946161599423075,11.351994602723604,ReMultiplier,tree39.log,yes,0.25,10
0.18304928804785472,0.21655530443513227,0.2527989118754776,SSFrac,tree39.log,yes,0.25,10
1.3561235140550272,1.4668053314097553,1.5600113051536009,Re,tree39.log,yes,0.25,10
4.967193599994991,7.4710872131283645,11.35697208710258,ReMultiplier,tree39,no,0.25,10
0.08049564993759736,0.13651283154779906,0.21690176338452422,SSFrac,tree39,no,0.25,10
1.3550952430352494,1.455160680765974,1.5576073804936876,Re,tree39,no,0.25,10
2.8598334607509988,6.732060731835928,16.837389261146143,ReMultiplier,tree3.log,yes,0.25,10
0.21840516571781923,0.25546016983332404,0.29137316022716203,SSFrac,tree3.log,yes,0.25,10
1.3864988766421875,1.4711771556382485,1.5809436653255362,Re,tree3.log,yes,0.25,10
2.6065846466071965,6.900350219221953,19.725039608832656,ReMultiplier,tree3,no,0.25,10
0.07560827083632901,0.35693255673497176,0.5935716179551839,SSFrac,tree3,no,0.25,10
1.388946405048138,1.475477940628341,1.5769504998187684,Re,tree3,no,0.25,10
5.435009920644545,9.75844167464843,19.004984271285622,ReMultiplier,tree40.log,yes,0.25,10
0.243110069587509,0.27691057593704066,0.319318907230709,SSFrac,tree40.log,yes,0.25,10
1.3998035154638402,1.4882845273196497,1.5945863162724665,Re,tree40.log,yes,0.25,10
3.2315099945002728,7.743359606176349,15.03875927141539,ReMultiplier,tree40,no,0.25,10
0.1498971777676745,0.2621602980967849,0.4275673801845104,SSFrac,tree40,no,0.25,10
1.3765626595979783,1.4860096143251729,1.5811226061934578,Re,tree40,no,0.25,10
5.556777331829113,11.392115247104023,22.93153477538628,ReMultiplier,tree41.log,yes,0.25,10
0.24564295496597005,0.28418425469449665,0.32406844251758377,SSFrac,tree41.log,yes,0.25,10
1.3776006412486255,1.487139211283667,1.5852205788576894,Re,tree41.log,yes,0.25,10
5.83888441284571,12.853497807657778,24.76958002393294,ReMultiplier,tree41,no,0.25,10
0.13690536873563935,0.2169181639448607,0.33975024589867664,SSFrac,tree41,no,0.25,10
1.366493355958697,1.4770992202086521,1.5723180273962403,Re,tree41,no,0.25,10
4.6379007279313695,10.654026515491717,22.414027528270893,ReMultiplier,tree42.log,yes,0.25,10
0.2239858987315157,0.25708562846690397,0.29744453642430463,SSFrac,tree42.log,yes,0.25,10
1.3928594739919484,1.4850334954940665,1.6020334495722937,Re,tree42.log,yes,0.25,10
3.976959221196989,11.049918309643138,24.09692378670033,ReMultiplier,tree42,no,0.25,10
0.16696673137164317,0.2880351505523857,0.43313707736175827,SSFrac,tree42,no,0.25,10
1.3838692591625896,1.4913051875042345,1.588609788027706,Re,tree42,no,0.25,10
2.401719515835744,4.793789343411897,9.035709973557905,ReMultiplier,tree43.log,yes,0.25,10
0.2239172817234793,0.25855939799248706,0.2960468478789027,SSFrac,tree43.log,yes,0.25,10
1.3517126754518716,1.4571607949927292,1.5461880791978542,Re,tree43.log,yes,0.25,10
1.8521999321296407,5.56599731755902,13.255340957592013,ReMultiplier,tree43,no,0.25,10
0.13272423993052093,0.39207567100908947,0.663772591646249,SSFrac,tree43,no,0.25,10
1.3644524627078018,1.4473510953295523,1.5552257183970088,Re,tree43,no,0.25,10
3.1452997117677066,5.772408053360875,9.7470659812862,ReMultiplier,tree44.log,yes,0.25,10
0.2320077469670147,0.2709975971874078,0.3109181140941847,SSFrac,tree44.log,yes,0.25,10
1.4117850405940713,1.5185428875442541,1.6128051150913072,Re,tree44.log,yes,0.25,10
2.9462219992342487,5.857760789398901,10.594573929569634,ReMultiplier,tree44,no,0.25,10
0.0790334565697912,0.2153003955027372,0.3896857657582552,SSFrac,tree44,no,0.25,10
1.4196758691787656,1.515134884737111,1.6171673801900777,Re,tree44,no,0.25,10
1.5153117782076648,3.3803497112915517,7.435157653395412,ReMultiplier,tree45.log,yes,0.25,10
0.2273266409838973,0.26785591744816006,0.3045180913014154,SSFrac,tree45.log,yes,0.25,10
1.4694301111389108,1.5668785203975486,1.6635841298218719,Re,tree45.log,yes,0.25,10
1.8399437383617683,5.5803789731986235,15.044821074231008,ReMultiplier,tree45,no,0.25,10
0.020825876942636958,0.44185796647498954,0.7434838628276977,SSFrac,tree45,no,0.25,10
1.479845076392197,1.567856915933398,1.6709431481928985,Re,tree45,no,0.25,10
6.942700424441408,14.02588711420156,25.787099967304272,ReMultiplier,tree46.log,yes,0.25,10
0.19374424451267494,0.2329962175616444,0.2617969126526987,SSFrac,tree46.log,yes,0.25,10
1.4120023948314404,1.5018607976377716,1.600972117686456,Re,tree46.log,yes,0.25,10
8.096897448943764,17.297864477349687,31.783594225860814,ReMultiplier,tree46,no,0.25,10
0.10866785436709446,0.17315183094453193,0.2570322561935663,SSFrac,tree46,no,0.25,10
1.3874356662451217,1.4903935075083492,1.5984430306327584,Re,tree46,no,0.25,10
5.04717225943675,10.216711676380548,18.387973936465368,ReMultiplier,tree47.log,yes,0.25,10
0.23140238734939728,0.26546567789489117,0.3075464726352891,SSFrac,tree47.log,yes,0.25,10
1.467051235824367,1.5626680052753614,1.6570082245702036,Re,tree47.log,yes,0.25,10
5.171914688572158,10.776452766396414,21.95623113396635,ReMultiplier,tree47,no,0.25,10
0.10344411827728746,0.18459481452044443,0.28122486911088407,SSFrac,tree47,no,0.25,10
1.460166570186903,1.551679946134208,1.653723003203338,Re,tree47,no,0.25,10
5.917588706695358,10.978016275743911,18.004296637709786,ReMultiplier,tree48.log,yes,0.25,10
0.21751701959202555,0.2529065396159257,0.29020281070165577,SSFrac,tree48.log,yes,0.25,10
1.3794007234338934,1.4925643118528364,1.6121731868930718,Re,tree48.log,yes,0.25,10
5.695983503015523,10.239462370524306,17.30936148465964,ReMultiplier,tree48,no,0.25,10
0.0859926434581795,0.14475430374342135,0.21667001635619923,SSFrac,tree48,no,0.25,10
1.3664876426832293,1.4720655937380402,1.5693243997721078,Re,tree48,no,0.25,10
4.429260050992067,8.676412886744117,14.990827990994864,ReMultiplier,tree49.log,yes,0.25,10
0.21037415973191465,0.24522976687324666,0.2847324151717459,SSFrac,tree49.log,yes,0.25,10
1.434173426350212,1.5457785575328122,1.642467187343273,Re,tree49.log,yes,0.25,10
3.909917380639252,7.934884735218865,15.173531087706385,ReMultiplier,tree49,no,0.25,10
0.14292554807187138,0.2490894893754797,0.41157121755775694,SSFrac,tree49,no,0.25,10
1.444475560514017,1.5470350744972752,1.6386801173382113,Re,tree49,no,0.25,10
3.8989901779076503,6.566387489244582,10.17386381367685,ReMultiplier,tree4.log,yes,0.25,10
0.20426792418652204,0.2346257805351622,0.27144297674216367,SSFrac,tree4.log,yes,0.25,10
1.3070323363051826,1.3995170719203631,1.491505443456595,Re,tree4.log,yes,0.25,10
3.855955194664152,5.978148234560333,10.015184086095989,ReMultiplier,tree4,no,0.25,10
0.09030149074149701,0.19550819540082925,0.3314467625204154,SSFrac,tree4,no,0.25,10
1.2987994224289081,1.3995981696004414,1.4865576237982223,Re,tree4,no,0.25,10
4.876990926715156,11.724515596570555,21.60141390718357,ReMultiplier,tree50.log,yes,0.25,10
0.18829496617771993,0.22215326630429125,0.25822574007344057,SSFrac,tree50.log,yes,0.25,10
1.4148053307354185,1.5319024091990299,1.6334006786471762,Re,tree50.log,yes,0.25,10
6.4951617649988105,13.347659820801486,26.182537151932397,ReMultiplier,tree50,no,0.25,10
0.14218059822270193,0.23564985545940442,0.3513278292720099,SSFrac,tree50,no,0.25,10
1.4305502040418516,1.5387921911034446,1.6454220869080027,Re,tree50,no,0.25,10
4.054214096800652,11.95039949852832,22.34036003636394,ReMultiplier,tree51.log,yes,0.25,10
0.2097102022763522,0.24492831161357126,0.28503253673298473,SSFrac,tree51.log,yes,0.25,10
1.40584957173881,1.4920349211235955,1.602324550871537,Re,tree51.log,yes,0.25,10
4.998860136463914,13.40718970725892,27.121641982193157,ReMultiplier,tree51,no,0.25,10
0.15099267719365117,0.255979862023511,0.4104167675522183,SSFrac,tree51,no,0.25,10
1.378812499202213,1.481631370397701,1.575187520541959,Re,tree51,no,0.25,10
3.6377930928035402,6.702956716405007,13.200114022682598,ReMultiplier,tree52.log,yes,0.25,10
0.21905640451198935,0.251498671610899,0.28654348835463933,SSFrac,tree52.log,yes,0.25,10
1.4099188654787207,1.5141418454814348,1.6157371716632112,Re,tree52.log,yes,0.25,10
3.8582157790522733,7.929522899972514,16.06260896344327,ReMultiplier,tree52,no,0.25,10
0.11404037113988424,0.2441408829693451,0.38151682670929027,SSFrac,tree52,no,0.25,10
1.409490000083197,1.5132555541054513,1.6197931645004162,Re,tree52,no,0.25,10
5.834032809392634,10.34520346089843,16.338098748603667,ReMultiplier,tree53.log,yes,0.25,10
0.20238286392292265,0.23492610892096577,0.2714037100684143,SSFrac,tree53.log,yes,0.25,10
1.3612677495420793,1.47299214548005,1.5686734398915085,Re,tree53.log,yes,0.25,10
5.2298434330440715,9.156936805360868,15.659656421080387,ReMultiplier,tree53,no,0.25,10
0.10400345068532683,0.18077980817057673,0.2597828312327734,SSFrac,tree53,no,0.25,10
1.3777609726777453,1.4692645414653451,1.5674910403862752,Re,tree53,no,0.25,10
3.843887044079816,6.556683589329884,11.183028292125574,ReMultiplier,tree54.log,yes,0.25,10
0.21502509650509577,0.2585837368582255,0.28961371918767953,SSFrac,tree54.log,yes,0.25,10
1.4543540264885462,1.556914269887362,1.6655909492971401,Re,tree54.log,yes,0.25,10
4.357837407880842,7.16610289798494,12.290707335456942,ReMultiplier,tree54,no,0.25,10
0.11014837322567743,0.21236762512771593,0.3412510957042251,SSFrac,tree54,no,0.25,10
1.456927554756723,1.5500203153257883,1.6507482448717146,Re,tree54,no,0.25,10
5.173264396856835,9.433039088264636,17.437709684464732,ReMultiplier,tree55.log,yes,0.25,10
0.19805744121097513,0.23147197499569888,0.2717633819626146,SSFrac,tree55.log,yes,0.25,10
1.3683199578970933,1.469661796683139,1.5687414669742303,Re,tree55.log,yes,0.25,10
4.870077837873484,9.117131490802187,18.33929548692536,ReMultiplier,tree55,no,0.25,10
0.09982511546216112,0.18487929941892461,0.30266161737674063,SSFrac,tree55,no,0.25,10
1.3725737880888416,1.4684107534080568,1.5669857135710017,Re,tree55,no,0.25,10
4.8055967739738215,8.70756271703632,15.876150671307673,ReMultiplier,tree56.log,yes,0.25,10
0.19747844664010192,0.23666904274290956,0.26400751587699156,SSFrac,tree56.log,yes,0.25,10
1.3702635825830127,1.465846506079988,1.557999247911236,Re,tree56.log,yes,0.25,10
4.087052455369477,7.354913460565282,12.279896098233682,ReMultiplier,tree56,no,0.25,10
0.05765897498150531,0.18835458179171682,0.29673796445337153,SSFrac,tree56,no,0.25,10
1.3552906155572928,1.4499994567267884,1.5596319346697147,Re,tree56,no,0.25,10
2.9840142894841666,5.065334037490228,9.509156809957505,ReMultiplier,tree57.log,yes,0.25,10
0.21411524537243237,0.2513365796901964,0.2878857991133686,SSFrac,tree57.log,yes,0.25,10
1.3362406398875468,1.442915837291614,1.5406653451490289,Re,tree57.log,yes,0.25,10
3.0320277347300832,6.316166449623838,12.87525144082932,ReMultiplier,tree57,no,0.25,10
0.1173291470576264,0.26658274438332064,0.4647533815997092,SSFrac,tree57,no,0.25,10
1.3486686219097617,1.4369333474040382,1.5341918631048863,Re,tree57,no,0.25,10
4.3320652240735225,7.976768730930558,14.726012629194456,ReMultiplier,tree58.log,yes,0.25,10
0.2274698107257703,0.2595817342487666,0.2986835412899308,SSFrac,tree58.log,yes,0.25,10
1.37403786727404,1.4560422583396906,1.5500076765081463,Re,tree58.log,yes,0.25,10
4.492916304660914,9.990276565082592,18.236984519416104,ReMultiplier,tree58,no,0.25,10
0.14579875458600017,0.24757977339582726,0.39736058110921535,SSFrac,tree58,no,0.25,10
1.3626610869832727,1.4559666395786133,1.5520464847759907,Re,tree58,no,0.25,10
4.1888807197905695,7.622092940582522,14.539560526671956,ReMultiplier,tree59.log,yes,0.25,10
0.22378488672554622,0.2541562458722983,0.29761669697447496,SSFrac,tree59.log,yes,0.25,10
1.3617687649088586,1.4407445512781702,1.547943942407891,Re,tree59.log,yes,0.25,10
3.3055659657586585,6.039536108544354,11.000521343163506,ReMultiplier,tree59,no,0.25,10
0.08534584542659758,0.23587532296860783,0.406668715622785,SSFrac,tree59,no,0.25,10
1.3642499857155228,1.451259708459778,1.5456794434363972,Re,tree59,no,0.25,10
3.0389002116509047,4.8233880378998455,8.66356419619932,ReMultiplier,tree5.log,yes,0.25,10
0.20907437556451977,0.23996208812360129,0.27677508371993725,SSFrac,tree5.log,yes,0.25,10
1.4345919279106527,1.5436621622783637,1.6393788042665167,Re,tree5.log,yes,0.25,10
2.2228435716985375,4.966566844216675,10.56002234616218,ReMultiplier,tree5,no,0.25,10
0.08770244238474705,0.2984837433357456,0.5401295893688768,SSFrac,tree5,no,0.25,10
1.4495632365441509,1.5458867045567921,1.6321915819901076,Re,tree5,no,0.25,10
3.8668809262327515,8.14930656075811,16.25773424600645,ReMultiplier,tree60.log,yes,0.25,10
0.21960835476032567,0.2548367695456123,0.2942721131451729,SSFrac,tree60.log,yes,0.25,10
1.4393162533907515,1.5355306176823187,1.6310994683750495,Re,tree60.log,yes,0.25,10
2.559448260959181,7.852851163954588,17.598443493553305,ReMultiplier,tree60,no,0.25,10
0.2051616097030086,0.3778260017515117,0.5876406248760042,SSFrac,tree60,no,0.25,10
1.448203646489723,1.5426455215330295,1.6506576965622566,Re,tree60,no,0.25,10
1.0003598881200075,4.127311217983566,15.921070994728451,ReMultiplier,tree61.log,yes,0.25,10
0.010655261945626781,0.23406697316611394,0.5226195723761411,SSFrac,tree61.log,yes,0.25,10
0.22402454966086496,0.8987875637264107,1.6916829859911497,Re,tree61.log,yes,0.25,10
4.203168662505056,7.259335075733318,12.877423086242912,ReMultiplier,tree61,no,0.25,10
0.10193122203372484,0.20560827035225437,0.3210393078680831,SSFrac,tree61,no,0.25,10
1.3858954789555802,1.480113438421788,1.5698168608579457,Re,tree61,no,0.25,10
4.40252665054274,7.858729851587702,14.73496774788544,ReMultiplier,tree62.log,yes,0.25,10
0.22432218566559495,0.26222660238228107,0.30258576619220273,SSFrac,tree62.log,yes,0.25,10
1.4248093151754446,1.509243335928215,1.6057796186316469,Re,tree62.log,yes,0.25,10
4.129743205617989,8.023512275830647,16.023574146801412,ReMultiplier,tree62,no,0.25,10
0.11390247391643325,0.21052289853630637,0.3448628485700062,SSFrac,tree62,no,0.25,10
1.4161759272137409,1.5148183103232777,1.6018895925257524,Re,tree62,no,0.25,10
1.0019363246223885,4.208885365844207,14.589524083891096,ReMultiplier,tree63.log,yes,0.25,10
0.19976243783980746,0.5703512963842856,0.9661160859025834,SSFrac,tree63.log,yes,0.25,10
0.14346377947880187,0.827751847528323,1.7731492172268766,Re,tree63.log,yes,0.25,10
4.406414222237922,11.21137098857243,24.368079964473512,ReMultiplier,tree63,no,0.25,10
0.18478940169777844,0.30124712290879074,0.4740661226511169,SSFrac,tree63,no,0.25,10
1.3473554633930946,1.4405123650286118,1.5503116612742913,Re,tree63,no,0.25,10
3.092344518175083,4.775248526766704,7.7450210019036385,ReMultiplier,tree64.log,yes,0.25,10
0.2055186431549867,0.24655852335850933,0.28397792043572945,SSFrac,tree64.log,yes,0.25,10
1.3869381150056284,1.4887642266186367,1.581212884294881,Re,tree64.log,yes,0.25,10
3.872448595449485,11.047001170974085,20.965375993913266,ReMultiplier,tree64,no,0.25,10
0.1525717415064766,0.26365335054342964,0.377318290921702,SSFrac,tree64,no,0.25,10
1.4199437631661436,1.5011112500660833,1.6013689934154172,Re,tree64,no,0.25,10
3.199562492958111,5.691241406778362,9.272733224009787,ReMultiplier,tree65.log,yes,0.25,10
0.22841935728909293,0.2615826854782096,0.30271114056370085,SSFrac,tree65.log,yes,0.25,10
1.4666839388614707,1.5622997167821944,1.6626316250245134,Re,tree65.log,yes,0.25,10
3.19941269839744,6.319020499015602,11.352164657691128,ReMultiplier,tree65,no,0.25,10
0.13554178083994073,0.24890169559068873,0.43818737959308485,SSFrac,tree65,no,0.25,10
1.4374392273430763,1.5538846629394332,1.6577930703844808,Re,tree65,no,0.25,10
2.830870360251872,4.452696384781838,7.305981244366363,ReMultiplier,tree66.log,yes,0.25,10
0.2152214019541513,0.2526304740427264,0.28874114061969347,SSFrac,tree66.log,yes,0.25,10
1.4551389710234623,1.5480702432825186,1.643440154623959,Re,tree66.log,yes,0.25,10
2.400315051593403,4.43163814868549,6.533549462507984,ReMultiplier,tree66,no,0.25,10
0.019739370885617377,0.13093042978086794,0.44924336137503684,SSFrac,tree66,no,0.25,10
1.4507219291598517,1.55510735714886,1.649604336714084,Re,tree66,no,0.25,10
5.808312265714562,11.788375529777781,23.082165012972325,ReMultiplier,tree67.log,yes,0.25,10
0.2260221754052318,0.26539989498595035,0.30027198487999013,SSFrac,tree67.log,yes,0.25,10
1.4228690461119209,1.5328552839559613,1.6479150649651622,Re,tree67.log,yes,0.25,10
5.448610531176359,13.429510663873884,26.62430809824475,ReMultiplier,tree67,no,0.25,10
0.1559817027599637,0.26099782409226624,0.3922007590166212,SSFrac,tree67,no,0.25,10
1.423409924398189,1.5210616630467402,1.631797163176261,Re,tree67,no,0.25,10
5.6660787878634435,11.304623711550478,20.595025389311118,ReMultiplier,tree68.log,yes,0.25,10
0.20667489957421586,0.2430524862738323,0.27883835598133233,SSFrac,tree68.log,yes,0.25,10
1.4356998073621867,1.5255711333385522,1.6367277274253051,Re,tree68.log,yes,0.25,10
4.3900031106542805,11.693005735224432,23.00469727042187,ReMultiplier,tree68,no,0.25,10
0.14850477205711662,0.24023836451535288,0.3915989696544716,SSFrac,tree68,no,0.25,10
1.426422065135756,1.5223737720985455,1.6380848380635415,Re,tree68,no,0.25,10
4.095808721692954,6.581308205753646,11.84966420114017,ReMultiplier,tree69.log,yes,0.25,10
0.2082157421249662,0.23888685912604365,0.2715024023257713,SSFrac,tree69.log,yes,0.25,10
1.3380265123411876,1.432082286508751,1.5376866415758552,Re,tree69.log,yes,0.25,10
3.9896652482028356,7.526209363272651,13.668610498547672,ReMultiplier,tree69,no,0.25,10
0.12472094905909162,0.23231897635054163,0.35506231857125825,SSFrac,tree69,no,0.25,10
1.3298637410802143,1.426841643415678,1.532136295254569,Re,tree69,no,0.25,10
4.826091354725984,12.76505569636148,25.40617322552891,ReMultiplier,tree6.log,yes,0.25,10
0.18977778357257835,0.22138462466903225,0.2538277485738333,SSFrac,tree6.log,yes,0.25,10
1.3811710384089777,1.4769113721236315,1.5702815969031767,Re,tree6.log,yes,0.25,10
4.711491180274788,12.632861667762565,24.876701314080236,ReMultiplier,tree6,no,0.25,10
0.1446915325193707,0.2533760455795646,0.3868786222995303,SSFrac,tree6,no,0.25,10
1.3780591955206958,1.4742710179616734,1.5664705761314714,Re,tree6,no,0.25,10
4.838227832587605,10.583966173781173,20.400352339526506,ReMultiplier,tree70.log,yes,0.25,10
0.23833984614248657,0.27871739528830325,0.313685332319839,SSFrac,tree70.log,yes,0.25,10
1.4156076369867663,1.511442685601318,1.6175472981121317,Re,tree70.log,yes,0.25,10
4.390641851640983,8.589888380772077,17.062711863655633,ReMultiplier,tree70,no,0.25,10
0.1186357551229193,0.20439510505549635,0.3284434133007212,SSFrac,tree70,no,0.25,10
1.4058287839259098,1.512385641659462,1.6057811508059527,Re,tree70,no,0.25,10
2.7232972070761003,4.605588972585642,8.294579082839705,ReMultiplier,tree71.log,yes,0.25,10
0.23830192221164564,0.27018612337022113,0.31447836807902557,SSFrac,tree71.log,yes,0.25,10
1.4203742456729345,1.508550651348123,1.6154158561946574,Re,tree71.log,yes,0.25,10
1.77149877801852,4.742538492819442,11.02483930097428,ReMultiplier,tree71,no,0.25,10
0.10408486159177029,0.3638332931357063,0.6262706805966899,SSFrac,tree71,no,0.25,10
1.3913179946390861,1.5000184639768475,1.6080427797485406,Re,tree71,no,0.25,10
3.1323807854232015,6.538010842999366,14.21012834247338,ReMultiplier,tree72.log,yes,0.25,10
0.22891182013829828,0.2674452713386533,0.3072331765628855,SSFrac,tree72.log,yes,0.25,10
1.4365745821800848,1.533984867522043,1.6317701064154408,Re,tree72.log,yes,0.25,10
2.537311765014788,7.384804697298372,17.350280344855577,ReMultiplier,tree72,no,0.25,10
0.1736625438367689,0.3548886296234223,0.5820830944563367,SSFrac,tree72,no,0.25,10
1.434834888685259,1.5383495124750746,1.6422300543555752,Re,tree72,no,0.25,10
2.9423902887373354,6.480338986593955,12.834776983541342,ReMultiplier,tree73.log,yes,0.25,10
0.19786643635754506,0.23175939828983247,0.26841880024912085,SSFrac,tree73.log,yes,0.25,10
1.3714605650383809,1.471124470765235,1.5598234494643477,Re,tree73.log,yes,0.25,10
3.6281446051343265,8.734334088352794,17.908680652656024,ReMultiplier,tree73,no,0.25,10
0.1648110945753223,0.3110418874930003,0.47925803975083264,SSFrac,tree73,no,0.25,10
1.3667810826782782,1.4683676557444914,1.574031414274137,Re,tree73,no,0.25,10
4.113426832799682,7.4719640515327885,12.108764787856828,ReMultiplier,tree74.log,yes,0.25,10
0.1873358439531152,0.22305679789252542,0.26164660685624336,SSFrac,tree74.log,yes,0.25,10
1.402367523493994,1.4941586756698553,1.60503091160639,Re,tree74.log,yes,0.25,10
3.91700160777637,5.985386438066074,8.525700827671201,ReMultiplier,tree74,no,0.25,10
0.04411159738725307,0.12740627889177825,0.23055314800966054,SSFrac,tree74,no,0.25,10
1.3821491059395636,1.4832361459202417,1.5748096843431927,Re,tree74,no,0.25,10
3.2670781022463684,6.391480189279309,11.868816120957957,ReMultiplier,tree75.log,yes,0.25,10
0.2571182476855605,0.2986793243515499,0.3373405974854477,SSFrac,tree75.log,yes,0.25,10
1.3163787466882708,1.4086682621233972,1.5075895780169335,Re,tree75.log,yes,0.25,10
3.0264823278173756,6.907637997531686,13.518581337745992,ReMultiplier,tree75,no,0.25,10
0.1386309998394453,0.29150180707850665,0.4669445105143792,SSFrac,tree75,no,0.25,10
1.315607549276953,1.4068740140547658,1.50829197306986,Re,tree75,no,0.25,10
3.36067583351955,6.4702217991136814,11.387866623750474,ReMultiplier,tree76.log,yes,0.25,10
0.2588028123509082,0.29917494671778233,0.3411737263623384,SSFrac,tree76.log,yes,0.25,10
1.3752101362520561,1.4729934247999794,1.5649564651321652,Re,tree76.log,yes,0.25,10
2.2988735999737613,5.679847889460659,13.142325012739482,ReMultiplier,tree76,no,0.25,10
0.1384723391536993,0.369902044351597,0.6381049737866318,SSFrac,tree76,no,0.25,10
1.3772428142019708,1.4728430334489226,1.5518015161317364,Re,tree76,no,0.25,10
3.7800983240791175,7.922602010967295,15.724828149948461,ReMultiplier,tree77.log,yes,0.25,10
0.24125609347046525,0.273725631829738,0.31266180753516215,SSFrac,tree77.log,yes,0.25,10
1.3258928959224878,1.4301774076228388,1.5207725174111888,Re,tree77.log,yes,0.25,10
3.830081935092684,7.458607427935464,15.450435876008077,ReMultiplier,tree77,no,0.25,10
0.13142922856825667,0.2577976010127771,0.4066111424678775,SSFrac,tree77,no,0.25,10
1.339026498586491,1.435691114426565,1.5291184427773767,Re,tree77,no,0.25,10
3.633419614669161,6.0152106261924185,9.973687677555821,ReMultiplier,tree78.log,yes,0.25,10
0.1925891835988694,0.22682018022521716,0.2619377727997161,SSFrac,tree78.log,yes,0.25,10
1.3011117268338337,1.4038745785782059,1.5063162178838594,Re,tree78.log,yes,0.25,10
3.027965909580799,6.427726766816667,12.583878541769263,ReMultiplier,tree78,no,0.25,10
0.09467505475207552,0.24915893505033207,0.43698686376975976,SSFrac,tree78,no,0.25,10
1.308697877417631,1.4036416544148842,1.4950161591069826,Re,tree78,no,0.25,10
5.076303999815604,10.768575955844783,20.35819497842314,ReMultiplier,tree79.log,yes,0.25,10
0.2191165487357311,0.26329629016541306,0.29766353800584855,SSFrac,tree79.log,yes,0.25,10
1.404430448007675,1.5035753479493665,1.585687802505389,Re,tree79.log,yes,0.25,10
4.305180969748658,10.04863307099757,18.905533424384952,ReMultiplier,tree79,no,0.25,10
0.14191366489482962,0.24443617011126167,0.3832099408539171,SSFrac,tree79,no,0.25,10
1.3977007537050865,1.4932606167455016,1.5927434495609005,Re,tree79,no,0.25,10
3.60500061228612,8.681300634365686,17.26752695478041,ReMultiplier,tree7.log,yes,0.25,10
0.24152403096486325,0.28003694156644743,0.31900973846343794,SSFrac,tree7.log,yes,0.25,10
1.295083587179731,1.395778373409077,1.5005637977315536,Re,tree7.log,yes,0.25,10
2.770554161817151,7.472789188663883,18.315797666168134,ReMultiplier,tree7,no,0.25,10
0.16633055746766748,0.35261211671574044,0.5639996774668294,SSFrac,tree7,no,0.25,10
1.3037471149529427,1.4049189706972083,1.5027370213973827,Re,tree7,no,0.25,10
3.3465142470948384,7.859398153696719,16.682736304954936,ReMultiplier,tree80.log,yes,0.25,10
0.2552913723559687,0.2927353547574432,0.33160343132982617,SSFrac,tree80.log,yes,0.25,10
1.4259859399494403,1.5326607192307853,1.6310349969947333,Re,tree80.log,yes,0.25,10
3.1083718912333205,8.420727384542738,19.545785130160116,ReMultiplier,tree80,no,0.25,10
0.23154547859825553,0.39087221016708207,0.6054566710391502,SSFrac,tree80,no,0.25,10
1.4320095543870561,1.5427442619027956,1.648983479490563,Re,tree80,no,0.25,10
6.060784752752591,10.980962885737766,17.734240817873836,ReMultiplier,tree81.log,yes,0.25,10
0.20872098902271508,0.2434784580732247,0.2808304114385377,SSFrac,tree81.log,yes,0.25,10
1.3800085946450669,1.487032460512038,1.5881193302064367,Re,tree81.log,yes,0.25,10
4.340114952938004,10.095200217571403,17.698751260534575,ReMultiplier,tree81,no,0.25,10
0.12799607836474203,0.21628234091508347,0.34357290060482054,SSFrac,tree81,no,0.25,10
1.381120966364125,1.4875119663079102,1.5875477328174368,Re,tree81,no,0.25,10
3.336780155996946,6.942675389142388,13.353776317325613,ReMultiplier,tree82.log,yes,0.25,10
0.22025026550801485,0.2640965060952718,0.3018733958600998,SSFrac,tree82.log,yes,0.25,10
1.3626490281964745,1.4605997501031736,1.546959543945034,Re,tree82.log,yes,0.25,10
2.793917825505884,7.656453269031549,16.34143037894035,ReMultiplier,tree82,no,0.25,10
0.1703781153144818,0.3292089757087925,0.5321491601903111,SSFrac,tree82,no,0.25,10
1.3650840226004746,1.457561256482386,1.5557476445788962,Re,tree82,no,0.25,10
3.229111957791642,5.476238507349237,9.880691879704997,ReMultiplier,tree83.log,yes,0.25,10
0.20551579434729877,0.24297798401373247,0.27565062593873607,SSFrac,tree83.log,yes,0.25,10
1.3626949521795706,1.4644030732917546,1.5444324608924502,Re,tree83.log,yes,0.25,10
3.4548518498483634,10.222680432879029,19.520994439298565,ReMultiplier,tree83,no,0.25,10
0.14519111776963323,0.25263270926250864,0.39160912497668116,SSFrac,tree83,no,0.25,10
1.3413014923595947,1.4318896664353953,1.536075085181475,Re,tree83,no,0.25,10
3.9102006618845238,8.395207317926292,16.407420833177415,ReMultiplier,tree84.log,yes,0.25,10
0.22155554564160268,0.25834522931156484,0.2952972294156464,SSFrac,tree84.log,yes,0.25,10
1.3321499264258692,1.4203140357997757,1.5135255558232843,Re,tree84.log,yes,0.25,10
4.4876791455474105,9.257965301869147,17.18297457035055,ReMultiplier,tree84,no,0.25,10
0.10039626462175513,0.19454636638444328,0.2993718133643933,SSFrac,tree84,no,0.25,10
1.3112765318817887,1.4121469072615473,1.5066783524108518,Re,tree84,no,0.25,10
4.602541204618085,9.464710139426959,17.327991893697877,ReMultiplier,tree85.log,yes,0.25,10
0.23213476890221574,0.2661509654736027,0.30313099693163537,SSFrac,tree85.log,yes,0.25,10
1.4401391132512824,1.5358865138712192,1.627641077390762,Re,tree85.log,yes,0.25,10
4.2085548750358575,8.95428776334584,18.46128897110023,ReMultiplier,tree85,no,0.25,10
0.14771438325540126,0.25128811795059536,0.3979322468561277,SSFrac,tree85,no,0.25,10
1.4296235599269134,1.54720184686506,1.6315308059515021,Re,tree85,no,0.25,10
3.9569096169139835,10.602929572422678,20.893067934393276,ReMultiplier,tree86.log,yes,0.25,10
0.20546411411285906,0.24058792928990352,0.2795195367677189,SSFrac,tree86.log,yes,0.25,10
1.3204842594083437,1.4102547846009297,1.5016749445307789,Re,tree86.log,yes,0.25,10
4.337322522353613,9.606712371202464,20.776470708564467,ReMultiplier,tree86,no,0.25,10
0.1331586918392783,0.24542458422948418,0.40053020512696225,SSFrac,tree86,no,0.25,10
1.3142325882869754,1.4155551709289684,1.5024509398540893,Re,tree86,no,0.25,10
5.2437646984724475,9.611434019200018,16.142236124014268,ReMultiplier,tree87.log,yes,0.25,10
0.22022089288266591,0.25501187883747767,0.29832016563645974,SSFrac,tree87.log,yes,0.25,10
1.4446195532425827,1.5342507448869362,1.6358755163368712,Re,tree87.log,yes,0.25,10
3.5038329761349907,8.733279174955989,16.44361883198789,ReMultiplier,tree87,no,0.25,10
0.14989066465479242,0.2623283575156743,0.40973423387424185,SSFrac,tree87,no,0.25,10
1.4451613476311782,1.5377795338953701,1.6420099213264618,Re,tree87,no,0.25,10
3.850649539985075,9.590411906010953,22.126315509454926,ReMultiplier,tree88.log,yes,0.25,10
0.23115041944121353,0.2680240659286246,0.30430758644251266,SSFrac,tree88.log,yes,0.25,10
1.394399946240055,1.5124347466226735,1.6077445257003729,Re,tree88.log,yes,0.25,10
3.4023584804664426,11.119928368773202,25.1468192794345,ReMultiplier,tree88,no,0.25,10
0.19189772623396356,0.33031770341050015,0.5308511124008072,SSFrac,tree88,no,0.25,10
1.4109224797534365,1.5107660136624794,1.6111345632039422,Re,tree88,no,0.25,10
4.8267806225967815,9.50501001915294,17.437114982281617,ReMultiplier,tree89.log,yes,0.25,10
0.20154808591491377,0.23137693010726218,0.27309261330904694,SSFrac,tree89.log,yes,0.25,10
1.4590577680262544,1.5645640162251953,1.6622015071331213,Re,tree89.log,yes,0.25,10
3.4989275310724373,7.002009710594568,14.506226374824207,ReMultiplier,tree89,no,0.25,10
0.12316357501443545,0.2670158137638265,0.42286344444088153,SSFrac,tree89,no,0.25,10
1.3861616178731675,1.4899986407539196,1.5817410172409732,Re,tree89,no,0.25,10
2.816399996893167,6.443323067956019,13.467310555256415,ReMultiplier,tree8.log,yes,0.25,10
0.21277898801734704,0.25767811323593176,0.2894265657842461,SSFrac,tree8.log,yes,0.25,10
1.4806942248022663,1.5778819959911847,1.6799331658006682,Re,tree8.log,yes,0.25,10
3.603295954637152,7.5862488644577315,15.891226351191996,ReMultiplier,tree8,no,0.25,10
0.15788791010673697,0.3042606826435314,0.49783921867554537,SSFrac,tree8,no,0.25,10
1.4641213670594704,1.575880596690706,1.6832035761788482,Re,tree8,no,0.25,10
3.7589295729615246,12.093804538271211,28.618630413326347,ReMultiplier,tree90.log,yes,0.25,10
0.2518620017740125,0.2870535955991274,0.32429687367225696,SSFrac,tree90.log,yes,0.25,10
1.5187368768453573,1.6075309689666193,1.7231126360022593,Re,tree90.log,yes,0.25,10
3.3664723341396856,11.44520950079267,26.29120173458355,ReMultiplier,tree90,no,0.25,10
0.20630651338688563,0.3931063658131692,0.6176597876577584,SSFrac,tree90,no,0.25,10
1.5240395257534918,1.623414282088788,1.7437818054521126,Re,tree90,no,0.25,10
2.5868235759079985,4.317004441831146,7.766334058128934,ReMultiplier,tree91.log,yes,0.25,10
0.23160574886358334,0.2720501848864549,0.3092568197915718,SSFrac,tree91.log,yes,0.25,10
1.369552949967882,1.4632603926072387,1.5686859120809713,Re,tree91.log,yes,0.25,10
2.2554909876432023,5.505843868632292,12.845901157770808,ReMultiplier,tree91,no,0.25,10
0.1496771587826936,0.40456990936905773,0.6813546153382545,SSFrac,tree91,no,0.25,10
1.3738604584409502,1.4639271573803074,1.553226761149455,Re,tree91,no,0.25,10
5.739796174336996,9.460753865762005,15.409906813408558,ReMultiplier,tree92.log,yes,0.25,10
0.23584845520071365,0.2631794870361837,0.2959144958384987,SSFrac,tree92.log,yes,0.25,10
1.3389035748130942,1.4295442302456303,1.5144054471870358,Re,tree92.log,yes,0.25,10
5.086458515656425,8.920922076938057,14.36100836824256,ReMultiplier,tree92,no,0.25,10
0.104479389579705,0.18341033321656955,0.29531395909896413,SSFrac,tree92,no,0.25,10
1.317101795204816,1.4316152704019103,1.5330503859415547,Re,tree92,no,0.25,10
6.69998754011258,15.396338824399788,28.985150761664805,ReMultiplier,tree93.log,yes,0.25,10
0.18813368059012778,0.21839405409818505,0.2552997751068171,SSFrac,tree93.log,yes,0.25,10
1.379647040534294,1.496983068926658,1.5931754471205641,Re,tree93.log,yes,0.25,10
6.788950898630346,14.67525387980523,27.09377364042684,ReMultiplier,tree93,no,0.25,10
0.13676420985925536,0.2547355090162734,0.38200258034351875,SSFrac,tree93,no,0.25,10
1.3951934670807074,1.488156358682574,1.6083791996515053,Re,tree93,no,0.25,10
4.067575966973612,7.238159754886343,12.050409924942725,ReMultiplier,tree94.log,yes,0.25,10
0.24188659147229086,0.2780976583626835,0.3133040790285901,SSFrac,tree94.log,yes,0.25,10
1.3788264270713115,1.472494336983241,1.5811338542629283,Re,tree94.log,yes,0.25,10
3.791733307745789,6.811020461755078,12.473112788989644,ReMultiplier,tree94,no,0.25,10
0.11279380512702257,0.2410023026464773,0.4081605279821222,SSFrac,tree94,no,0.25,10
1.375322487286342,1.476492324787905,1.5616591607990016,Re,tree94,no,0.25,10
4.300662737339084,8.107332033271692,15.399320796032937,ReMultiplier,tree95.log,yes,0.25,10
0.21839849121619434,0.24915018616964513,0.28880125325942624,SSFrac,tree95.log,yes,0.25,10
1.4025778541028162,1.497496968374565,1.5869692309323056,Re,tree95.log,yes,0.25,10
2.433258181580186,6.315109878994698,12.97143703936285,ReMultiplier,tree95,no,0.25,10
0.12236710041844107,0.2805860710860271,0.49218520789738485,SSFrac,tree95,no,0.25,10
1.415448323350733,1.4973983632346086,1.6044527304062783,Re,tree95,no,0.25,10
4.434886993394786,12.634117470713761,24.950417855470544,ReMultiplier,tree96.log,yes,0.25,10
0.2134165528108156,0.25143863626990953,0.2896224166509422,SSFrac,tree96.log,yes,0.25,10
1.3340011414763409,1.4158089207718099,1.5079862567109372,Re,tree96.log,yes,0.25,10
2.803111791722418,9.168445887327579,19.300722251352536,ReMultiplier,tree96,no,0.25,10
0.17605556856983134,0.31628340240533004,0.45829450539694755,SSFrac,tree96,no,0.25,10
1.3218812467292238,1.4137792974464096,1.495549779501903,Re,tree96,no,0.25,10
3.0594817172048066,5.363171012327178,9.009272978947696,ReMultiplier,tree97.log,yes,0.25,10
0.2289141609756214,0.2619400508768706,0.2951818647258031,SSFrac,tree97.log,yes,0.25,10
1.4785158857880762,1.5711479592664923,1.6661872543735297,Re,tree97.log,yes,0.25,10
3.017776097036171,5.399242516593953,10.286945765773417,ReMultiplier,tree97,no,0.25,10
0.1270863844417689,0.2935105976127518,0.5153696957829936,SSFrac,tree97,no,0.25,10
1.4861176154941185,1.5797363552570716,1.6826430237667462,Re,tree97,no,0.25,10
3.7166677837522935,7.803462313119718,17.802202243155264,ReMultiplier,tree98.log,yes,0.25,10
0.23697845210992124,0.2800154559416677,0.31430297860237816,SSFrac,tree98.log,yes,0.25,10
1.4944801900350746,1.585133934359442,1.6859101135925296,Re,tree98.log,yes,0.25,10
2.3896064068724603,7.419899998826129,17.22938281152099,ReMultiplier,tree98,no,0.25,10
0.12255361787298111,0.3148339573127575,0.5148777752035988,SSFrac,tree98,no,0.25,10
1.4633425092040695,1.589625380312758,1.7019298874784017,Re,tree98,no,0.25,10
4.325934150930955,7.926972805745307,13.946478583068972,ReMultiplier,tree99.log,yes,0.25,10
0.22847889923929754,0.2641994973361377,0.30399241740401306,SSFrac,tree99.log,yes,0.25,10
1.4035229987002567,1.514841264073922,1.6010175999904348,Re,tree99.log,yes,0.25,10
2.362698669591031,7.0403849377020045,13.593292127043833,ReMultiplier,tree99,no,0.25,10
0.1591035665910442,0.29400854916243985,0.46822103891236055,SSFrac,tree99,no,0.25,10
1.4296526672714658,1.5198026841102377,1.626485533412926,Re,tree99,no,0.25,10
3.6796349996447764,6.432397658886541,11.717129666034946,ReMultiplier,tree9.log,yes,0.25,10
0.21432211016761527,0.25744417280440485,0.29128667701598066,SSFrac,tree9.log,yes,0.25,10
1.423714303957616,1.5310634544287658,1.6277849260031005,Re,tree9.log,yes,0.25,10
2.8794992442106757,5.595359014508426,9.747355953592864,ReMultiplier,tree9,no,0.25,10
0.036326159402142844,0.18281302060806373,0.3924542088152004,SSFrac,tree9,no,0.25,10
1.438075577198711,1.5382870471418089,1.64483483838014,Re,tree9,no,0.25,10
1.0121827602439657,1.8838395371882954,3.158784874753517,ReMultiplier,tree0.log,yes,0.25,2
0.22592489458597612,0.26478335124811914,0.30342163254322446,SSFrac,tree0.log,yes,0.25,2
1.4024076626129307,1.4731061422869116,1.5498851043954944,Re,tree0.log,yes,0.25,2
1.0047704843408607,3.2975214417412095,11.301929140448214,ReMultiplier,tree0,no,0.25,2
0.001099243426524131,0.5440364335262529,0.9359340177701634,SSFrac,tree0,no,0.25,2
1.394553063912393,1.4698590223982482,1.5478252455737662,Re,tree0,no,0.25,2
1.0160517659199853,1.5001065909517681,2.236207581192831,ReMultiplier,tree10.log,yes,0.25,2
0.18867335916873434,0.21788284335267333,0.25007336598984253,SSFrac,tree10.log,yes,0.25,2
1.411712175317759,1.4921398468514915,1.5576182765613809,Re,tree10.log,yes,0.25,2
1.001137265305187,2.2985988358240683,13.81192008212692,ReMultiplier,tree10,no,0.25,2
0.04231283826548316,0.7462728310522477,0.998701930148087,SSFrac,tree10,no,0.25,2
1.421798194289205,1.4918358777183791,1.5663761614795364,Re,tree10,no,0.25,2
1.135223685427639,2.0314704742174765,2.9963435092260333,ReMultiplier,tree11.log,yes,0.25,2
0.20573039852751995,0.24445365374796324,0.28370077654743836,SSFrac,tree11.log,yes,0.25,2
1.4200632644858018,1.490743553486062,1.5672860875212378,Re,tree11.log,yes,0.25,2
1.0037430471699067,2.368915532542567,10.826149167639947,ReMultiplier,tree11,no,0.25,2
2.9029750229440086e-4,0.5769824146834798,0.9645857044909023,SSFrac,tree11,no,0.25,2
1.4142179733917586,1.488437888122484,1.5624947759548036,Re,tree11,no,0.25,2
1.4704149714568557,2.493055447646494,3.606208105455996,ReMultiplier,tree12.log,yes,0.25,2
0.2306390922966785,0.2683985696671398,0.3080170396105746,SSFrac,tree12.log,yes,0.25,2
1.4164359971920752,1.492797144407684,1.570066151544453,Re,tree12.log,yes,0.25,2
1.0018470073924837,2.456677749491666,8.433444010506399,ReMultiplier,tree12,no,0.25,2
0.0022196920414334106,0.5250062353443694,0.9542875071281525,SSFrac,tree12,no,0.25,2
1.4075962049812536,1.4932107334816185,1.5579434928249025,Re,tree12,no,0.25,2
1.488235327254643,2.4673988077309428,3.9957404384634456,ReMultiplier,tree13.log,yes,0.25,2
0.21003422905464497,0.2459697725754268,0.28439243821103216,SSFrac,tree13.log,yes,0.25,2
1.4171891872073565,1.4921182106287323,1.5654204945203196,Re,tree13.log,yes,0.25,2
1.0115440183452742,3.110891586907784,13.18990472636791,ReMultiplier,tree13,no,0.25,2
0.0017402725267965334,0.6244544882799625,0.9393672266079431,SSFrac,tree13,no,0.25,2
1.4164716145071619,1.4945285976321885,1.5679618248971643,Re,tree13,no,0.25,2
2.003664773811143,3.238077327496308,5.582436146811082,ReMultiplier,tree14.log,yes,0.25,2
0.17883918632604098,0.2116520469538386,0.24925074531207972,SSFrac,tree14.log,yes,0.25,2
1.4276799108097553,1.5055337016193002,1.6035645028481915,Re,tree14.log,yes,0.25,2
1.433840252512829,4.302306709946304,13.465322395645352,ReMultiplier,tree14,no,0.25,2
0.024556304514304263,0.4147702965533447,0.7651903151523922,SSFrac,tree14,no,0.25,2
1.409536750438064,1.5077324225686923,1.5861639265245464,Re,tree14,no,0.25,2
1.0015314380071398,1.7426388021888846,2.5607134815571624,ReMultiplier,tree15.log,yes,0.25,2
0.2255946569482166,0.2624866977060144,0.29966479132176316,SSFrac,tree15.log,yes,0.25,2
1.458905973668182,1.5250891596020302,1.6119729982819326,Re,tree15.log,yes,0.25,2
1.002324438788725,2.064138079332542,8.950611025788245,ReMultiplier,tree15,no,0.25,2
2.747401132961528e-5,0.5716526068498718,0.9813450647677886,SSFrac,tree15,no,0.25,2
1.4522155377182093,1.525214452343135,1.6000659912820834,Re,tree15,no,0.25,2
1.0011412278927658,1.6590923190874824,2.547615107607055,ReMultiplier,tree16.log,yes,0.25,2
0.1836462686643166,0.21955577110154312,0.25464379940152854,SSFrac,tree16.log,yes,0.25,2
1.4370287215670419,1.5178656538540878,1.589180643456381,Re,tree16.log,yes,0.25,2
1.0140293637326092,3.061171368770439,10.912963084337354,ReMultiplier,tree16,no,0.25,2
0.0023975197892983557,0.5265145030164662,0.9271525695695324,SSFrac,tree16,no,0.25,2
1.440046693899087,1.5196228175807742,1.5896030372943937,Re,tree16,no,0.25,2
1.2272601600537725,2.250710797183756,3.3866036378797957,ReMultiplier,tree17.log,yes,0.25,2
0.19257532100404381,0.22493909216181754,0.26151074220795123,SSFrac,tree17.log,yes,0.25,2
1.395194514560324,1.4684055533527376,1.5433912778535435,Re,tree17.log,yes,0.25,2
1.0026592971751225,2.9619724608403626,13.390392775430179,ReMultiplier,tree17,no,0.25,2
0.08615840264047922,0.6912532053788156,0.9912928206159084,SSFrac,tree17,no,0.25,2
1.3991419920907806,1.471052422398349,1.5427673424836754,Re,tree17,no,0.25,2
1.1105765931296707,2.3315761577146783,3.8592555686260472,ReMultiplier,tree18.log,yes,0.25,2
0.20425656098138892,0.24015300143690133,0.27496889071694797,SSFrac,tree18.log,yes,0.25,2
1.4506549903129833,1.5236372666760905,1.589599642749248,Re,tree18.log,yes,0.25,2
1.0006311683267193,2.784492712773998,8.19571177764267,ReMultiplier,tree18,no,0.25,2
0.003847211059297,0.45139318051825683,0.9412083464218999,SSFrac,tree18,no,0.25,2
1.4503840473318506,1.5269711928605627,1.5952587750382405,Re,tree18,no,0.25,2
1.4314726885245228,2.856669745927613,4.645461425959162,ReMultiplier,tree19.log,yes,0.25,2
0.20043099206711365,0.23619323077123633,0.27077573909270186,SSFrac,tree19.log,yes,0.25,2
1.4416118052883078,1.5104055745636098,1.581655883057017,Re,tree19.log,yes,0.25,2
1.0364618425110896,4.541004630850578,15.42986737643236,ReMultiplier,tree19,no,0.25,2
0.06956467723363742,0.5784121016474643,0.956881732991563,SSFrac,tree19,no,0.25,2
1.4393312666180396,1.511265875336085,1.58449777589474,Re,tree19,no,0.25,2
1.5634761748609214,2.7481918430154453,4.812598191562697,ReMultiplier,tree1.log,yes,0.25,2
0.21321918099059498,0.25334381489081015,0.29374769760193675,SSFrac,tree1.log,yes,0.25,2
1.3974671419523,1.4701788028183516,1.5572912067216602,Re,tree1.log,yes,0.25,2
1.0330369854995267,3.3946249508856696,10.41535302956153,ReMultiplier,tree1,no,0.25,2
0.0022854000921683983,0.4734299861307437,0.9016451038785696,SSFrac,tree1,no,0.25,2
1.3929202550455637,1.4618869407177013,1.541602809219514,Re,tree1,no,0.25,2
1.038832043990028,2.071023510842022,3.0870876360771966,ReMultiplier,tree20.log,yes,0.25,2
0.20452855919215449,0.23864005092075802,0.27302127321226644,SSFrac,tree20.log,yes,0.25,2
1.4501476105998619,1.5277243425088591,1.6016811931288637,Re,tree20.log,yes,0.25,2
1.0010833894818907,3.2274012226778357,14.148691784532152,ReMultiplier,tree20,no,0.25,2
3.5644814265034806e-4,0.6012991500555649,0.9321645588801617,SSFrac,tree20,no,0.25,2
1.456829883567623,1.5289652168320278,1.6045466733733664,Re,tree20,no,0.25,2
1.22191698861452,2.5530949691332263,3.95520118237395,ReMultiplier,tree21.log,yes,0.25,2
0.20270988663191805,0.23937805023466335,0.2773483257477517,SSFrac,tree21.log,yes,0.25,2
1.4135237815907298,1.4949493849560591,1.5637807633191567,Re,tree21.log,yes,0.25,2
1.0761554363792474,3.6300045230316327,11.881056069924298,ReMultiplier,tree21,no,0.25,2
0.018454455935412832,0.449074888156916,0.8338368917478145,SSFrac,tree21,no,0.25,2
1.406319148340471,1.497082270041371,1.5647103458372662,Re,tree21,no,0.25,2
1.0771736387999782,2.20539441724313,3.424407715884865,ReMultiplier,tree22.log,yes,0.25,2
0.22426614658212074,0.2640994890661609,0.3004995454314298,SSFrac,tree22.log,yes,0.25,2
1.4550361180616587,1.52846333681146,1.5960253326035536,Re,tree22.log,yes,0.25,2
1.0080824999116373,2.743280350301273,9.552820363423075,ReMultiplier,tree22,no,0.25,2
0.03665815468383733,0.46950460778980074,0.9555201903073663,SSFrac,tree22,no,0.25,2
1.4551645702451255,1.5239023551668156,1.6087558174678531,Re,tree22,no,0.25,2
1.014139421349016,1.7019134735190722,2.6922559754898563,ReMultiplier,tree23.log,yes,0.25,2
0.20552875343448135,0.23736866637525617,0.27573282459256165,SSFrac,tree23.log,yes,0.25,2
1.3400730325783314,1.4240759494016206,1.4910251924612756,Re,tree23.log,yes,0.25,2
1.0309183762828351,3.002170777045019,12.356588056392386,ReMultiplier,tree23,no,0.25,2
0.0223471929349143,0.6378589255290186,0.9551044939589436,SSFrac,tree23,no,0.25,2
1.3588243927654622,1.4259409840326027,1.503422388230421,Re,tree23,no,0.25,2
1.0002793363355895,1.636469970471726,2.5499192274174987,ReMultiplier,tree24.log,yes,0.25,2
0.21404869697236414,0.25600435728944915,0.2915406651064909,SSFrac,tree24.log,yes,0.25,2
1.440756618490252,1.5161646867416891,1.58106572775795,Re,tree24.log,yes,0.25,2
1.0006833756484368,1.9724461230170216,7.738106956508323,ReMultiplier,tree24,no,0.25,2
0.011414182761438364,0.5764135257088128,0.9849324920980326,SSFrac,tree24,no,0.25,2
1.4492578195757815,1.5154952190994742,1.5831115087492922,Re,tree24,no,0.25,2
1.0008474965318919,1.8500604672824652,2.8623407768594697,ReMultiplier,tree25.log,yes,0.25,2
0.22235838736854951,0.259574801027674,0.2992066623160305,SSFrac,tree25.log,yes,0.25,2
1.5056093228341099,1.5844383665311077,1.6608074919638816,Re,tree25.log,yes,0.25,2
1.000927793302994,2.5221688302894623,13.060570370581775,ReMultiplier,tree25,no,0.25,2
4.392143811523419e-6,0.664406089921388,0.9517936235489091,SSFrac,tree25,no,0.25,2
1.515164200343666,1.5836963069907517,1.6505418309016595,Re,tree25,no,0.25,2
1.7976387008260488,3.363791265429843,6.228339813619302,ReMultiplier,tree26.log,yes,0.25,2
0.20282366038629143,0.2379205639358904,0.2757273270187402,SSFrac,tree26.log,yes,0.25,2
1.409386431188183,1.4825035801946027,1.5578745752693224,Re,tree26.log,yes,0.25,2
1.0071980009675483,3.3714855329283715,11.830246902784426,ReMultiplier,tree26,no,0.25,2
2.3035246896321623e-5,0.47596539218692646,0.8746747745443746,SSFrac,tree26,no,0.25,2
1.4210370418951679,1.4883419419606665,1.5553009796061332,Re,tree26,no,0.25,2
1.130093062824095,1.9946115677282181,2.874723115519791,ReMultiplier,tree27.log,yes,0.25,2
0.18595784841671864,0.2231617854197884,0.2583686286729496,SSFrac,tree27.log,yes,0.25,2
1.4742295614560281,1.5476954439115356,1.6227994123307754,Re,tree27.log,yes,0.25,2
1.000986206337242,2.3951928180900466,10.231916158255874,ReMultiplier,tree27,no,0.25,2
2.863729952688837e-4,0.5959856979306317,0.9513689286535475,SSFrac,tree27,no,0.25,2
1.4599960183098428,1.5437663120661935,1.6149597281549795,Re,tree27,no,0.25,2
1.0689217149800185,1.6642647842214182,2.584154562545386,ReMultiplier,tree28.log,yes,0.25,2
0.2069539452188417,0.24908265263411855,0.2823873714001323,SSFrac,tree28.log,yes,0.25,2
1.4106109314636228,1.4714366659078415,1.5429648218647252,Re,tree28.log,yes,0.25,2
1.0111349490177997,2.6239714367241667,11.956733530585307,ReMultiplier,tree28,no,0.25,2
0.027296548778927683,0.641511568561466,0.9945660062224311,SSFrac,tree28,no,0.25,2
1.388093897811706,1.4677403301723997,1.539923863339769,Re,tree28,no,0.25,2
1.3365024705578399,2.2374484112593387,3.304321543038164,ReMultiplier,tree29.log,yes,0.25,2
0.20523699034896117,0.23777461246631307,0.27823582658090634,SSFrac,tree29.log,yes,0.25,2
1.43675539700118,1.5122564976272446,1.5844270238027922,Re,tree29.log,yes,0.25,2
1.0022114262939688,2.447501472617536,10.994444583781785,ReMultiplier,tree29,no,0.25,2
6.95744042852324e-4,0.5414471630553793,0.9686599735590973,SSFrac,tree29,no,0.25,2
1.434205213580532,1.5095532403301246,1.5788917589802198,Re,tree29,no,0.25,2
1.0001773053808325,1.275454514622876,1.8781350131447532,ReMultiplier,tree2.log,yes,0.25,2
0.19704306851866893,0.2341306842071853,0.26949630563357607,SSFrac,tree2.log,yes,0.25,2
1.3399176955535754,1.412201568881005,1.4754473661028833,Re,tree2.log,yes,0.25,2
1.0038950929182073,2.05001678077166,9.490822318760731,ReMultiplier,tree2,no,0.25,2
0.0024530882680968815,0.5735816125738423,0.9706770434834263,SSFrac,tree2,no,0.25,2
1.3314405870500376,1.407350616108483,1.4776716575399595,Re,tree2,no,0.25,2
1.1809751969532223,2.2640407587117033,3.754296684338425,ReMultiplier,tree30.log,yes,0.25,2
0.19284077200052405,0.2274991778668165,0.2656687332363686,SSFrac,tree30.log,yes,0.25,2
1.48049098697913,1.557018369237809,1.6216038947067424,Re,tree30.log,yes,0.25,2
1.0041162185956582,2.404184343227648,11.294814486141078,ReMultiplier,tree30,no,0.25,2
0.0016699568434197446,0.6608965366668103,0.9561285369595864,SSFrac,tree30,no,0.25,2
1.4985796665254605,1.5670919745503766,1.6359736035194792,Re,tree30,no,0.25,2
1.0024035604860684,1.545960007113584,2.4060294324427463,ReMultiplier,tree31.log,yes,0.25,2
0.204674269374654,0.23969290787998612,0.27812080053945915,SSFrac,tree31.log,yes,0.25,2
1.4239032133449618,1.4881852020180388,1.5601721568293752,Re,tree31.log,yes,0.25,2
1.0107184202350374,3.418296245083004,15.410999991615736,ReMultiplier,tree31,no,0.25,2
0.10094291342605372,0.6610492393842815,0.9999372212208787,SSFrac,tree31,no,0.25,2
1.4187531365965331,1.485594142762833,1.5524543865148386,Re,tree31,no,0.25,2
1.0041594864045182,1.8618361717416192,2.9514483096810338,ReMultiplier,tree32.log,yes,0.25,2
0.202094589631941,0.23726505339408835,0.2770550152414489,SSFrac,tree32.log,yes,0.25,2
1.460181803831611,1.531104734333265,1.6097817445077498,Re,tree32.log,yes,0.25,2
1.0005088184403843,3.327660486672994,12.91295057196108,ReMultiplier,tree32,no,0.25,2
0.10669897720232087,0.548382988412446,0.9986160570322128,SSFrac,tree32,no,0.25,2
1.4303693969771725,1.5076042197406985,1.5799616481637886,Re,tree32,no,0.25,2
1.0051915242702587,1.5016916318879674,2.323023039629045,ReMultiplier,tree33.log,yes,0.25,2
0.19022518828462015,0.22712226681519948,0.2606256004441142,SSFrac,tree33.log,yes,0.25,2
1.403469707837547,1.4775897289406013,1.5503839425340828,Re,tree33.log,yes,0.25,2
1.0011211634147985,2.6806042961477603,13.143879923993126,ReMultiplier,tree33,no,0.25,2
0.07093185350137594,0.7106481959237425,0.9993921942331672,SSFrac,tree33,no,0.25,2
1.3951975647429578,1.4762882340042687,1.5433190873389002,Re,tree33,no,0.25,2
1.4505823002694218,2.7682579089712718,4.302141013488087,ReMultiplier,tree34.log,yes,0.25,2
0.20364065186198552,0.24189617248155915,0.27808546484534413,SSFrac,tree34.log,yes,0.25,2
1.3848337944592402,1.4639520865237379,1.5466948004773682,Re,tree34.log,yes,0.25,2
1.1110990489797288,3.485244701457005,8.921283227465876,ReMultiplier,tree34,no,0.25,2
0.007561627519309143,0.3392410809599349,0.797286370286181,SSFrac,tree34,no,0.25,2
1.3880883808524735,1.4662236800000186,1.5449669845259908,Re,tree34,no,0.25,2
1.136872084567626,1.8092847576909004,2.6121106605172244,ReMultiplier,tree35.log,yes,0.25,2
0.1975800733895014,0.23162989247558946,0.2667500584787473,SSFrac,tree35.log,yes,0.25,2
1.406494631987655,1.483693113583161,1.5610980402551586,Re,tree35.log,yes,0.25,2
1.0034399853923028,1.8671737521213507,10.209117368891985,ReMultiplier,tree35,no,0.25,2
0.03382228957618975,0.7024286345102326,0.9997950119721319,SSFrac,tree35,no,0.25,2
1.3980563576175875,1.4758988766176817,1.5580637186976645,Re,tree35,no,0.25,2
1.65868536001417,2.8093549668897735,4.210740789487347,ReMultiplier,tree36.log,yes,0.25,2
0.20535892123601718,0.2389584935584985,0.28053299447868063,SSFrac,tree36.log,yes,0.25,2
1.4067899245798683,1.4800047123322266,1.5607944682261665,Re,tree36.log,yes,0.25,2
1.0002106724683346,3.366253708119041,11.417546785638129,ReMultiplier,tree36,no,0.25,2
0.0799413109765451,0.5727440562862289,0.979513161084854,SSFrac,tree36,no,0.25,2
1.4028220516550192,1.4847726720369454,1.553624387098334,Re,tree36,no,0.25,2
1.2048229714641856,2.2393317238807873,3.4965951782739904,ReMultiplier,tree37.log,yes,0.25,2
0.22282042755257658,0.263389058491563,0.29972201230145473,SSFrac,tree37.log,yes,0.25,2
1.415876127106839,1.4927079530728469,1.5626600084808846,Re,tree37.log,yes,0.25,2
1.0068993749985704,2.5842143262731088,11.5118018272945,ReMultiplier,tree37,no,0.25,2
0.043331275285899876,0.5802362531585163,0.9989017114290121,SSFrac,tree37,no,0.25,2
1.4093499536722593,1.4853921053679882,1.5533262712026326,Re,tree37,no,0.25,2
1.701418746524164,3.200871933685345,5.704984844823904,ReMultiplier,tree38.log,yes,0.25,2
0.2260923263385334,0.2641157806225452,0.3000001474018003,SSFrac,tree38.log,yes,0.25,2
1.475689705036987,1.5647406373343478,1.638667293948035,Re,tree38.log,yes,0.25,2
1.0067477618907037,3.203711842183778,10.146808538838961,ReMultiplier,tree38,no,0.25,2
0.016687045634922466,0.4398043528174991,0.9159095586623714,SSFrac,tree38,no,0.25,2
1.485987913349372,1.5628905578568237,1.6433275459851733,Re,tree38,no,0.25,2
1.0000165218588937,1.1900044811521087,1.7822133109211213,ReMultiplier,tree39.log,yes,0.25,2
0.24242559715763398,0.2796305056386609,0.3243034439345365,SSFrac,tree39.log,yes,0.25,2
1.4882418439105538,1.5611255643204098,1.6398352388854214,Re,tree39.log,yes,0.25,2
1.0003187940939897,2.4669325608386874,10.04201809291918,ReMultiplier,tree39,no,0.25,2
0.00746428425286606,0.639289467897782,0.9728158064760023,SSFrac,tree39,no,0.25,2
1.4852439281269192,1.5584900581625427,1.63696953601672,Re,tree39,no,0.25,2
1.9604699630952909,3.3912755749773575,6.575720514818812,ReMultiplier,tree3.log,yes,0.25,2
0.19005597787520817,0.22305231145313936,0.2607462809151158,SSFrac,tree3.log,yes,0.25,2
1.4421250469667202,1.5244120252634892,1.593841154388985,Re,tree3.log,yes,0.25,2
1.0170550363272386,3.600516520114548,12.700521433298178,ReMultiplier,tree3,no,0.25,2
0.002335717155403123,0.4414353254137735,0.840477418573172,SSFrac,tree3,no,0.25,2
1.4479537675795957,1.5200929535245136,1.5962112889303721,Re,tree3,no,0.25,2
1.4148528861543592,2.3383683546318386,3.335721990514997,ReMultiplier,tree40.log,yes,0.25,2
0.2197751873915149,0.25578613281442514,0.29449442714933877,SSFrac,tree40.log,yes,0.25,2
1.3439710925054589,1.4100408742271684,1.4907948900351928,Re,tree40.log,yes,0.25,2
1.0055229520151379,2.7425353109989934,11.232308908237735,ReMultiplier,tree40,no,0.25,2
2.427782963104434e-4,0.5966122285171578,0.9492659128789627,SSFrac,tree40,no,0.25,2
1.3416936308855263,1.4113819677067432,1.4722816551916178,Re,tree40,no,0.25,2
1.0940278148384153,2.1381886086220336,3.594034038266678,ReMultiplier,tree41.log,yes,0.25,2
0.24251497195205923,0.28775377067872887,0.3235089460755685,SSFrac,tree41.log,yes,0.25,2
1.4029433464386627,1.479417064270083,1.5561987045940455,Re,tree41.log,yes,0.25,2
1.0008768190141935,2.6685446937077186,10.661136374168976,ReMultiplier,tree41,no,0.25,2
0.06174272203997219,0.6168152056642335,0.9977608481651072,SSFrac,tree41,no,0.25,2
1.393343157833604,1.4822987011055186,1.550091332452998,Re,tree41,no,0.25,2
1.0046530656459427,1.6821869453824148,2.691947238818569,ReMultiplier,tree42.log,yes,0.25,2
0.24033800639302474,0.2816197262414058,0.3175892575136657,SSFrac,tree42.log,yes,0.25,2
1.4486344440535706,1.520496872262043,1.6051067548424005,Re,tree42.log,yes,0.25,2
1.0008324703960225,2.207769697499322,9.231982173752645,ReMultiplier,tree42,no,0.25,2
0.0020963958345219767,0.5462815047800612,0.9663852899191229,SSFrac,tree42,no,0.25,2
1.438722967777884,1.515539367285051,1.5967016081071024,Re,tree42,no,0.25,2
1.0178583404390749,1.7759774964485937,2.593437569223283,ReMultiplier,tree43.log,yes,0.25,2
0.20942476009447125,0.24691965682216355,0.288488176931948,SSFrac,tree43.log,yes,0.25,2
1.4465146180073587,1.5188864647086635,1.599951502428357,Re,tree43.log,yes,0.25,2
1.0066571502125397,2.214074040058873,10.477902626720892,ReMultiplier,tree43,no,0.25,2
0.02609678849219522,0.7176632594636946,0.9972097484297768,SSFrac,tree43,no,0.25,2
1.4534910384214141,1.5234547392668647,1.5932256759828303,Re,tree43,no,0.25,2
1.0750544590857158,2.116494415632781,3.352344912467296,ReMultiplier,tree44.log,yes,0.25,2
0.23169258885110872,0.26560284312850246,0.3064003431814685,SSFrac,tree44.log,yes,0.25,2
1.485402838551233,1.5600131734352884,1.6313139290600072,Re,tree44.log,yes,0.25,2
1.0012306905023527,2.5902686995421877,10.069012764850894,ReMultiplier,tree44,no,0.25,2
0.03231271663863321,0.6460047213254729,0.9865283631280929,SSFrac,tree44,no,0.25,2
1.4776334766756394,1.5599363750249386,1.6357126575831182,Re,tree44,no,0.25,2
1.6462670997876658,3.3617189055296643,6.046591862335485,ReMultiplier,tree45.log,yes,0.25,2
0.22293336101237493,0.2590480327462593,0.2931906548864618,SSFrac,tree45.log,yes,0.25,2
1.4659100321832088,1.5459263744140914,1.6266546852930808,Re,tree45.log,yes,0.25,2
1.0275785620171518,3.350400905996409,11.73431691473695,ReMultiplier,tree45,no,0.25,2
0.06919680619912645,0.5076771008782099,0.9425700067641537,SSFrac,tree45,no,0.25,2
1.4600727818647323,1.5419329142758533,1.6137670714022343,Re,tree45,no,0.25,2
1.0123559753905984,1.364435998854412,1.9011253243883528,ReMultiplier,tree46.log,yes,0.25,2
0.24682074081280986,0.28999346566743606,0.3264197936958235,SSFrac,tree46.log,yes,0.25,2
1.3965580909128332,1.4706911631925406,1.547160551574459,Re,tree46.log,yes,0.25,2
1.000776109383425,1.8218416897253178,9.140262662510292,ReMultiplier,tree46,no,0.25,2
0.028529682452024373,0.7452607109949256,0.9994483516635785,SSFrac,tree46,no,0.25,2
1.406565168981665,1.4697847894973153,1.5590714432173656,Re,tree46,no,0.25,2
1.0126539904926373,1.90057866820829,2.9765053909606016,ReMultiplier,tree47.log,yes,0.25,2
0.2338886873653745,0.275454420214797,0.31159162534310086,SSFrac,tree47.log,yes,0.25,2
1.411605906363127,1.4856361857314737,1.5700859347873943,Re,tree47.log,yes,0.25,2
1.004623853851328,3.793615427292344,14.144204755715075,ReMultiplier,tree47,no,0.25,2
0.005611067384296319,0.5733132483290666,0.9161270598004866,SSFrac,tree47,no,0.25,2
1.4278943565863098,1.492976266748723,1.5664726638726818,Re,tree47,no,0.25,2
1.024611301482025,1.9900406192848292,3.0906293051838465,ReMultiplier,tree48.log,yes,0.25,2
0.24223343764084035,0.27723863696518675,0.32006972230051856,SSFrac,tree48.log,yes,0.25,2
1.4337173151446925,1.496882416715497,1.5628797526016427,Re,tree48.log,yes,0.25,2
1.0048738576839042,2.2540870879107073,11.080177270395605,ReMultiplier,tree48,no,0.25,2
0.0038674478937198364,0.6410544594959355,0.9672418371199878,SSFrac,tree48,no,0.25,2
1.4214415746896703,1.497935648484161,1.560541339063896,Re,tree48,no,0.25,2
1.152187994079105,1.8812327046298565,2.613096688974161,ReMultiplier,tree49.log,yes,0.25,2
0.20934401813523743,0.24551665956279908,0.27870542050461555,SSFrac,tree49.log,yes,0.25,2
1.3660300422011882,1.4288582102615908,1.5088362912241553,Re,tree49.log,yes,0.25,2
1.001676033368938,1.969061301803487,11.500690278189166,ReMultiplier,tree49,no,0.25,2
0.035301871343763634,0.7508356800248362,0.9974569654528778,SSFrac,tree49,no,0.25,2
1.3526423741790237,1.4309026287873352,1.4941772062945107,Re,tree49,no,0.25,2
1.0007768893040825,1.3783527466418897,1.947880481842284,ReMultiplier,tree4.log,yes,0.25,2
0.2511917212517218,0.2855387120448222,0.32964759378755343,SSFrac,tree4.log,yes,0.25,2
1.3911499237096372,1.4603246636036489,1.5352689075884731,Re,tree4.log,yes,0.25,2
1.0015001323832025,1.6326335682165618,10.237850950175442,ReMultiplier,tree4,no,0.25,2
0.022791515218641187,0.7618432116365477,0.9986386722713778,SSFrac,tree4,no,0.25,2
1.3828641801791774,1.4602799586512216,1.5226465136386977,Re,tree4,no,0.25,2
1.000441652876698,1.3456505810827681,2.0735919211358893,ReMultiplier,tree50.log,yes,0.25,2
0.20180304765047197,0.23796849345808543,0.2710253866503877,SSFrac,tree50.log,yes,0.25,2
1.4255366418993884,1.4997733260682629,1.5645415510704501,Re,tree50.log,yes,0.25,2
1.0024306693754967,1.9685116436336914,9.675292633870377,ReMultiplier,tree50,no,0.25,2
4.608525988521797e-5,0.6839805384733411,0.9801855500274517,SSFrac,tree50,no,0.25,2
1.4293256038880435,1.4942438306923582,1.5645133093401875,Re,tree50,no,0.25,2
1.093910898625583,2.006174615850938,3.0051376404674164,ReMultiplier,tree51.log,yes,0.25,2
0.2284326581957857,0.2641455312732848,0.3081649390344887,SSFrac,tree51.log,yes,0.25,2
1.438420365975431,1.5129076205891947,1.6007397890097508,Re,tree51.log,yes,0.25,2
1.0031128469548989,2.7960403304300576,10.701790594433067,ReMultiplier,tree51,no,0.25,2
0.0022585255703687426,0.4531130363748326,0.8929629937382931,SSFrac,tree51,no,0.25,2
1.441806461741591,1.5105223275572779,1.5901992350033078,Re,tree51,no,0.25,2
1.025611798686547,1.5907866165291709,2.4070614174987512,ReMultiplier,tree52.log,yes,0.25,2
0.226267997387904,0.2590022979575956,0.3039714289384458,SSFrac,tree52.log,yes,0.25,2
1.363479628179252,1.4296304482300917,1.5056220037737866,Re,tree52.log,yes,0.25,2
1.0003193576872191,1.9242684962301562,12.21591803640566,ReMultiplier,tree52,no,0.25,2
1.711867414810843e-4,0.6684483089150022,0.9779024866676956,SSFrac,tree52,no,0.25,2
1.3472272995876364,1.432169542353807,1.496253774687084,Re,tree52,no,0.25,2
1.3248903358240653,2.013631999926184,3.068371749316311,ReMultiplier,tree53.log,yes,0.25,2
0.23511384501619748,0.2661683038507424,0.30923379009483315,SSFrac,tree53.log,yes,0.25,2
1.4078886776493662,1.4914748265938214,1.561274636051998,Re,tree53.log,yes,0.25,2
1.0131998882568087,2.475600576216304,12.2510990679757,ReMultiplier,tree53,no,0.25,2
5.616201933339248e-5,0.6093139228309367,0.9630637367687324,SSFrac,tree53,no,0.25,2
1.4194940099230637,1.4922938513260993,1.5568174625869085,Re,tree53,no,0.25,2
1.1791373756873171,2.2603617012019397,3.3151283969915255,ReMultiplier,tree54.log,yes,0.25,2
0.2015188568724182,0.23761628373258645,0.2781470748462346,SSFrac,tree54.log,yes,0.25,2
1.4401943735266352,1.5150677681149936,1.5847460694420898,Re,tree54.log,yes,0.25,2
1.00463375239651,1.751443739201144,2.7677856626744446,ReMultiplier,tree55.log,yes,0.25,2
0.20861335362990827,0.2458185645773019,0.28400867252710044,SSFrac,tree55.log,yes,0.25,2
1.4246561543552614,1.4890115295022868,1.5582155750835287,Re,tree55.log,yes,0.25,2
1.000266816398369,2.3973595210225995,8.97645170457458,ReMultiplier,tree55,no,0.25,2
0.04668924077745172,0.5801469194672295,0.9942806519077412,SSFrac,tree55,no,0.25,2
1.3692762476636535,1.4309186739105149,1.5065383914672876,Re,tree55,no,0.25,2
1.002609861356695,4.402704649884308,15.503630285419792,ReMultiplier,tree57,no,0.25,2
0.08375986125167843,0.5527786648990698,0.958458201416429,SSFrac,tree57,no,0.25,2
1.4593120843141398,1.537271551997146,1.6194205117989997,Re,tree57,no,0.25,2
1.0077577885902729,2.4679990835900014,4.994212004152203,ReMultiplier,tree58.log,yes,0.25,2
0.24507464090885955,0.28036448143352644,0.326083402782795,SSFrac,tree58.log,yes,0.25,2
1.4264963723050752,1.5112932513762733,1.578084318415318,Re,tree58.log,yes,0.25,2
1.2766066536124419,4.365559154942448,14.230086682244508,ReMultiplier,tree58,no,0.25,2
0.05169216156394226,0.392232855242241,0.7587121261838712,SSFrac,tree58,no,0.25,2
1.4226330011919048,1.5088752822681344,1.5829025712158056,Re,tree58,no,0.25,2
1.002750841058938,1.3165513307481456,1.9112204489102789,ReMultiplier,tree59.log,yes,0.25,2
0.1904274695772839,0.22582222395037788,0.26201400651147,SSFrac,tree59.log,yes,0.25,2
1.4199409351432708,1.4890906563214206,1.5565009275769706,Re,tree59.log,yes,0.25,2
1.00062643181114,2.1117143601105477,10.18291822204321,ReMultiplier,tree59,no,0.25,2
0.03907263492226118,0.6896536483518301,0.9994746845738396,SSFrac,tree59,no,0.25,2
1.418115943796246,1.4910646005691515,1.5583985236443607,Re,tree59,no,0.25,2
1.2467437910067023,1.9897343856811012,3.1441063963717837,ReMultiplier,tree5.log,yes,0.25,2
0.23093083119142058,0.2660076722479523,0.30546168547211144,SSFrac,tree5.log,yes,0.25,2
1.4684767533893222,1.5440071459041653,1.6167247570000183,Re,tree5.log,yes,0.25,2
1.0021067186574473,2.0844277095029424,9.274892544766669,ReMultiplier,tree5,no,0.25,2
9.362019679155314e-4,0.6297882158620969,0.9682066377423411,SSFrac,tree5,no,0.25,2
1.4627659447405978,1.5442498116864098,1.6162880977972895,Re,tree5,no,0.25,2
1.0046595798797788,2.053252188962465,3.655011458628011,ReMultiplier,tree60.log,yes,0.25,2
0.22287775118528327,0.2588578302875503,0.29369890324733383,SSFrac,tree60.log,yes,0.25,2
1.4246321025939481,1.491769238016813,1.5695621810084606,Re,tree60.log,yes,0.25,2
1.000905775023533,2.439993590920652,8.387489701171713,ReMultiplier,tree60,no,0.25,2
0.06025689065495668,0.5174273654797205,0.9991591872937313,SSFrac,tree60,no,0.25,2
1.420317263738173,1.4889783427481245,1.5637154899193417,Re,tree60,no,0.25,2
1.687452287075914,2.7959825175782553,4.748176723970066,ReMultiplier,tree61.log,yes,0.25,2
0.21412451776266425,0.2490636025923637,0.28721240683451094,SSFrac,tree61.log,yes,0.25,2
1.4944510605997627,1.5713289505120156,1.657223918399017,Re,tree61.log,yes,0.25,2
1.024994010294101,3.4553248343068987,9.214241048016559,ReMultiplier,tree61,no,0.25,2
0.0034340916070201713,0.26662797760060064,0.7650910521060471,SSFrac,tree61,no,0.25,2
1.4876998446957135,1.5658289233106903,1.6503302704971323,Re,tree61,no,0.25,2
1.022740227742801,1.8959357661231522,2.8875581012300513,ReMultiplier,tree62.log,yes,0.25,2
0.2337626121982299,0.2733867459811944,0.30984786828265526,SSFrac,tree62.log,yes,0.25,2
1.4886158032136763,1.559321841077004,1.6389909654662582,Re,tree62.log,yes,0.25,2
1.0006016244703673,2.4064936397654333,12.23777574244041,ReMultiplier,tree62,no,0.25,2
0.05087164759383906,0.6462320348825297,0.9997906319868785,SSFrac,tree62,no,0.25,2
1.4754687595939715,1.557561414460464,1.6276265435648394,Re,tree62,no,0.25,2
1.0482569518984608,2.0816963335186363,3.2602200862918105,ReMultiplier,tree63.log,yes,0.25,2
0.1775734566491096,0.2177708554005309,0.25831843558600365,SSFrac,tree63.log,yes,0.25,2
1.4412274381255343,1.5089112349746383,1.5744840112375134,Re,tree63.log,yes,0.25,2
1.000317419179557,2.2439998122259674,7.268608118132813,ReMultiplier,tree63,no,0.25,2
0.015558520414819529,0.5579861746665573,0.9755904546972032,SSFrac,tree63,no,0.25,2
1.4357707109007931,1.5094521914767425,1.5738293143565987,Re,tree63,no,0.25,2
1.189363529663358,2.1833153329123185,3.307487912627993,ReMultiplier,tree64.log,yes,0.25,2
0.18100828994290594,0.2173781865221402,0.252318327788616,SSFrac,tree64.log,yes,0.25,2
1.4289300758186803,1.5051528433939183,1.57809019661299,Re,tree64.log,yes,0.25,2
1.0313609972754507,3.131286835250028,12.541295986107663,ReMultiplier,tree64,no,0.25,2
0.0708310078977486,0.5760034769483973,0.9752962658464225,SSFrac,tree64,no,0.25,2
1.4321342312347676,1.5062233069471032,1.5793549520094197,Re,tree64,no,0.25,2
1.2667018009494981,2.3728686821549707,3.5990365580111616,ReMultiplier,tree65.log,yes,0.25,2
0.2374607837294788,0.276157082196719,0.31422635399513993,SSFrac,tree65.log,yes,0.25,2
1.4354626423438086,1.5046152231625307,1.5798843727129994,Re,tree65.log,yes,0.25,2
1.0064034171995864,2.398859031902617,9.933962059761031,ReMultiplier,tree65,no,0.25,2
0.006280264392761339,0.6160078225403499,0.9652065804976413,SSFrac,tree65,no,0.25,2
1.42549780193531,1.4993106054711314,1.5761629483633803,Re,tree65,no,0.25,2
1.0114352433498697,1.5870774192824477,2.3388800560558214,ReMultiplier,tree66.log,yes,0.25,2
0.21305992976052626,0.2475991638715466,0.28947387275492925,SSFrac,tree66.log,yes,0.25,2
1.3527059856124588,1.427384131737954,1.4925025050447123,Re,tree66.log,yes,0.25,2
1.0036407546359711,1.8775184384922603,8.95204807888593,ReMultiplier,tree66,no,0.25,2
6.913259622359189e-5,0.7223618970740923,0.9818611913803337,SSFrac,tree66,no,0.25,2
1.35655220720145,1.4284435351100493,1.492663814994656,Re,tree66,no,0.25,2
1.007167948955273,1.723306113286196,2.774552007795785,ReMultiplier,tree67.log,yes,0.25,2
0.24675953066153253,0.2823100569139875,0.3242606451663309,SSFrac,tree67.log,yes,0.25,2
1.4625777518601626,1.5324056638008627,1.6191772106563322,Re,tree67.log,yes,0.25,2
1.0015893567086027,2.0581412112379667,8.79250889899009,ReMultiplier,tree67,no,0.25,2
0.005080901190111745,0.5790981486888771,0.976033996754131,SSFrac,tree67,no,0.25,2
1.4525563226760743,1.5261202202065047,1.603340534855644,Re,tree67,no,0.25,2
2.0067188493167603,3.7044312494140126,6.419912104599546,ReMultiplier,tree68.log,yes,0.25,2
0.23151112005244956,0.2658438609082295,0.3051299825306282,SSFrac,tree68.log,yes,0.25,2
1.3911157452001823,1.46791605608719,1.5506261941202417,Re,tree68.log,yes,0.25,2
1.2165790286365028,3.545969888174761,6.047822017251909,ReMultiplier,tree68,no,0.25,2
0.005273973769356936,0.2296247564744699,0.7010503425835616,SSFrac,tree68,no,0.25,2
1.3891030464223528,1.4694794044167492,1.5484486985321155,Re,tree68,no,0.25,2
1.4329145552535996,2.8066929809242493,4.891086302879057,ReMultiplier,tree69.log,yes,0.25,2
0.22568518047278235,0.2640506768758135,0.29793997902343144,SSFrac,tree69.log,yes,0.25,2
1.476404657050693,1.5513025908412201,1.6290477485271793,Re,tree69.log,yes,0.25,2
1.0002435743044578,3.6210097860593207,10.051294324992782,ReMultiplier,tree69,no,0.25,2
0.08858126337423904,0.45337503810667945,0.948515220311219,SSFrac,tree69,no,0.25,2
1.4760060179540868,1.548329190835451,1.6276293079013944,Re,tree69,no,0.25,2
2.028807073575078,3.0950008482588833,4.643413409964344,ReMultiplier,tree6.log,yes,0.25,2
0.20738566946883644,0.25034981763435743,0.2808553493726779,SSFrac,tree6.log,yes,0.25,2
1.4312859084878151,1.5072279420478418,1.59222830477501,Re,tree6.log,yes,0.25,2
1.253443111052955,3.207732874224055,6.103924981661507,ReMultiplier,tree6,no,0.25,2
0.009336758239629822,0.20408797012758456,0.7912700771324205,SSFrac,tree6,no,0.25,2
1.4267274787927644,1.506091385197592,1.5796443342503113,Re,tree6,no,0.25,2
1.3557120252727215,2.6068375948826943,4.080776477531291,ReMultiplier,tree70.log,yes,0.25,2
0.23639060971420414,0.2755724082407293,0.3077901099680593,SSFrac,tree70.log,yes,0.25,2
1.4046954646760461,1.4792142873918106,1.5485339972612842,Re,tree70.log,yes,0.25,2
1.0011455048646876,2.7573725596272016,9.386500718716674,ReMultiplier,tree70,no,0.25,2
2.1285214556662684e-4,0.457543037369036,0.9328614963742959,SSFrac,tree70,no,0.25,2
1.3997701520180816,1.470509955770709,1.5389273963173489,Re,tree70,no,0.25,2
1.0002844226281236,1.5051678456414206,2.232248118014293,ReMultiplier,tree71.log,yes,0.25,2
0.18829352311395034,0.22604906758965787,0.2642064760861063,SSFrac,tree71.log,yes,0.25,2
1.4499926852589198,1.5249447133485474,1.6023206663108525,Re,tree71.log,yes,0.25,2
1.0002421212194208,2.262526729634759,10.532024340923057,ReMultiplier,tree71,no,0.25,2
3.74571208476815e-4,0.5126883296177831,0.9616174709563763,SSFrac,tree71,no,0.25,2
1.4533331608207913,1.52536854389087,1.6046276303362434,Re,tree71,no,0.25,2
1.316391480278013,2.4518803345478446,3.827754420498747,ReMultiplier,tree72.log,yes,0.25,2
0.19193531638850012,0.2282623387483135,0.26531809440229115,SSFrac,tree72.log,yes,0.25,2
1.3749918327209676,1.446463570379024,1.5219860866339519,Re,tree72.log,yes,0.25,2
1.0004033002369346,3.4361240185081208,12.13870173143669,ReMultiplier,tree72,no,0.25,2
0.09899378697922155,0.5904129058113907,0.9707558916883966,SSFrac,tree72,no,0.25,2
1.3682985742719704,1.4485423246196123,1.512838690614473,Re,tree72,no,0.25,2
1.2928097460697532,2.395539301493132,3.475060800900269,ReMultiplier,tree73.log,yes,0.25,2
0.1968438472604097,0.23477575670877804,0.26770480474463326,SSFrac,tree73.log,yes,0.25,2
1.4681400715469892,1.5437628086661472,1.620264941589665,Re,tree73.log,yes,0.25,2
1.003026815226677,2.388926696344923,9.610136805488972,ReMultiplier,tree73,no,0.25,2
6.174818111570332e-4,0.5532960679776633,0.9527411175282372,SSFrac,tree73,no,0.25,2
1.4703670579470627,1.5444442844426938,1.6215770561821445,Re,tree73,no,0.25,2
1.0069067662618598,1.486236331070792,2.2257335289643416,ReMultiplier,tree74.log,yes,0.25,2
0.2022093665904261,0.23923405348764626,0.2764126907351845,SSFrac,tree74.log,yes,0.25,2
1.3457498673638817,1.4129896947269833,1.4896523086949747,Re,tree74.log,yes,0.25,2
1.0029685956374408,2.0148706346313974,11.947667803860847,ReMultiplier,tree74,no,0.25,2
0.02295482897416073,0.7191530611848194,0.9938038670801287,SSFrac,tree74,no,0.25,2
1.3487983139109796,1.4144516820882032,1.487634914414178,Re,tree74,no,0.25,2
1.0015690669506236,1.6601953497711472,2.482249822355332,ReMultiplier,tree75.log,yes,0.25,2
0.26285542180663085,0.2999366475043783,0.3372969172539482,SSFrac,tree75.log,yes,0.25,2
1.3663151072039774,1.4372018171147771,1.5110451367338036,Re,tree75.log,yes,0.25,2
1.000649140242306,2.2196863197553274,10.11705794627613,ReMultiplier,tree75,no,0.25,2
0.058436672788778767,0.6660827567054566,0.9992691619032426,SSFrac,tree75,no,0.25,2
1.3708095488152034,1.4355844211741728,1.508784419832943,Re,tree75,no,0.25,2
1.0562198404887235,2.0509802508249866,3.0298949071756334,ReMultiplier,tree76.log,yes,0.25,2
0.21475174361803742,0.24920750226049748,0.28819039686386494,SSFrac,tree76.log,yes,0.25,2
1.4083691044270943,1.4776881621220732,1.5455126713947789,Re,tree76.log,yes,0.25,2
1.0047972279448656,2.239852470017756,8.102691277547565,ReMultiplier,tree76,no,0.25,2
5.91945854361601e-4,0.5968446516184338,0.9673569630727411,SSFrac,tree76,no,0.25,2
1.3977707318291097,1.471964925920151,1.5433516861661072,Re,tree76,no,0.25,2
1.0219150519925642,1.7594326030299268,2.5063583406143053,ReMultiplier,tree77.log,yes,0.25,2
0.2076738798252301,0.24600187496816925,0.283526851777034,SSFrac,tree77.log,yes,0.25,2
1.4378483486208824,1.501429487065168,1.5801229156378973,Re,tree77.log,yes,0.25,2
1.002637997555312,2.385971351062821,9.089700225188194,ReMultiplier,tree77,no,0.25,2
1.7152929546006257e-4,0.5284746090422867,0.9605565407684906,SSFrac,tree77,no,0.25,2
1.429470919752823,1.5041892333097622,1.5787009053865622,Re,tree77,no,0.25,2
1.0394093170093996,2.1140517391188713,3.5378490581953863,ReMultiplier,tree78.log,yes,0.25,2
0.19139242861370082,0.23200772425694668,0.2632643960375053,SSFrac,tree78.log,yes,0.25,2
1.4380324528890382,1.5145350593254934,1.585184453665575,Re,tree78.log,yes,0.25,2
1.0009797415042558,2.938100452138471,11.34146627094255,ReMultiplier,tree78,no,0.25,2
0.06952786347921674,0.5924094858383929,0.9954867678192305,SSFrac,tree78,no,0.25,2
1.4448015039017839,1.5095861226528875,1.5906620516652978,Re,tree78,no,0.25,2
1.2553099673568497,2.560995066224094,4.537268713573978,ReMultiplier,tree79.log,yes,0.25,2
0.22638145961618308,0.26328985306028085,0.3032376763212181,SSFrac,tree79.log,yes,0.25,2
1.4122329296654095,1.4886456214344066,1.5676754828645116,Re,tree79.log,yes,0.25,2
1.0023519051844845,1.4042633630212524,2.1167971808320045,ReMultiplier,tree7.log,yes,0.25,2
0.19709924901309167,0.2303135024899674,0.2736005218024636,SSFrac,tree7.log,yes,0.25,2
1.4647084949641778,1.5378720312547614,1.6061067492772865,Re,tree7.log,yes,0.25,2
1.0018025256186347,2.0559060280815924,10.405792069944221,ReMultiplier,tree7,no,0.25,2
0.029159223659316395,0.6774096796959606,0.9940835980001678,SSFrac,tree7,no,0.25,2
1.4605535849773597,1.5386595068271953,1.6096403470921772,Re,tree7,no,0.25,2
1.3141765017079285,2.2086135335077244,3.3391329481365393,ReMultiplier,tree80.log,yes,0.25,2
0.24007170975202494,0.279406715919134,0.31984802498768417,SSFrac,tree80.log,yes,0.25,2
1.3879594320539343,1.4546650579582119,1.5263822245027678,Re,tree80.log,yes,0.25,2
1.005860028461728,2.40179462836087,11.511903391697894,ReMultiplier,tree80,no,0.25,2
4.766532710484375e-4,0.6768513560284088,0.9709209571531591,SSFrac,tree80,no,0.25,2
1.3881871447529086,1.4537973694512796,1.52611971742011,Re,tree80,no,0.25,2
1.002582269230136,2.7133408164979893,13.027328951214193,ReMultiplier,tree81,no,0.25,2
0.006101974909873327,0.657417054880107,0.950533737224482,SSFrac,tree81,no,0.25,2
1.435504627614514,1.5111928187244248,1.5724926435156539,Re,tree81,no,0.25,2
1.011253758990313,1.7812651349253839,2.817342678250959,ReMultiplier,tree82.log,yes,0.25,2
0.20293358736169884,0.2433011094485278,0.2781498339555653,SSFrac,tree82.log,yes,0.25,2
1.465018225435275,1.5385769619161667,1.6142866420305764,Re,tree82.log,yes,0.25,2
1.0000247707094498,2.5328874755292485,9.139096250874378,ReMultiplier,tree82,no,0.25,2
1.6255522619899003e-4,0.527072667700133,0.9441646816865197,SSFrac,tree82,no,0.25,2
1.4547887481555613,1.5385956623966437,1.6086464783393006,Re,tree82,no,0.25,2
1.2779010679435114,2.141958545263254,3.2130867842386692,ReMultiplier,tree83.log,yes,0.25,2
0.22941300594413513,0.2648003480722482,0.30520348735036174,SSFrac,tree83.log,yes,0.25,2
1.4204459570848678,1.4875429228512025,1.5696528495268383,Re,tree83.log,yes,0.25,2
1.0044482624895879,2.489021792528943,11.27006132484318,ReMultiplier,tree83,no,0.25,2
0.06508953987632612,0.6202010542314405,0.9994341597424996,SSFrac,tree83,no,0.25,2
1.4093560939585692,1.4852903767441819,1.558490944670703,Re,tree83,no,0.25,2
1.1293757884809328,2.1449255223308774,3.4973490355068737,ReMultiplier,tree85.log,yes,0.25,2
0.23273197946607502,0.2667700866821666,0.3046919191424578,SSFrac,tree85.log,yes,0.25,2
1.4263679829822646,1.5061895091149469,1.5907693694262692,Re,tree85.log,yes,0.25,2
1.0201025251567009,3.5937137974850275,13.816161640104955,ReMultiplier,tree85,no,0.25,2
0.040851858048906856,0.631328444258349,0.9589935656681702,SSFrac,tree85,no,0.25,2
1.4298662796026027,1.5051949928598303,1.5752485899485984,Re,tree85,no,0.25,2
1.2298177403433503,1.9619483140098644,2.7194453787026043,ReMultiplier,tree88.log,yes,0.25,2
0.21083723647740646,0.24229198031827998,0.28455054788030953,SSFrac,tree88.log,yes,0.25,2
1.4400804040001918,1.5302231646647635,1.595991300219049,Re,tree88.log,yes,0.25,2
1.0003230252805004,2.057680810913993,9.131947500238134,ReMultiplier,tree88,no,0.25,2
0.006638400955882646,0.6748893905150921,0.9798486715163149,SSFrac,tree88,no,0.25,2
1.4451860516012802,1.524883262375797,1.6020834577940737,Re,tree88,no,0.25,2
1.001500646332806,1.5792430881612716,2.345552258607267,ReMultiplier,tree89.log,yes,0.25,2
0.19175454948238083,0.23150681354085856,0.26704068412958304,SSFrac,tree89.log,yes,0.25,2
1.427823178236074,1.4911003753691046,1.5650136320912635,Re,tree89.log,yes,0.25,2
1.0009676100735592,2.010791963686713,10.810911470473247,ReMultiplier,tree89,no,0.25,2
1.1973527309147544e-4,0.6670570541379675,0.970287419674346,SSFrac,tree89,no,0.25,2
1.4228316095682494,1.4919188822509426,1.564377857296539,Re,tree89,no,0.25,2
1.0049603345960327,1.412724236138955,2.2235330881666378,ReMultiplier,tree8.log,yes,0.25,2
0.2243970707892141,0.2566477681485888,0.2951943076000119,SSFrac,tree8.log,yes,0.25,2
1.382323293057828,1.4544265503839515,1.519986087854982,Re,tree8.log,yes,0.25,2
1.0061743728066037,2.113875895451282,10.584514250494864,ReMultiplier,tree8,no,0.25,2
7.411376265996543e-4,0.5628984677574217,0.9762429586080607,SSFrac,tree8,no,0.25,2
1.3898348241609382,1.454733193879246,1.543851592840047,Re,tree8,no,0.25,2
1.377042407527358,2.219333892961623,3.3463212007254057,ReMultiplier,tree90.log,yes,0.25,2
0.2135788007606124,0.2512912014518471,0.2838805880564531,SSFrac,tree90.log,yes,0.25,2
1.4224108582208308,1.4941181881972845,1.5659183690480765,Re,tree90.log,yes,0.25,2
1.0012372398949614,1.845221143134506,8.761727919503102,ReMultiplier,tree90,no,0.25,2
0.001605889411673355,0.6414038218181997,0.9742649807827196,SSFrac,tree90,no,0.25,2
1.4268226677690414,1.4922869094020952,1.5642914723775558,Re,tree90,no,0.25,2
1.7189947956270732,2.8691149587605658,4.212161539792238,ReMultiplier,tree91.log,yes,0.25,2
0.2168714709217759,0.2533510985859294,0.2869103626528644,SSFrac,tree91.log,yes,0.25,2
1.4336090018284409,1.5095597865651018,1.5853262901474883,Re,tree91.log,yes,0.25,2
2.0144486271728197,3.79759345053362,6.1476915523255204,ReMultiplier,tree91,no,0.25,2
0.013340597202904782,0.16355690999949482,0.4740801795377075,SSFrac,tree91,no,0.25,2
1.4405287284380432,1.5130101024681049,1.5918161459372708,Re,tree91,no,0.25,2
1.4308133732168957,2.7806219899447346,4.366263261330225,ReMultiplier,tree92.log,yes,0.25,2
0.1877695433125337,0.22344222258099483,0.25534922552454076,SSFrac,tree92.log,yes,0.25,2
1.3539095903366578,1.4276906866026522,1.4880181329078084,Re,tree92.log,yes,0.25,2
1.104455695085857,3.912050113503434,10.03071647957083,ReMultiplier,tree92,no,0.25,2
0.03489417209157093,0.3831013039077053,0.7423742219492863,SSFrac,tree92,no,0.25,2
1.351234281403218,1.4238582425373276,1.4873659324596924,Re,tree92,no,0.25,2
1.0071664622400882,1.7796596867458812,2.6221528550146838,ReMultiplier,tree94.log,yes,0.25,2
0.23242201256974573,0.27410833024360365,0.3053664669808472,SSFrac,tree94.log,yes,0.25,2
1.4311995200740675,1.51007798232979,1.5779386660262296,Re,tree94.log,yes,0.25,2
1.0011114485571146,1.9714645410015117,8.760954771626595,ReMultiplier,tree94,no,0.25,2
0.04080655561363885,0.684915291312095,0.9999556159630104,SSFrac,tree94,no,0.25,2
1.4428077147302394,1.5084539873313902,1.5899602924587648,Re,tree94,no,0.25,2
1.3567453610963205,2.3296702452562448,3.295001550899808,ReMultiplier,tree95.log,yes,0.25,2
0.23752110513274258,0.2713603424394703,0.3132236788623622,SSFrac,tree95.log,yes,0.25,2
1.5038993549662176,1.5896653735511397,1.6667487547939202,Re,tree95.log,yes,0.25,2
1.0173583877543868,3.314466044938498,15.747222379013824,ReMultiplier,tree95,no,0.25,2
8.275493361447018e-4,0.6167016393248381,0.9611951429056632,SSFrac,tree95,no,0.25,2
1.511770327591385,1.589533065850432,1.6701219347476506,Re,tree95,no,0.25,2
1.0691141688161723,2.46404503923146,4.121360655534224,ReMultiplier,tree96.log,yes,0.25,2
0.20071662734432102,0.24609267912852703,0.27999612724120976,SSFrac,tree96.log,yes,0.25,2
1.391584277451095,1.469366894481013,1.541042463680846,Re,tree96.log,yes,0.25,2
1.0129863657929328,3.673305298849332,10.63516583466162,ReMultiplier,tree96,no,0.25,2
0.006885754147953597,0.3770090327043675,0.8106333321556837,SSFrac,tree96,no,0.25,2
1.3991500320789838,1.480023968555161,1.5600819549505154,Re,tree96,no,0.25,2
1.0975870132098917,1.93109920203355,2.9122685026098685,ReMultiplier,tree97.log,yes,0.25,2
0.21488950046441738,0.25278991712650845,0.29146228624244125,SSFrac,tree97.log,yes,0.25,2
1.428872222893345,1.4994164886835932,1.5799661287150442,Re,tree97.log,yes,0.25,2
1.0042874202982566,1.900963945136063,8.67390491665445,ReMultiplier,tree97,no,0.25,2
0.03337682673376787,0.6129238758818017,0.9964993086102238,SSFrac,tree97,no,0.25,2
1.4346414502943905,1.4951951585737349,1.566860175683029,Re,tree97,no,0.25,2
1.0075159105042286,1.8038191776857047,2.911721977779787,ReMultiplier,tree98.log,yes,0.25,2
0.21426938183191466,0.24672214225594988,0.282566286799537,SSFrac,tree98.log,yes,0.25,2
1.4547234756947431,1.5266899891909471,1.6093696365329404,Re,tree98.log,yes,0.25,2
1.072533940622916,3.0020966146502754,7.452090237729959,ReMultiplier,tree98,no,0.25,2
0.0020179628962202715,0.3063708020523152,0.9198208429402774,SSFrac,tree98,no,0.25,2
1.4559156418331727,1.5314167571167916,1.6094297376708036,Re,tree98,no,0.25,2
1.0008627562060675,1.4179254527014094,2.536389725910548,ReMultiplier,tree99.log,yes,0.25,2
0.20453602596834994,0.24249338854155253,0.2733105477958529,SSFrac,tree99.log,yes,0.25,2
1.463082742738868,1.5373078469379293,1.6176781767867914,Re,tree99.log,yes,0.25,2
1.0225166924754485,5.478451963637003,15.88821468848376,ReMultiplier,tree99,no,0.25,2
0.1532719685719144,0.5062834044122737,0.8676853313864384,SSFrac,tree99,no,0.25,2
1.4517119919831432,1.5293229483145039,1.619740273842514,Re,tree99,no,0.25,2
1.006309484337432,1.8998324652102665,2.751279588926754,ReMultiplier,tree9.log,yes,0.25,2
0.17153934313067262,0.20851162830328665,0.24050580262534232,SSFrac,tree9.log,yes,0.25,2
1.390912632401628,1.461227540940385,1.5241508807166844,Re,tree9.log,yes,0.25,2
1.0010207331127259,2.4473387639065534,12.172370134672873,ReMultiplier,tree9,no,0.25,2
0.04607029949289579,0.6377379377388123,0.9967554764381865,SSFrac,tree9,no,0.25,2
1.3789552787099417,1.4570303127678503,1.5191574309400588,Re,tree9,no,0.25,2
