lower,med,upper,param,tree,tiptypes,prop,multiplier
7.55336222387758,10.956931598133107,15.85946026042325,ReMultiplier,tree_0.log,yes,0.05,10
0.03832642114596756,0.05494573794918945,0.07399475592864638,SSFrac,tree_0.log,yes,0.05,10
1.4509222330401117,1.5388415451852415,1.6270317299360617,Re,tree_0.log,yes,0.05,10
8.222804054276729,12.134760656611608,16.751401325288185,ReMultiplier,tree_0,no,0.05,10
0.014620720416781858,0.03458675374841211,0.06604518305262923,SSFrac,tree_0,no,0.05,10
1.4554788126803293,1.5435213291972825,1.6396644382067826,Re,tree_0,no,0.05,10
8.388261612644493,13.591404985415227,21.291510564111228,ReMultiplier,tree_10.log,yes,0.05,10
0.04033515092182835,0.05689430217052575,0.07405884837407462,SSFrac,tree_10.log,yes,0.05,10
1.3912980293084363,1.4672846602858947,1.5519402291561815,Re,tree_10.log,yes,0.05,10
8.279401005488664,13.80261778335196,21.900540329984636,ReMultiplier,tree_10,no,0.05,10
0.02995699598711056,0.05576833515380456,0.08934263006509334,SSFrac,tree_10,no,0.05,10
1.3899420902625848,1.4725304991050814,1.5554550052437304,Re,tree_10,no,0.05,10
7.558778725628699,10.122366642259433,13.277249849829087,ReMultiplier,tree_11.log,yes,0.05,10
0.026544319555342026,0.039363272586668954,0.05524058845276759,SSFrac,tree_11.log,yes,0.05,10
1.32735271780477,1.4146542849631236,1.5051036737479253,Re,tree_11.log,yes,0.05,10
8.026746216602113,12.02920753386076,16.226361595606328,ReMultiplier,tree_11,no,0.05,10
0.008958525206993532,0.02326324147346353,0.044488137121566865,SSFrac,tree_11,no,0.05,10
1.318021836240597,1.4067737464441024,1.4972556161558328,Re,tree_11,no,0.05,10
6.0942307392265125,8.988243415404096,12.62330729694605,ReMultiplier,tree_12.log,yes,0.05,10
0.04066894876040212,0.0581989246057701,0.07718114789685741,SSFrac,tree_12.log,yes,0.05,10
1.327624918661377,1.408401290104401,1.4968513909263148,Re,tree_12.log,yes,0.05,10
5.736175550755451,9.253150999629263,13.630410484693401,ReMultiplier,tree_12,no,0.05,10
0.028216969291687728,0.0711625135491694,0.13634007055527347,SSFrac,tree_12,no,0.05,10
1.3313825561516044,1.4081171767711589,1.4973066941021453,Re,tree_12,no,0.05,10
8.483942085304628,13.598041747284048,20.65171925226829,ReMultiplier,tree_13.log,yes,0.05,10
0.04608661268928344,0.06238080339782796,0.08129336028257769,SSFrac,tree_13.log,yes,0.05,10
1.526398195637068,1.6205488584761139,1.7217793399857133,Re,tree_13.log,yes,0.05,10
6.432530721546488,9.875799265745957,15.597815405559732,ReMultiplier,tree_13,no,0.05,10
0.035800196170931824,0.08220039326699997,0.13806181215794364,SSFrac,tree_13,no,0.05,10
1.504005274699275,1.6228859916744405,1.7428079669025067,Re,tree_13,no,0.05,10
7.5819767616632685,11.354395390829982,16.141117433125803,ReMultiplier,tree_14.log,yes,0.05,10
0.03717299316451762,0.052311833608709515,0.07113997378645516,SSFrac,tree_14.log,yes,0.05,10
1.440548107352972,1.5337207817881524,1.6323805221457424,Re,tree_14.log,yes,0.05,10
7.056493211692266,11.364486064015429,16.59907368816325,ReMultiplier,tree_14,no,0.05,10
0.023267504216286473,0.05449361564841036,0.1000579312458394,SSFrac,tree_14,no,0.05,10
1.4415505082850806,1.5368913267861877,1.6315850091197937,Re,tree_14,no,0.05,10
7.722078117624012,14.521326439196297,25.117006500886767,ReMultiplier,tree_15.log,yes,0.05,10
0.05004999280705671,0.0687642121452679,0.08814222912611257,SSFrac,tree_15.log,yes,0.05,10
1.456440747103077,1.5523795141126198,1.6442148274049844,Re,tree_15.log,yes,0.05,10
6.14122811240387,12.72533107497722,22.938107918439943,ReMultiplier,tree_15,no,0.05,10
0.04860816265880881,0.09670152286094261,0.16859505172153946,SSFrac,tree_15,no,0.05,10
1.471299360865011,1.5625895360036903,1.6580263738469991,Re,tree_15,no,0.05,10
8.106598095081422,13.054285208988135,20.57597355510876,ReMultiplier,tree_16.log,yes,0.05,10
0.03992120387596344,0.05571546776967421,0.07419562251306075,SSFrac,tree_16.log,yes,0.05,10
1.3494782744494034,1.4410859131417664,1.5383702761727165,Re,tree_16.log,yes,0.05,10
7.54001924165938,12.207164401964409,18.699275959048922,ReMultiplier,tree_16,no,0.05,10
0.0310645604516297,0.06370593226431803,0.11066349974459486,SSFrac,tree_16,no,0.05,10
1.3513249612982392,1.4485621767308925,1.5403279967551322,Re,tree_16,no,0.05,10
8.346371551469955,12.96575788886856,19.816318215649925,ReMultiplier,tree_17.log,yes,0.05,10
0.04496366456436757,0.06057173968976474,0.0795702764402826,SSFrac,tree_17.log,yes,0.05,10
1.3923090729731498,1.4890907091408903,1.5863525652722432,Re,tree_17.log,yes,0.05,10
7.9731586175888065,12.824327965331696,20.23295540711229,ReMultiplier,tree_17,no,0.05,10
0.04104198233983968,0.07168210310118542,0.11721605234149154,SSFrac,tree_17,no,0.05,10
1.397522924093371,1.4913979591783297,1.5855056052908072,Re,tree_17,no,0.05,10
7.2568135407013035,11.12403800385541,16.486597367442187,ReMultiplier,tree_18.log,yes,0.05,10
0.0404466939525744,0.05659020530451024,0.07512577726183514,SSFrac,tree_18.log,yes,0.05,10
1.438859527595179,1.529662043280176,1.6260600189879597,Re,tree_18.log,yes,0.05,10
8.266984113440378,12.588734121752404,18.023184320908626,ReMultiplier,tree_18,no,0.05,10
0.02569015829871334,0.04932150829016195,0.07991726613945802,SSFrac,tree_18,no,0.05,10
1.4392467602713992,1.5253303738203283,1.6131058313568138,Re,tree_18,no,0.05,10
6.8355338413124915,9.405475374794971,12.615587605075682,ReMultiplier,tree_19.log,yes,0.05,10
0.042870187325963774,0.059335514911213645,0.07887844544043346,SSFrac,tree_19.log,yes,0.05,10
1.4060304932408094,1.49148332166658,1.5807393746751588,Re,tree_19.log,yes,0.05,10
6.924677483220263,10.078069148470139,13.815503018633624,ReMultiplier,tree_19,no,0.05,10
0.015353670838901233,0.03637708488365222,0.07085387157952013,SSFrac,tree_19,no,0.05,10
1.3928363472023946,1.4843943749160804,1.579677318278414,Re,tree_19,no,0.05,10
8.902330959531643,14.492117157587654,22.737457922297967,ReMultiplier,tree_1.log,yes,0.05,10
0.040422124980379386,0.05562403127845833,0.07251344648922646,SSFrac,tree_1.log,yes,0.05,10
1.4423238425474039,1.5463159958273405,1.6424071897697923,Re,tree_1.log,yes,0.05,10
8.203112598134222,13.309635260575732,21.260412824849585,ReMultiplier,tree_1,no,0.05,10
0.03636124672246535,0.06612941283384659,0.10690884291280298,SSFrac,tree_1,no,0.05,10
1.4490419516660995,1.5482901487605534,1.6489641555081997,Re,tree_1,no,0.05,10
9.3388826686115909,12.997033337390327,17.62181297650382,ReMultiplier,tree_20.log,yes,0.05,10
0.028588916905868365,0.04153679007199326,0.056801596384927315,SSFrac,tree_20.log,yes,0.05,10
1.3799885509235434,1.468155749865063,1.5593547332425919,Re,tree_20.log,yes,0.05,10
9.640048103306306,13.80028614106729,18.737257793052354,ReMultiplier,tree_20,no,0.05,10
0.018407023898090125,0.03673907206921884,0.06039908258597724,SSFrac,tree_20,no,0.05,10
1.3769231349768052,1.466721639884099,1.5586284828857366,Re,tree_20,no,0.05,10
8.359551162814238,11.062297657880368,14.428903317585247,ReMultiplier,tree_21.log,yes,0.05,10
0.03221284952884088,0.046479453539242634,0.06326304742635933,SSFrac,tree_21.log,yes,0.05,10
1.3638198844030163,1.4541671847408186,1.5483801842690397,Re,tree_21.log,yes,0.05,10
10.219180043597754,14.076102174004294,18.57081387233789,ReMultiplier,tree_21,no,0.05,10
0.012610932097174543,0.024164665392940855,0.0391558359635846,SSFrac,tree_21,no,0.05,10
1.3460691547177839,1.4396253678877322,1.5397616643561038,Re,tree_21,no,0.05,10
9.120972776642315,13.303353538311233,18.69455217161101,ReMultiplier,tree_22.log,yes,0.05,10
0.032297670660862594,0.04603655025142107,0.06071135970778001,SSFrac,tree_22.log,yes,0.05,10
1.4068048770312174,1.4997128073898423,1.591302281952169,Re,tree_22.log,yes,0.05,10
6.575867723618699,10.2618404713077,14.470612682378722,ReMultiplier,tree_22,no,0.05,10
0.04389451911446588,0.07814445236483318,0.12413011254026601,SSFrac,tree_22,no,0.05,10
1.4137609726254619,1.5128542152706839,1.6257674653046128,Re,tree_22,no,0.05,10
6.623309514121518,9.512415804798868,12.990169301710608,ReMultiplier,tree_23.log,yes,0.05,10
0.04423513357997036,0.060615150228507275,0.08102706871594767,SSFrac,tree_23.log,yes,0.05,10
1.4350573003551852,1.5162448154823738,1.599296803952511,Re,tree_23.log,yes,0.05,10
5.811470998467697,8.692904603683145,12.249283875411606,ReMultiplier,tree_23,no,0.05,10
0.020462534180346787,0.05030054195710644,0.09007822529424668,SSFrac,tree_23,no,0.05,10
1.4071095430854332,1.51529072333601,1.6150557983834497,Re,tree_23,no,0.05,10
8.905249929073154,12.489458307178557,17.090350347926535,ReMultiplier,tree_24.log,yes,0.05,10
0.03454663297801118,0.04858766296984597,0.06418400688743993,SSFrac,tree_24.log,yes,0.05,10
1.4234574003477114,1.512097359233414,1.60123499831349,Re,tree_24.log,yes,0.05,10
8.575446813848192,12.70063369714763,17.672434661885266,ReMultiplier,tree_24,no,0.05,10
0.026903772491168113,0.04729376104443349,0.07508887650035938,SSFrac,tree_24,no,0.05,10
1.4255288124690726,1.512304838265723,1.6039321209327915,Re,tree_24,no,0.05,10
9.229310177690845,13.672055939103071,19.899692275570402,ReMultiplier,tree_25.log,yes,0.05,10
0.03165561753439466,0.045250675877178875,0.062175059383221834,SSFrac,tree_25.log,yes,0.05,10
1.4473208321239268,1.5410345644280494,1.6393975758085653,Re,tree_25.log,yes,0.05,10
8.90348134562793,13.468052161104097,19.820275854820206,ReMultiplier,tree_25,no,0.05,10
0.023444814753797113,0.05152183406467009,0.08596647195923883,SSFrac,tree_25,no,0.05,10
1.4398767071161853,1.5402209429708287,1.643774134039105,Re,tree_25,no,0.05,10
6.524227367030904,9.341024253187427,12.391934013004846,ReMultiplier,tree_26.log,yes,0.05,10
0.0360839131975544,0.05271519899330511,0.07106624711346529,SSFrac,tree_26.log,yes,0.05,10
1.3681157065470575,1.464253434576937,1.566237641279452,Re,tree_26.log,yes,0.05,10
6.451371478467165,9.608454276163181,13.638648445178696,ReMultiplier,tree_26,no,0.05,10
0.02274347398342646,0.0643481846844845,0.123046433104647,SSFrac,tree_26,no,0.05,10
1.3661453172634619,1.4673558649681182,1.5623815844179547,Re,tree_26,no,0.05,10
8.706592775368273,12.545243416808693,17.56137624514864,ReMultiplier,tree_27.log,yes,0.05,10
0.032176155175228816,0.047611456072871795,0.06413838088611212,SSFrac,tree_27.log,yes,0.05,10
1.4032263441184245,1.4933086600328263,1.5892660532277756,Re,tree_27.log,yes,0.05,10
8.752420737053418,13.22750189339732,18.857879207326768,ReMultiplier,tree_27,no,0.05,10
0.01948812943322199,0.044389558213785194,0.07947596020462559,SSFrac,tree_27,no,0.05,10
1.3908989630100366,1.4859246389264023,1.5814491087988813,Re,tree_27,no,0.05,10
7.681090990514375,11.864843051629945,17.59992751063943,ReMultiplier,tree_28.log,yes,0.05,10
0.03923697933865019,0.05506361348156915,0.07315270279056178,SSFrac,tree_28.log,yes,0.05,10
1.3677209614514798,1.4648136629767032,1.5640254693239584,Re,tree_28.log,yes,0.05,10
6.8285514927949436,10.925521256417206,16.77884570012059,ReMultiplier,tree_28,no,0.05,10
0.0337117561741209,0.07114983344022259,0.12084277693679216,SSFrac,tree_28,no,0.05,10
1.3769337121831429,1.4717634223000666,1.5699080371471283,Re,tree_28,no,0.05,10
7.6502985092903755,10.391615776805114,14.157904893584229,ReMultiplier,tree_29.log,yes,0.05,10
0.03828417456076058,0.05427365372254139,0.07170488645783697,SSFrac,tree_29.log,yes,0.05,10
1.4224146873533052,1.5213035671943427,1.620289247131809,Re,tree_29.log,yes,0.05,10
6.664603730366109,9.739435345609436,13.437773861112245,ReMultiplier,tree_29,no,0.05,10
0.02590987482748735,0.052929897011640956,0.09378352100772247,SSFrac,tree_29,no,0.05,10
1.4239270185885955,1.528889921600202,1.641804369660521,Re,tree_29,no,0.05,10
9.832214179209503,13.446498723985695,17.382898922742587,ReMultiplier,tree_2.log,yes,0.05,10
0.02290704646723484,0.033910149195774446,0.04629390627725089,SSFrac,tree_2.log,yes,0.05,10
1.3905567647571873,1.4774301061944413,1.5726081258016846,Re,tree_2.log,yes,0.05,10
10.473236409207923,14.544274765763902,19.226871904702897,ReMultiplier,tree_2,no,0.05,10
0.014918403956465286,0.02689916073436372,0.0423486368192188,SSFrac,tree_2,no,0.05,10
1.3838389714383053,1.4710115305631568,1.559453630215639,Re,tree_2,no,0.05,10
6.83404131604338,9.546330503967988,12.528612068194441,ReMultiplier,tree_30.log,yes,0.05,10
0.03267752413214501,0.046941164023387875,0.06417291124968731,SSFrac,tree_30.log,yes,0.05,10
1.424916757219337,1.5262415731015642,1.6288312882750307,Re,tree_30.log,yes,0.05,10
6.505215831922169,9.221736556364082,12.469410897781499,ReMultiplier,tree_30,no,0.05,10
0.023550432393182993,0.054532124034290856,0.099292056331117165,SSFrac,tree_30,no,0.05,10
1.430596672954344,1.5284840125270693,1.641045444824605,Re,tree_30,no,0.05,10
6.447753816791138,11.626474152900318,25.786490418057806,ReMultiplier,tree_31.log,yes,0.05,10
0.0459323440774614,0.0630921275705475,0.08368871084571688,SSFrac,tree_31.log,yes,0.05,10
1.322307926170481,1.4074544396912736,1.5008289101759107,Re,tree_31.log,yes,0.05,10
8.196384806542005,15.681463905586572,28.4456395858435,ReMultiplier,tree_31,no,0.05,10
0.03891893205801956,0.07621037386394526,0.1275643915099757,SSFrac,tree_31,no,0.05,10
1.3257132655536066,1.4078022852270062,1.4880967338204092,Re,tree_31,no,0.05,10
7.480828996924855,11.60401034154987,17.606513696686864,ReMultiplier,tree_32.log,yes,0.05,10
0.04370062401569086,0.059599183416299266,0.07871547284458254,SSFrac,tree_32.log,yes,0.05,10
1.5332172078177388,1.6305486273420855,1.7321093855281622,Re,tree_32.log,yes,0.05,10
7.658933387781661,11.092396448297865,15.854291436270474,ReMultiplier,tree_32,no,0.05,10
0.02248869195094785,0.04813927708963932,0.08464391497463879,SSFrac,tree_32,no,0.05,10
1.5286266675369287,1.6283698957148376,1.7287385750540762,Re,tree_32,no,0.05,10
8.374806482783397,11.383759049217186,14.970514835054773,ReMultiplier,tree_33.log,yes,0.05,10
0.031557515157146915,0.04744101140032044,0.06455406125358511,SSFrac,tree_33.log,yes,0.05,10
1.3201481018094847,1.4115561489375514,1.508828809658856,Re,tree_33.log,yes,0.05,10
9.580290674941148,13.475161339754004,17.885276031194778,ReMultiplier,tree_33,no,0.05,10
0.01195925189595317,0.025930483303520113,0.04800664554352829,SSFrac,tree_33,no,0.05,10
1.305075242348517,1.4044087793841695,1.5011513003224752,Re,tree_33,no,0.05,10
5.553329387386407,8.353388560870993,11.835749852264632,ReMultiplier,tree_34.log,yes,0.05,10
0.037916790986155746,0.056067639656018,0.07639592571504815,SSFrac,tree_34.log,yes,0.05,10
1.4073016584572935,1.4943166997702149,1.5795174991606942,Re,tree_34.log,yes,0.05,10
4.789749969182657,8.195854935364075,14.495018244156688,ReMultiplier,tree_34,no,0.05,10
0.011718771359034954,0.08425212192093401,0.18198391182922263,SSFrac,tree_34,no,0.05,10
1.4147188152987642,1.498670708127209,1.5854721704893042,Re,tree_34,no,0.05,10
7.010818348798712,10.546202077229282,15.090438662145408,ReMultiplier,tree_35.log,yes,0.05,10
0.05000565922722366,0.06832031306840071,0.08878729706511831,SSFrac,tree_35.log,yes,0.05,10
1.336416306586807,1.4115204984620342,1.490635073269719,Re,tree_35.log,yes,0.05,10
7.2076151780186155,10.91772723564073,16.39344285722155,ReMultiplier,tree_35,no,0.05,10
0.03168389420998935,0.06162071506966647,0.10694164586416958,SSFrac,tree_35,no,0.05,10
1.3366329435537976,1.4104823238974649,1.4886078229362152,Re,tree_35,no,0.05,10
6.614169009795691,9.473635896738784,12.515058991273294,ReMultiplier,tree_36.log,yes,0.05,10
0.027296145380434143,0.04203541138155359,0.05894080598681699,SSFrac,tree_36.log,yes,0.05,10
1.4238056139080455,1.5216825120376507,1.6107745298006693,Re,tree_36.log,yes,0.05,10
5.366904803785433,8.879132763854642,13.91771145625346,ReMultiplier,tree_36,no,0.05,10
0.036852082573632566,0.0857961391900501,0.15637837090279566,SSFrac,tree_36,no,0.05,10
1.4406646274944896,1.5352533904751833,1.6278457402484572,Re,tree_36,no,0.05,10
7.217607720583057,11.088490475540924,16.514713602128467,ReMultiplier,tree_37.log,yes,0.05,10
0.04056817959803252,0.05679758133858136,0.0756280064181171,SSFrac,tree_37.log,yes,0.05,10
1.4061142378195033,1.491681209076006,1.5717013878720025,Re,tree_37.log,yes,0.05,10
7.682812309528107,11.594254797431184,17.319394722337325,ReMultiplier,tree_37,no,0.05,10
0.02043208594160551,0.049926957976310984,0.08885166281611785,SSFrac,tree_37,no,0.05,10
1.41153243630231,1.4950426597141424,1.578228426288834,Re,tree_37,no,0.05,10
7.563523469228969,11.175739152053303,15.766169341814715,ReMultiplier,tree_38.log,yes,0.05,10
0.03957278479469014,0.057947599717504544,0.07542102076825294,SSFrac,tree_38.log,yes,0.05,10
1.5373253451454052,1.6368835459202176,1.7426293603443872,Re,tree_38.log,yes,0.05,10
7.4748473929939765,12.214856577166103,18.066968947707206,ReMultiplier,tree_38,no,0.05,10
0.026220656999931233,0.053040500966752044,0.0945921958182187,SSFrac,tree_38,no,0.05,10
1.5456077397676196,1.6376923285217901,1.7424593325863127,Re,tree_38,no,0.05,10
6.209122851669639,10.484574430477986,18.66020006600878,ReMultiplier,tree_39.log,yes,0.05,10
0.04007754467615329,0.05709458845329887,0.0755672265801002,SSFrac,tree_39.log,yes,0.05,10
1.4546099013226166,1.5504370932159104,1.6467081428510697,Re,tree_39.log,yes,0.05,10
5.823916177494538,10.201776921966067,16.99806111143359,ReMultiplier,tree_39,no,0.05,10
0.031578540632305224,0.0827738812414747,0.14741063464286497,SSFrac,tree_39,no,0.05,10
1.4509600261771007,1.550568541635377,1.6413920824688109,Re,tree_39,no,0.05,10
8.65891469165994,11.749058742654006,15.41551143131296,ReMultiplier,tree_3.log,yes,0.05,10
0.02315081674291112,0.035552635038350267,0.04917391547455211,SSFrac,tree_3.log,yes,0.05,10
1.3305674125039209,1.4140953925956887,1.4956678265465073,Re,tree_3.log,yes,0.05,10
7.771407043244933,10.789604812029012,14.189469090646348,ReMultiplier,tree_3,no,0.05,10
0.021575130701162237,0.04098181640453933,0.06658093048358406,SSFrac,tree_3,no,0.05,10
1.3243220183241775,1.4223828843133532,1.5234640399096935,Re,tree_3,no,0.05,10
8.095410868363263,13.932024986457337,23.4323124932463,ReMultiplier,tree_40.log,yes,0.05,10
0.040685980290083974,0.056990140659808924,0.07455836712579891,SSFrac,tree_40.log,yes,0.05,10
1.4594319910707028,1.5575938593898906,1.6602039879568382,Re,tree_40.log,yes,0.05,10
7.805853565973212,12.989475330179465,22.129174978968415,ReMultiplier,tree_40,no,0.05,10
0.037389321245403215,0.07472963928379421,0.12166298991660612,SSFrac,tree_40,no,0.05,10
1.4635689139721497,1.5666089509384977,1.667634209987825,Re,tree_40,no,0.05,10
7.329173287692032,10.86573908380974,15.44236054539545,ReMultiplier,tree_41.log,yes,0.05,10
0.043286162738747885,0.05959339198283732,0.07951549469372442,SSFrac,tree_41.log,yes,0.05,10
1.3885456703153565,1.4754394178476447,1.565231888499035,Re,tree_41.log,yes,0.05,10
7.245933922160979,11.099716683854624,16.199389642382762,ReMultiplier,tree_41,no,0.05,10
0.027880513723913085,0.054600272111294236,0.09475243704425562,SSFrac,tree_41,no,0.05,10
1.3834035707119823,1.4699938295010115,1.5603264566537696,Re,tree_41,no,0.05,10
9.837362572444064,13.1568499099194,17.413428962545826,ReMultiplier,tree_42.log,yes,0.05,10
0.030188156052305973,0.04391015067638365,0.06002948041250118,SSFrac,tree_42.log,yes,0.05,10
1.4129244257160098,1.5064335192687106,1.600083628455283,Re,tree_42.log,yes,0.05,10
12.617678327687608,17.554879237516914,23.335212660659916,ReMultiplier,tree_42,no,0.05,10
0.01148092984351363,0.021072213938355962,0.03327761597484673,SSFrac,tree_42,no,0.05,10
1.3968000942093777,1.4926476774653983,1.5895152160687223,Re,tree_42,no,0.05,10
9.004386464296935,13.803453090889656,20.351793625882017,ReMultiplier,tree_43.log,yes,0.05,10
0.030495416379665158,0.04485171250214062,0.0605713999723336,SSFrac,tree_43.log,yes,0.05,10
1.4179670740723416,1.503398807450294,1.5957208154648956,Re,tree_43.log,yes,0.05,10
8.599905700558358,13.5529132155328,20.947719651452072,ReMultiplier,tree_43,no,0.05,10
0.02751726777588413,0.05286887627244766,0.08580087330795394,SSFrac,tree_43,no,0.05,10
1.4164824871400017,1.5068759496460582,1.596456362341173,Re,tree_43,no,0.05,10
6.129411160196957,9.672840114724977,15.547422489510693,ReMultiplier,tree_44.log,yes,0.05,10
0.04698051171821479,0.06462746686352647,0.08424598765303307,SSFrac,tree_44.log,yes,0.05,10
1.457133630431473,1.5585737545207272,1.655819287905806,Re,tree_44.log,yes,0.05,10
6.687716714666366,11.162025519570976,18.53972624710154,ReMultiplier,tree_44,no,0.05,10
0.03699766670899928,0.07470038240447488,0.12470891387572003,SSFrac,tree_44,no,0.05,10
1.4654683739463112,1.5532109567315926,1.6396908124741918,Re,tree_44,no,0.05,10
7.785925004953707,10.92402162845867,14.328678636691409,ReMultiplier,tree_45.log,yes,0.05,10
0.030289000395650093,0.04637374572511618,0.06216556024607096,SSFrac,tree_45.log,yes,0.05,10
1.3331207146204476,1.4198699371245176,1.5109842114469425,Re,tree_45.log,yes,0.05,10
7.39086225064778,10.853351357210052,14.90882851757604,ReMultiplier,tree_45,no,0.05,10
0.02040311813867408,0.048805576724982105,0.08872134033865861,SSFrac,tree_45,no,0.05,10
1.3359191269567505,1.4199423808492708,1.512886530853541,Re,tree_45,no,0.05,10
6.249313898769582,9.65958082293985,14.151216753900407,ReMultiplier,tree_46.log,yes,0.05,10
0.05115175459414689,0.06880063374317141,0.0895747124546217,SSFrac,tree_46.log,yes,0.05,10
1.4698690788514814,1.565339203733405,1.6641837588904673,Re,tree_46.log,yes,0.05,10
7.4505282010133005,11.34016669806103,16.293946043848276,ReMultiplier,tree_46,no,0.05,10
0.024751070303056365,0.050320761575035525,0.08527086457200499,SSFrac,tree_46,no,0.05,10
1.4644634430151917,1.5591998958234559,1.6543942111596157,Re,tree_46,no,0.05,10
8.005534384165072,11.60993174576317,15.852659181726189,ReMultiplier,tree_47.log,yes,0.05,10
0.04081381950706443,0.05679183967330255,0.07512040810872847,SSFrac,tree_47.log,yes,0.05,10
1.4970425577765218,1.58029667719382,1.6694885905157708,Re,tree_47.log,yes,0.05,10
8.523458526444335,12.826096030457121,17.651406578952884,ReMultiplier,tree_47,no,0.05,10
0.018789918095398726,0.03847076449056283,0.0658411832456107,SSFrac,tree_47,no,0.05,10
1.4849509303812642,1.5755160374825796,1.6619712643366824,Re,tree_47,no,0.05,10
7.012875087334842,9.91722493177083,13.368502544255453,ReMultiplier,tree_48.log,yes,0.05,10
0.03257576245417723,0.04658309806282752,0.06336313165621904,SSFrac,tree_48.log,yes,0.05,10
1.414194725787876,1.5107668240589203,1.615298417565951,Re,tree_48.log,yes,0.05,10
9.030987784360486,12.65445139242434,17.316990829452944,ReMultiplier,tree_48,no,0.05,10
0.014602691065691528,0.031219585512209175,0.05306471019881458,SSFrac,tree_48,no,0.05,10
1.432763320015401,1.5126470699590653,1.6017084829394994,Re,tree_48,no,0.05,10
6.2017137533765485,8.900413971715045,12.15726417204675,ReMultiplier,tree_49.log,yes,0.05,10
0.03905452876750706,0.055976328154510806,0.07575706630906147,SSFrac,tree_49.log,yes,0.05,10
1.4486593774618135,1.5374365387402518,1.6232457986653637,Re,tree_49.log,yes,0.05,10
6.706513652783365,10.590308862487603,14.880476321304373,ReMultiplier,tree_49,no,0.05,10
0.013085049193686844,0.03632872738892652,0.08343956165926897,SSFrac,tree_49,no,0.05,10
1.4550541968418795,1.5383022025952795,1.6260638302917398,Re,tree_49,no,0.05,10
7.138272718973221,10.269872688151754,13.830979198863663,ReMultiplier,tree_4.log,yes,0.05,10
0.035280198594926336,0.05105962576815211,0.06919098612305116,SSFrac,tree_4.log,yes,0.05,10
1.416252652769587,1.5026297293365038,1.5857135671224825,Re,tree_4.log,yes,0.05,10
7.668735550081878,11.210163311770765,15.307491784650928,ReMultiplier,tree_4,no,0.05,10
0.014219008546096694,0.035678130400435167,0.0710036840488546,SSFrac,tree_4,no,0.05,10
1.4160388080915967,1.4983806442855565,1.5853123743272435,Re,tree_4,no,0.05,10
7.612623070461758,10.881123028838184,14.514905731377555,ReMultiplier,tree_50.log,yes,0.05,10
0.03498852797665168,0.05015720246514643,0.0685161546628378,SSFrac,tree_50.log,yes,0.05,10
1.4444825162031998,1.5350428441280577,1.6361724183925577,Re,tree_50.log,yes,0.05,10
8.397184782814016,12.136424150122737,16.140922144252187,ReMultiplier,tree_50,no,0.05,10
0.0169134818866209,0.03470578682371251,0.06277709765912504,SSFrac,tree_50,no,0.05,10
1.4388064943143972,1.5332477320636133,1.629581342681937,Re,tree_50,no,0.05,10
7.854046402489956,11.047482627368595,14.539861529579738,ReMultiplier,tree_51.log,yes,0.05,10
0.03614793996344632,0.052221272288881265,0.06950963559902835,SSFrac,tree_51.log,yes,0.05,10
1.502794540048308,1.6047832657016055,1.6998762333274182,Re,tree_51.log,yes,0.05,10
9.736980835922612,13.976614782115405,19.173687075589616,ReMultiplier,tree_51,no,0.05,10
0.014528081802987243,0.027601930782062738,0.0465899563492799,SSFrac,tree_51,no,0.05,10
1.4962988562249024,1.5961411381010882,1.6988335757767186,Re,tree_51,no,0.05,10
5.959560639324091,8.258246545441386,11.201550610245791,ReMultiplier,tree_52.log,yes,0.05,10
0.045118169159688096,0.06209525588068919,0.08240260752109116,SSFrac,tree_52.log,yes,0.05,10
1.3588131667520722,1.4502751521235309,1.5462050032028303,Re,tree_52.log,yes,0.05,10
6.365856599629546,9.451433125530116,13.151100320522158,ReMultiplier,tree_52,no,0.05,10
0.017796366147848765,0.04748234329630191,0.09367810669381355,SSFrac,tree_52,no,0.05,10
1.3714319517196134,1.458015193789215,1.5495188875329358,Re,tree_52,no,0.05,10
7.241905180528917,10.00840423977292,13.129758513288285,ReMultiplier,tree_53.log,yes,0.05,10
0.025226405346160222,0.040999718117565406,0.05740738190815803,SSFrac,tree_53.log,yes,0.05,10
1.3110579410368703,1.385129577413483,1.4633914636902108,Re,tree_53.log,yes,0.05,10
7.999563337037162,11.810415437293164,16.412766091456813,ReMultiplier,tree_53,no,0.05,10
0.007832647715137192,0.023201960606128842,0.051320456238592535,SSFrac,tree_53,no,0.05,10
1.3043714322920756,1.3806411892667343,1.4579257159655183,Re,tree_53,no,0.05,10
7.47096706333779,10.168684656583975,13.257056645092646,ReMultiplier,tree_54.log,yes,0.05,10
0.03171060222196631,0.04540914286601488,0.06188461554252235,SSFrac,tree_54.log,yes,0.05,10
1.43532309825639,1.5383416376026169,1.626303176839047,Re,tree_54.log,yes,0.05,10
6.683172924195322,9.898225862665239,13.464780866443078,ReMultiplier,tree_54,no,0.05,10
0.01998631430099263,0.04946005168191754,0.08948610754336148,SSFrac,tree_54,no,0.05,10
1.4439809847791518,1.5416959434901218,1.6366659831258876,Re,tree_54,no,0.05,10
7.075635268953141,10.174899756846575,13.811615398040294,ReMultiplier,tree_55.log,yes,0.05,10
0.04134595525492883,0.058456335742369095,0.07695720744717431,SSFrac,tree_55.log,yes,0.05,10
1.352563176812514,1.448279868238739,1.5396334614061407,Re,tree_55.log,yes,0.05,10
7.347474877815601,10.86312322197077,15.108897132722054,ReMultiplier,tree_55,no,0.05,10
0.020232643555598628,0.04826705267689238,0.08211432153790155,SSFrac,tree_55,no,0.05,10
1.3440692491084294,1.4422537429379796,1.5356087511896666,Re,tree_55,no,0.05,10
6.2268774479847995,8.947028066001913,12.51499780186338,ReMultiplier,tree_56.log,yes,0.05,10
0.031726350463149415,0.04835774986944731,0.06696956874925007,SSFrac,tree_56.log,yes,0.05,10
1.3914684725988387,1.4794725413849072,1.5727500552897573,Re,tree_56.log,yes,0.05,10
5.298302388833816,9.331101047764754,15.89245258552107,ReMultiplier,tree_56,no,0.05,10
0.018435977751389193,0.07042290741861713,0.14710821331665982,SSFrac,tree_56,no,0.05,10
1.3902148487599322,1.4754253056095816,1.5624308527946296,Re,tree_56,no,0.05,10
8.1282581773278,12.819242689844758,19.285890865250238,ReMultiplier,tree_57.log,yes,0.05,10
0.03453547394574195,0.04901352005501473,0.06570438350836565,SSFrac,tree_57.log,yes,0.05,10
1.4050745060470502,1.4806609815414253,1.5543158625673497,Re,tree_57.log,yes,0.05,10
6.883136256864089,11.126889065941809,16.832243776298487,ReMultiplier,tree_57,no,0.05,10
0.03088605613759287,0.06082554494641904,0.10427775763055108,SSFrac,tree_57,no,0.05,10
1.4093664960744423,1.4884542242566148,1.5766750975534314,Re,tree_57,no,0.05,10
6.830037607540417,9.808512866850656,13.743005831439037,ReMultiplier,tree_58.log,yes,0.05,10
0.03665100944237364,0.05187328528860105,0.07014579669294638,SSFrac,tree_58.log,yes,0.05,10
1.356566440192307,1.4387783841232697,1.5216660705807863,Re,tree_58.log,yes,0.05,10
6.048522569894685,9.363931318578498,13.362992621209617,ReMultiplier,tree_58,no,0.05,10
0.019653910839890994,0.059214401250888345,0.11394928322729585,SSFrac,tree_58,no,0.05,10
1.3616364417111106,1.4429611992897673,1.5236341359641643,Re,tree_58,no,0.05,10
9.012844519110857,12.48328540432697,17.04888546408833,ReMultiplier,tree_59.log,yes,0.05,10
0.026461807303954612,0.038788682656601584,0.052065804160625895,SSFrac,tree_59.log,yes,0.05,10
1.353335254754704,1.447645916913093,1.546246708676354,Re,tree_59.log,yes,0.05,10
7.483616400243243,11.648591854439205,17.051267416499353,ReMultiplier,tree_59,no,0.05,10
0.029210547148313837,0.05361926929967804,0.08507474082594492,SSFrac,tree_59,no,0.05,10
1.3634975884256888,1.4553329989597539,1.5506017298755714,Re,tree_59,no,0.05,10
7.3788244700925745,10.130411129929644,13.322720248946071,ReMultiplier,tree_5.log,yes,0.05,10
0.03374877107591844,0.04863524995974996,0.06575213146131233,SSFrac,tree_5.log,yes,0.05,10
1.3333990593095633,1.4212948615829302,1.510070896880715,Re,tree_5.log,yes,0.05,10
7.936843407430793,11.184081411806027,15.308405616976913,ReMultiplier,tree_5,no,0.05,10
0.016289505640079437,0.03662070345788574,0.06794710528939568,SSFrac,tree_5,no,0.05,10
1.3340279687787813,1.4261355060428678,1.5137194756481913,Re,tree_5,no,0.05,10
9.675331545032511,13.17067921606376,17.05759133989463,ReMultiplier,tree_60.log,yes,0.05,10
0.02722538992042072,0.038706414090163815,0.05341450401074674,SSFrac,tree_60.log,yes,0.05,10
1.4590858370935058,1.5494847391098912,1.6384227257378805,Re,tree_60.log,yes,0.05,10
10.616100703175515,14.872023492856833,19.72164741927719,ReMultiplier,tree_60,no,0.05,10
0.01646825405001615,0.02887436590929622,0.04618965516721575,SSFrac,tree_60,no,0.05,10
1.4582710096305622,1.545393045094269,1.6376632390494206,Re,tree_60,no,0.05,10
8.426473884144682,13.702444244318691,21.729344826341006,ReMultiplier,tree_61.log,yes,0.05,10
0.03787227774984342,0.05305281377012393,0.07005165639350569,SSFrac,tree_61.log,yes,0.05,10
1.4539104073325404,1.5454562229868332,1.6372765151780615,Re,tree_61.log,yes,0.05,10
7.102846730386029,12.375337926454142,19.139085084594093,ReMultiplier,tree_61,no,0.05,10
0.030980662943990357,0.060473105929079715,0.10179745555668608,SSFrac,tree_61,no,0.05,10
1.4518273180163286,1.5477646165549346,1.641923671810439,Re,tree_61,no,0.05,10
9.255038269439424,14.174824912489596,20.97104571371512,ReMultiplier,tree_62.log,yes,0.05,10
0.03497218957183359,0.05024882582610809,0.06612125821350184,SSFrac,tree_62.log,yes,0.05,10
1.3770537163576868,1.4580606723372713,1.54049929752686,Re,tree_62.log,yes,0.05,10
8.986196984552906,14.687337599874446,22.670546466189407,ReMultiplier,tree_62,no,0.05,10
0.024119701252973257,0.0435420092224654,0.07226319211343421,SSFrac,tree_62,no,0.05,10
1.3754022204969034,1.4562558861815422,1.5377776527694786,Re,tree_62,no,0.05,10
8.719610162212865,12.191171007807762,16.611958891107076,ReMultiplier,tree_63.log,yes,0.05,10
0.03624020501713417,0.05038325275566091,0.06782515921298761,SSFrac,tree_63.log,yes,0.05,10
1.3629132104201231,1.453440168843672,1.5496996770372593,Re,tree_63.log,yes,0.05,10
9.029145320781307,13.299637896764008,18.16020752239038,ReMultiplier,tree_63,no,0.05,10
0.020397872087612536,0.03874231867424206,0.06343813020271832,SSFrac,tree_63,no,0.05,10
1.3478142038813241,1.4467669592188246,1.5381490305084389,Re,tree_63,no,0.05,10
7.961287489030762,10.76750564101859,14.072455225816755,ReMultiplier,tree_64.log,yes,0.05,10
0.029163405506626137,0.04200407021137399,0.05680019276124045,SSFrac,tree_64.log,yes,0.05,10
1.4196786624828293,1.5133568114454512,1.6162726069676692,Re,tree_64.log,yes,0.05,10
7.238394261428934,10.356500360897364,14.030243767878154,ReMultiplier,tree_64,no,0.05,10
0.02261192894919412,0.04394812102798635,0.07349955525509932,SSFrac,tree_64,no,0.05,10
1.4088265793413162,1.508507930768507,1.6115525136730038,Re,tree_64,no,0.05,10
8.531085311903363,12.048735864496066,16.715717855265762,ReMultiplier,tree_65.log,yes,0.05,10
0.03200117442054211,0.04683049050841677,0.06247524332223705,SSFrac,tree_65.log,yes,0.05,10
1.4012549882673981,1.4884653862216832,1.5809374241558665,Re,tree_65.log,yes,0.05,10
8.368457934502619,12.62038699663447,18.22835677980806,ReMultiplier,tree_65,no,0.05,10
0.02412179544565029,0.04919450336937449,0.0791397248805502,SSFrac,tree_65,no,0.05,10
1.3927305109430375,1.4839220575856695,1.5736016609679904,Re,tree_65,no,0.05,10
8.085825876845727,11.694913465761514,16.52531985143116,ReMultiplier,tree_66.log,yes,0.05,10
0.04529455023744045,0.06218549840766264,0.081277370646203,SSFrac,tree_66.log,yes,0.05,10
1.444219755011843,1.5480997563843921,1.6538506279438885,Re,tree_66.log,yes,0.05,10
7.933115145789365,12.112326911175069,17.43476942581583,ReMultiplier,tree_66,no,0.05,10
0.03176663477412065,0.05737939852231322,0.09032410169276818,SSFrac,tree_66,no,0.05,10
1.4396726064796233,1.547556087792445,1.6504603979924592,Re,tree_66,no,0.05,10
9.801894790716212,13.318602972864104,17.73530821645315,ReMultiplier,tree_67.log,yes,0.05,10
0.026885979654819914,0.03886663827858309,0.05295511955092866,SSFrac,tree_67.log,yes,0.05,10
1.3880164270768303,1.4783337220880994,1.575209112065854,Re,tree_67.log,yes,0.05,10
8.414580009851624,11.945053883399876,16.2057424113296,ReMultiplier,tree_67,no,0.05,10
0.02480798410101183,0.048059393637651604,0.0775869681394833,SSFrac,tree_67,no,0.05,10
1.3964342815791717,1.491773660180034,1.5981802174625623,Re,tree_67,no,0.05,10
6.735476138108922,9.486565324240486,12.71066664388748,ReMultiplier,tree_68.log,yes,0.05,10
0.036789627977740144,0.05337477846482747,0.0706772030172889,SSFrac,tree_68.log,yes,0.05,10
1.4245036839334382,1.519039046537409,1.617809597205197,Re,tree_68.log,yes,0.05,10
6.253031463778646,9.347065037466008,13.169460754678555,ReMultiplier,tree_68,no,0.05,10
0.03218151717143414,0.06775632616345545,0.12084907430380513,SSFrac,tree_68,no,0.05,10
1.4264148489582087,1.5230084671760897,1.6189200602848308,Re,tree_68,no,0.05,10
5.89873496179099,8.227335710758405,10.950254915226598,ReMultiplier,tree_69.log,yes,0.05,10
0.037087046441314483,0.05412069799274486,0.0724537818775759,SSFrac,tree_69.log,yes,0.05,10
1.3722450282812704,1.4581469217090839,1.5467416303823827,Re,tree_69.log,yes,0.05,10
5.535530102083073,8.423241403118727,11.50396688249426,ReMultiplier,tree_69,no,0.05,10
0.019924146917464605,0.05297060882049741,0.10960348560025882,SSFrac,tree_69,no,0.05,10
1.3736297848422214,1.4632842185061856,1.5543556451572056,Re,tree_69,no,0.05,10
7.326517716738972,10.354751463855127,14.333925049424053,ReMultiplier,tree_6.log,yes,0.05,10
0.03439082870721421,0.04966759565414692,0.06653527104802073,SSFrac,tree_6.log,yes,0.05,10
1.4507114414468074,1.5554473158028248,1.665439608321721,Re,tree_6.log,yes,0.05,10
6.429919619526366,10.888289930136132,18.152024034495575,ReMultiplier,tree_6,no,0.05,10
0.02923622175398534,0.058941429500164746,0.10706135555073097,SSFrac,tree_6,no,0.05,10
1.4548010070400719,1.5603059481102122,1.6687546226253303,Re,tree_6,no,0.05,10
7.156653084804728,10.835823930768258,16.7068732079655,ReMultiplier,tree_70.log,yes,0.05,10
0.036076428685169325,0.05132839512525108,0.06873904118947348,SSFrac,tree_70.log,yes,0.05,10
1.3865859464894512,1.4754438673182364,1.5598913901110298,Re,tree_70.log,yes,0.05,10
6.237410596452981,10.150368606594299,15.76562287929276,ReMultiplier,tree_70,no,0.05,10
0.028847899411488902,0.06584448242464183,0.11893591297758603,SSFrac,tree_70,no,0.05,10
1.3950371372185773,1.4816407614338365,1.571038496527429,Re,tree_70,no,0.05,10
8.150307654573325,12.519478999765512,18.6899075502927,ReMultiplier,tree_71.log,yes,0.05,10
0.03579908729383129,0.049622495033134296,0.06645928789376794,SSFrac,tree_71.log,yes,0.05,10
1.5061868579777635,1.6064198293937026,1.69898167213368,Re,tree_71.log,yes,0.05,10
7.677908565311537,12.088589620647355,18.081144144751462,ReMultiplier,tree_71,no,0.05,10
0.028602974611847024,0.05653367065535752,0.0955750385106364,SSFrac,tree_71,no,0.05,10
1.5129273339146287,1.6099204784613144,1.7067779170254138,Re,tree_71,no,0.05,10
9.199824652583002,14.139706220349543,20.781520127702063,ReMultiplier,tree_72.log,yes,0.05,10
0.0385961255059109,0.05395583310352872,0.070910877706165,SSFrac,tree_72.log,yes,0.05,10
1.3596955199800087,1.4556158798671293,1.549950861486332,Re,tree_72.log,yes,0.05,10
8.446813689216697,13.50870425133342,19.895557808618527,ReMultiplier,tree_72,no,0.05,10
0.034232383237842834,0.06371918913577909,0.10198073427200631,SSFrac,tree_72,no,0.05,10
1.3589237545615243,1.4563675027759837,1.548238376254253,Re,tree_72,no,0.05,10
7.319476327191792,10.740033248084544,14.986223921549731,ReMultiplier,tree_73.log,yes,0.05,10
0.04110120153514563,0.05725714917275451,0.07583250589330379,SSFrac,tree_73.log,yes,0.05,10
1.4354429159158124,1.531586105763907,1.6197127459738425,Re,tree_73.log,yes,0.05,10
7.0768799935338755,11.005801579883023,16.159918724750092,ReMultiplier,tree_73,no,0.05,10
0.02580650528639822,0.05371373980215151,0.09660182069285209,SSFrac,tree_73,no,0.05,10
1.4443281669675943,1.5352406235115277,1.624884070753087,Re,tree_73,no,0.05,10
7.672978669843176,12.334706014725024,20.321294592940614,ReMultiplier,tree_74.log,yes,0.05,10
0.030493143538337937,0.044434606373826575,0.05919788095261854,SSFrac,tree_74.log,yes,0.05,10
1.36246690546534,1.4572957917591491,1.540838002954992,Re,tree_74.log,yes,0.05,10
7.438823901776619,12.106725271269632,18.991641307466086,ReMultiplier,tree_74,no,0.05,10
0.03306820312495889,0.06366142506192393,0.10527921203070671,SSFrac,tree_74,no,0.05,10
1.37278902917899,1.4626210788304252,1.543362303013973,Re,tree_74,no,0.05,10
9.671942548442768,14.36462608145578,20.458641743016525,ReMultiplier,tree_75.log,yes,0.05,10
0.032949523180543214,0.04680186898140336,0.06241495859443742,SSFrac,tree_75.log,yes,0.05,10
1.466322503175585,1.5595469425980313,1.656272194495077,Re,tree_75.log,yes,0.05,10
9.541973867845085,14.324630979020002,20.60761873961225,ReMultiplier,tree_75,no,0.05,10
0.025872874295433848,0.0466067990255197,0.07349265638842375,SSFrac,tree_75,no,0.05,10
1.4600063701335084,1.561997105919518,1.6526158367380834,Re,tree_75,no,0.05,10
5.881807251818087,8.256654261169365,10.73907730234235,ReMultiplier,tree_76.log,yes,0.05,10
0.0313875195638129,0.0464842068680022,0.06304139569282056,SSFrac,tree_76.log,yes,0.05,10
1.3369490586469492,1.4198659425505433,1.5102297479770406,Re,tree_76.log,yes,0.05,10
5.134826166345214,7.810035541202663,10.900888902220798,ReMultiplier,tree_76,no,0.05,10
0.01304789371439863,0.04691702395321902,0.10400840287641377,SSFrac,tree_76,no,0.05,10
1.3316737108412213,1.4190139960594519,1.5048435096932644,Re,tree_76,no,0.05,10
6.092621160375742,9.240194156205627,13.688262758023045,ReMultiplier,tree_77.log,yes,0.05,10
0.04610719936588531,0.0653574018144856,0.08715465137523051,SSFrac,tree_77.log,yes,0.05,10
1.4234893488467735,1.5132829387323639,1.6076410136089916,Re,tree_77.log,yes,0.05,10
6.054513509380782,11.346502860283703,23.5863470114358,ReMultiplier,tree_77,no,0.05,10
0.03342813956531961,0.1027662841456152,0.18641410566393318,SSFrac,tree_77,no,0.05,10
1.4245062090898302,1.5174489439020664,1.6050743096815285,Re,tree_77,no,0.05,10
8.065004993312035,12.95322937424658,21.951158863827306,ReMultiplier,tree_78.log,yes,0.05,10
0.03142319145790075,0.04595981856168089,0.06226943766517116,SSFrac,tree_78.log,yes,0.05,10
1.348234973073469,1.442596836424218,1.5299420196264006,Re,tree_78.log,yes,0.05,10
7.8919247104549335,12.695541143035687,21.659567844230278,ReMultiplier,tree_78,no,0.05,10
0.03211005541217883,0.06570250345620096,0.11205156758039676,SSFrac,tree_78,no,0.05,10
1.3672795718764008,1.453290014236403,1.5411187347561168,Re,tree_78,no,0.05,10
6.2674036976803515,9.219347535533009,13.44688808776936,ReMultiplier,tree_79.log,yes,0.05,10
0.04582477960295902,0.06539683907522083,0.08661291897348451,SSFrac,tree_79.log,yes,0.05,10
1.4212496102264949,1.5165029436760653,1.6107211136654953,Re,tree_79.log,yes,0.05,10
6.2699263299728445,10.05868149831421,14.828665255356762,ReMultiplier,tree_79,no,0.05,10
0.02323717698842774,0.06472453630619977,0.12330134272001754,SSFrac,tree_79,no,0.05,10
1.4190512583902477,1.5160756329246803,1.6138969375527736,Re,tree_79,no,0.05,10
8.64491945760826,13.496801375033483,20.348177934866552,ReMultiplier,tree_7.log,yes,0.05,10
0.0434484300039727,0.060309422421093904,0.07826604442151373,SSFrac,tree_7.log,yes,0.05,10
1.37119641416442,1.4642208886491381,1.5579060735230383,Re,tree_7.log,yes,0.05,10
7.19525330914659,11.413067084168222,17.80043415521007,ReMultiplier,tree_7,no,0.05,10
0.03534206549025611,0.06827404592556718,0.11484145143240525,SSFrac,tree_7,no,0.05,10
1.3624028002415194,1.4611027258917415,1.5674367727607328,Re,tree_7,no,0.05,10
7.182692936865273,11.85830854501955,19.531174864089753,ReMultiplier,tree_80.log,yes,0.05,10
0.03713771052587541,0.05285676581661862,0.07000777486922682,SSFrac,tree_80.log,yes,0.05,10
1.444265115835447,1.5332424700713667,1.6193216395165506,Re,tree_80.log,yes,0.05,10
6.780585430251936,11.742384160303905,19.610423689867584,ReMultiplier,tree_80,no,0.05,10
0.03864228613072545,0.07545158370601743,0.13063971437716615,SSFrac,tree_80,no,0.05,10
1.4575844258945514,1.5414006233883963,1.630038514810548,Re,tree_80,no,0.05,10
7.543433257360746,12.063180793257754,19.788340030783402,ReMultiplier,tree_81.log,yes,0.05,10
0.044335742919000144,0.062186655693292514,0.0807587914540582,SSFrac,tree_81.log,yes,0.05,10
1.435057634263109,1.5214251030057953,1.6114026454910353,Re,tree_81.log,yes,0.05,10
6.676093771829931,10.370051136814897,15.172544139759008,ReMultiplier,tree_81,no,0.05,10
0.012111931306224,0.05679473171180535,0.11243456747577635,SSFrac,tree_81,no,0.05,10
1.430976699362034,1.5251816222798555,1.6212263672778624,Re,tree_81,no,0.05,10
7.260409249530342,10.216750310752357,13.585936565750881,ReMultiplier,tree_82.log,yes,0.05,10
0.030183394207879157,0.04488782789450993,0.06189234246527428,SSFrac,tree_82.log,yes,0.05,10
1.3643772876716609,1.4509680451665043,1.5367733987678394,Re,tree_82.log,yes,0.05,10
6.758090912559986,10.311976062035436,14.159030379856679,ReMultiplier,tree_82,no,0.05,10
0.0227263532987523,0.05657108541097509,0.10400251574516174,SSFrac,tree_82,no,0.05,10
1.3688631414955172,1.453383045860201,1.5472025267186669,Re,tree_82,no,0.05,10
5.580742089124137,8.440599261855414,12.376694163490923,ReMultiplier,tree_83.log,yes,0.05,10
0.03735693580215197,0.05553225517654596,0.07466265091020378,SSFrac,tree_83.log,yes,0.05,10
1.479066301003192,1.5678447445672619,1.6584395587040768,Re,tree_83.log,yes,0.05,10
5.003730125471808,8.736931621531376,14.137700181289185,ReMultiplier,tree_83,no,0.05,10
0.03090057598168776,0.08734142706704195,0.16712071967900247,SSFrac,tree_83,no,0.05,10
1.4775227208401704,1.5705634173403418,1.6597884168317463,Re,tree_83,no,0.05,10
6.34557626564013,9.439027251977285,13.373930764397933,ReMultiplier,tree_84.log,yes,0.05,10
0.040686607131776804,0.057906266682823594,0.07710612557390509,SSFrac,tree_84.log,yes,0.05,10
1.2785571716762658,1.3641628732483486,1.4438041894978988,Re,tree_84.log,yes,0.05,10
5.7708324442706624,9.501056527449439,15.732723762073155,ReMultiplier,tree_84,no,0.05,10
0.03058314074684454,0.07911790491159887,0.1488173614121077,SSFrac,tree_84,no,0.05,10
1.287629453687804,1.365887531783724,1.4473740477229133,Re,tree_84,no,0.05,10
8.179804893501109,12.079762453844298,16.606672592807115,ReMultiplier,tree_85.log,yes,0.05,10
0.02996949768712055,0.04350977821740523,0.05903922213341551,SSFrac,tree_85.log,yes,0.05,10
1.4755779824450272,1.5676226599048397,1.6653300198454324,Re,tree_85.log,yes,0.05,10
7.845361652455119,11.593817290467296,16.364039039482563,ReMultiplier,tree_85,no,0.05,10
0.023135540397217214,0.04864515036684488,0.08251768785117368,SSFrac,tree_85,no,0.05,10
1.482637992848652,1.5764536732581218,1.6719410353497863,Re,tree_85,no,0.05,10
8.919895994767215,12.988836314807264,18.689797193044487,ReMultiplier,tree_86.log,yes,0.05,10
0.029548007558238523,0.04397938235142917,0.058335143075445954,SSFrac,tree_86.log,yes,0.05,10
1.4377365728991218,1.521112598014208,1.6153371591457024,Re,tree_86.log,yes,0.05,10
9.389839232780291,13.545881272076471,18.81165550532442,ReMultiplier,tree_86,no,0.05,10
0.01759934338611248,0.03730250256122464,0.06546419635276722,SSFrac,tree_86,no,0.05,10
1.4299930987124536,1.5207470812571215,1.611198507980564,Re,tree_86,no,0.05,10
6.886283999582905,10.894479017778615,17.444760904211186,ReMultiplier,tree_87.log,yes,0.05,10
0.031497871296620746,0.04903584083844254,0.06585378512493145,SSFrac,tree_87.log,yes,0.05,10
1.3309789335101503,1.4207433088869155,1.5152558235194853,Re,tree_87.log,yes,0.05,10
6.227335298385917,11.802059609124148,21.901469434270144,ReMultiplier,tree_87,no,0.05,10
0.048522945514153905,0.09821370838898186,0.1659896615078546,SSFrac,tree_87,no,0.05,10
1.346058593089591,1.4335701623272554,1.5281782457559467,Re,tree_87,no,0.05,10
8.28926574531673,12.64527377237217,18.71425537763614,ReMultiplier,tree_88.log,yes,0.05,10
0.040762511251252326,0.057151042189168444,0.07568321326370593,SSFrac,tree_88.log,yes,0.05,10
1.439978825562203,1.5375700455182741,1.629500011914441,Re,tree_88.log,yes,0.05,10
7.944376140205343,12.441842459360704,19.57271295153678,ReMultiplier,tree_88,no,0.05,10
0.0362902914224907,0.06867424552275511,0.11321608410134361,SSFrac,tree_88,no,0.05,10
1.4493657809437623,1.5441058622728163,1.640968101485174,Re,tree_88,no,0.05,10
7.477727616187995,11.057433106848656,15.737866596826045,ReMultiplier,tree_89.log,yes,0.05,10
0.049437709854746555,0.06753373962292386,0.08753072083516995,SSFrac,tree_89.log,yes,0.05,10
1.4792620735916233,1.573285051510459,1.6646287328269187,Re,tree_89.log,yes,0.05,10
7.3350600566001125,11.941026884185963,17.725086722204043,ReMultiplier,tree_89,no,0.05,10
0.029325388483658805,0.05974551025995554,0.09874827897430524,SSFrac,tree_89,no,0.05,10
1.4758921918647452,1.5718570088468033,1.664546059295223,Re,tree_89,no,0.05,10
5.556277295098929,8.43289162276381,12.283870321691788,ReMultiplier,tree_8.log,yes,0.05,10
0.04617217837794658,0.06650792990844943,0.08744023442726534,SSFrac,tree_8.log,yes,0.05,10
1.393381020280107,1.4852211898894465,1.5717457695967771,Re,tree_8.log,yes,0.05,10
5.561863709532979,9.683435616184681,20.07276053975007,ReMultiplier,tree_8,no,0.05,10
0.0265272958408345,0.08971893387181303,0.1767786135627885,SSFrac,tree_8,no,0.05,10
1.4070292880484867,1.489268774301097,1.5794256694674607,Re,tree_8,no,0.05,10
8.054290745772537,11.347346950485804,15.015115974883681,ReMultiplier,tree_90.log,yes,0.05,10
0.03858029097268039,0.05428936160704822,0.071445099878999,SSFrac,tree_90.log,yes,0.05,10
1.4542382130105118,1.5554981827013354,1.653463863392736,Re,tree_90.log,yes,0.05,10
7.9496382490164414,11.860987387198646,16.6719057859264,ReMultiplier,tree_90,no,0.05,10
0.023216155544905557,0.04532786125376769,0.0753022303122567,SSFrac,tree_90,no,0.05,10
1.4523217438836475,1.559248087051688,1.6698654510670532,Re,tree_90,no,0.05,10
7.740230284264438,12.184703835762454,19.00940552178047,ReMultiplier,tree_91.log,yes,0.05,10
0.037732456185435824,0.05377591323169948,0.07194785190197998,SSFrac,tree_91.log,yes,0.05,10
1.3782654319619634,1.4672991291551911,1.5651359927246489,Re,tree_91.log,yes,0.05,10
6.08678624924624,9.80932695400534,15.847489529216807,ReMultiplier,tree_91,no,0.05,10
0.022092630768046444,0.058364559918489545,0.11068484403598586,SSFrac,tree_91,no,0.05,10
1.3555975223147028,1.4658405309906453,1.5693896494520365,Re,tree_91,no,0.05,10
6.806906746675466,9.345488560394026,12.35409579045487,ReMultiplier,tree_92.log,yes,0.05,10
0.037224050080341874,0.05269668288582594,0.0715725435730599,SSFrac,tree_92.log,yes,0.05,10
1.383711771340341,1.4794828650298673,1.577192334879199,Re,tree_92.log,yes,0.05,10
7.5336551043638815,10.947523328650561,14.756866224854154,ReMultiplier,tree_92,no,0.05,10
0.016168873509395946,0.036931643667291264,0.06481024674223598,SSFrac,tree_92,no,0.05,10
1.3838139259954771,1.4754369282932684,1.565510211412408,Re,tree_92,no,0.05,10
5.9742182111309186,8.724716659177455,12.332775994689161,ReMultiplier,tree_93.log,yes,0.05,10
0.042349920791168214,0.06087172856588191,0.08166503356024218,SSFrac,tree_93.log,yes,0.05,10
1.3659796076536541,1.45790057061794,1.5457553199773513,Re,tree_93.log,yes,0.05,10
4.990160532375994,9.349534824398866,16.750128457998173,ReMultiplier,tree_93,no,0.05,10
0.037552429354747924,0.11584225945028429,0.21374283139348524,SSFrac,tree_93,no,0.05,10
1.3731370311241993,1.4593851345709814,1.5494143442084565,Re,tree_93,no,0.05,10
7.2757226483600155,11.067326990717985,16.03325468582123,ReMultiplier,tree_94.log,yes,0.05,10
0.04390150692576406,0.06124285323093756,0.08042120548752103,SSFrac,tree_94.log,yes,0.05,10
1.3688784490171906,1.452448172812352,1.5326264687984381,Re,tree_94.log,yes,0.05,10
7.666795073739234,11.380648004958317,16.540904821005306,ReMultiplier,tree_94,no,0.05,10
0.02175325809715255,0.04886620826496695,0.08601059004624184,SSFrac,tree_94,no,0.05,10
1.3682341785999863,1.447822182735717,1.5301222604999143,Re,tree_94,no,0.05,10
6.5445877047177135,9.95267783868358,14.15647593918943,ReMultiplier,tree_95.log,yes,0.05,10
0.04001386757151743,0.056798454847841275,0.07612501592931871,SSFrac,tree_95.log,yes,0.05,10
1.4570885311957553,1.5394863831175054,1.62236159057165,Re,tree_95.log,yes,0.05,10
6.9538902682639945,10.746802827085206,15.572596080124422,ReMultiplier,tree_95,no,0.05,10
0.0237727089407109,0.053948313786127536,0.093917044453484,SSFrac,tree_95,no,0.05,10
1.4555587958911242,1.540395532963559,1.6221748206801672,Re,tree_95,no,0.05,10
9.094205846177127,12.886514452248727,17.53636416504325,ReMultiplier,tree_96.log,yes,0.05,10
0.030117417255048653,0.04442680184360301,0.05990052338674904,SSFrac,tree_96.log,yes,0.05,10
1.4327899691165258,1.5237638844507404,1.6181104498818075,Re,tree_96.log,yes,0.05,10
9.875373798628397,14.361855506849581,19.24593598225394,ReMultiplier,tree_96,no,0.05,10
0.01519743790027527,0.03209645845776955,0.05355062042647325,SSFrac,tree_96,no,0.05,10
1.4291634566506017,1.524205064608763,1.6195589483383053,Re,tree_96,no,0.05,10
7.856402922714806,10.990476314611357,14.922855976670643,ReMultiplier,tree_97.log,yes,0.05,10
0.035093488441051736,0.05101753711986187,0.06829837030045373,SSFrac,tree_97.log,yes,0.05,10
1.361210409931123,1.443498685238831,1.5273460269614452,Re,tree_97.log,yes,0.05,10
7.313132736984895,10.906246942416729,14.890267796444855,ReMultiplier,tree_97,no,0.05,10
0.01577878452886031,0.03801360792154694,0.07448133929487208,SSFrac,tree_97,no,0.05,10
1.3490018770738068,1.4386002659046442,1.5322823577682947,Re,tree_97,no,0.05,10
8.995232594579054,13.33423141932141,19.40693195813199,ReMultiplier,tree_98.log,yes,0.05,10
0.03777195814784915,0.05317579410798476,0.07071227397759412,SSFrac,tree_98.log,yes,0.05,10
1.4400092151320396,1.5326027512362508,1.6251707184597897,Re,tree_98.log,yes,0.05,10
7.687057156254266,12.802644500934157,20.01089414879796,ReMultiplier,tree_98,no,0.05,10
0.024859798945315276,0.051471574436159545,0.09363969071309296,SSFrac,tree_98,no,0.05,10
1.4322054914279885,1.5338619655987116,1.6374442106054459,Re,tree_98,no,0.05,10
7.606621463160957,10.570928372560795,14.149876025284803,ReMultiplier,tree_99.log,yes,0.05,10
0.03451406751892001,0.05019215604870235,0.06720973412847064,SSFrac,tree_99.log,yes,0.05,10
1.3983947535478176,1.502542573354241,1.6091451662241434,Re,tree_99.log,yes,0.05,10
8.428445362282435,11.886797325662116,16.030902719246335,ReMultiplier,tree_99,no,0.05,10
0.014277927842504073,0.03449772937896867,0.06655416776436937,SSFrac,tree_99,no,0.05,10
1.4045779616409482,1.501139192434466,1.5983960994580657,Re,tree_99,no,0.05,10
5.310705854186397,7.448692528390768,9.812299235808428,ReMultiplier,tree_9.log,yes,0.05,10
0.04170687389424588,0.058967223575525494,0.07974889423260872,SSFrac,tree_9.log,yes,0.05,10
1.3506487427205893,1.4456930075513401,1.5391366296760645,Re,tree_9.log,yes,0.05,10
5.874391156848866,9.394332445038607,13.743493549419446,ReMultiplier,tree_9,no,0.05,10
0.0069506803403435406,0.038013349523975504,0.10568873083658498,SSFrac,tree_9,no,0.05,10
1.3605238431873665,1.4413571466950503,1.5240549831199568,Re,tree_9,no,0.05,10
1.0008237806612605,2.0717569567460967,3.648202222457464,ReMultiplier,tree_0.log,yes,0.05,2
0.032242934370012674,0.049772511446352086,0.07025863958432382,SSFrac,tree_0.log,yes,0.05,2
1.401252849699765,1.4591253617210365,1.518381149460889,Re,tree_0.log,yes,0.05,2
1.0020885307956553,3.717197652049877,14.527427450614272,ReMultiplier,tree_0,no,0.05,2
5.626631523081153e-4,0.5259248842300372,0.9254924637425502,SSFrac,tree_0,no,0.05,2
1.4003611089701344,1.4591487551368432,1.5191754683582146,Re,tree_0,no,0.05,2
1.505116821884075,4.0432231617810475,6.329103220644851,ReMultiplier,tree_10.log,yes,0.05,2
0.02612072147558623,0.04374607893894511,0.061852188274493396,SSFrac,tree_10.log,yes,0.05,2
1.473545885851086,1.5351002160832217,1.6042759387866983,Re,tree_10.log,yes,0.05,2
1.0015638355561636,4.813708181146933,13.771083285370393,ReMultiplier,tree_10,no,0.05,2
0.0072242687563317184,0.33839541183335026,0.794259007417691,SSFrac,tree_10,no,0.05,2
1.4689432063201193,1.5326979960141154,1.5976420018096178,Re,tree_10,no,0.05,2
1.000425134391068,2.5338595336973557,4.300381028048992,ReMultiplier,tree_11.log,yes,0.05,2
0.028365643598704735,0.04504923947354322,0.06473301866218305,SSFrac,tree_11.log,yes,0.05,2
1.4135443839738762,1.476799362400959,1.5399171448689146,Re,tree_11.log,yes,0.05,2
1.5082714514030362,11.668629493022124,27.138572313889462,ReMultiplier,tree_11,no,0.05,2
0.17212670184024992,0.39613884159703244,0.7010410494689072,SSFrac,tree_11,no,0.05,2
1.4072323942515608,1.4733510893753188,1.5375237240713366,Re,tree_11,no,0.05,2
1.2403441336173844,3.2414018379126195,5.117532416584147,ReMultiplier,tree_12.log,yes,0.05,2
0.03662989038351555,0.05514975199355318,0.076337201737047,SSFrac,tree_12.log,yes,0.05,2
1.409184150852021,1.4720429396656307,1.5390964884980882,Re,tree_12.log,yes,0.05,2
1.0164604372397321,6.701757585315032,20.694189125410343,ReMultiplier,tree_12,no,0.05,2
0.08958303416302384,0.4475974582912712,0.8832433615461804,SSFrac,tree_12,no,0.05,2
1.4035389999923231,1.4663846124700308,1.5305785552679232,Re,tree_12,no,0.05,2
1.0001006990938097,2.276217579682241,3.8133963173458887,ReMultiplier,tree_13.log,yes,0.05,2
0.032199885900807974,0.05026930359967926,0.07112017628323644,SSFrac,tree_13.log,yes,0.05,2
1.4223704855488521,1.4918186527996349,1.5589795390041785,Re,tree_13.log,yes,0.05,2
1.0005441661703423,4.002157621548137,16.568469015167967,ReMultiplier,tree_13,no,0.05,2
0.09624287251069592,0.5935202873549128,0.9998604785317095,SSFrac,tree_13,no,0.05,2
1.419770661704829,1.4936997991425045,1.5667372595102933,Re,tree_13,no,0.05,2
1.0002443577091154,2.236037470833442,3.6576170645297164,ReMultiplier,tree_14.log,yes,0.05,2
0.033247439249840645,0.05137224309614885,0.07159344053620811,SSFrac,tree_14.log,yes,0.05,2
1.4432642813314842,1.5077931566577307,1.5687562842128724,Re,tree_14.log,yes,0.05,2
1.0002797855876018,5.595988554733598,20.80887092287222,ReMultiplier,tree_14,no,0.05,2
0.08586448604468196,0.6185867983466982,0.9994701168766825,SSFrac,tree_14,no,0.05,2
1.4418709636402374,1.5082752728849966,1.5747851343105255,Re,tree_14,no,0.05,2
1.0004290869183985,1.774367466855368,3.250223037192586,ReMultiplier,tree_15.log,yes,0.05,2
0.03676877060671445,0.05577766335686309,0.07698682914275606,SSFrac,tree_15.log,yes,0.05,2
1.4051684540846578,1.4727078282649813,1.5421694947798052,Re,tree_15.log,yes,0.05,2
1.000000884163367,2.8090869493929187,11.571301580209449,ReMultiplier,tree_15,no,0.05,2
3.8925328697701216e-5,0.5457770121518261,0.9455763154565628,SSFrac,tree_15,no,0.05,2
1.4055132359628975,1.4766093939787917,1.5477677405259838,Re,tree_15,no,0.05,2
1.5773242703499029,3.232948078934474,4.965046729208685,ReMultiplier,tree_16.log,yes,0.05,2
0.03929114158522192,0.05844263120040226,0.08025639856941091,SSFrac,tree_16.log,yes,0.05,2
1.4294459601829936,1.4977923025938928,1.5639186750080627,Re,tree_16.log,yes,0.05,2
1.0104995301632018,7.924324051831844,21.29029130122676,ReMultiplier,tree_16,no,0.05,2
0.11693536151131717,0.42793260837887503,0.8611755618750103,SSFrac,tree_16,no,0.05,2
1.4257078159983703,1.494584962400725,1.5605340908526375,Re,tree_16,no,0.05,2
1.0000062074045082,1.8121299628959662,2.8528260496749773,ReMultiplier,tree_17.log,yes,0.05,2
0.033269082894570784,0.0517857144048285,0.07212531932257696,SSFrac,tree_17.log,yes,0.05,2
1.413531895496645,1.489889186300804,1.5681676728449836,Re,tree_17.log,yes,0.05,2
1.0010680583159306,3.2633089013706593,16.94692036541656,ReMultiplier,tree_17,no,0.05,2
0.060987577334545004,0.7095775732628229,0.9999553478285182,SSFrac,tree_17,no,0.05,2
1.4095665977443919,1.476013300855726,1.5390772829601258,Re,tree_17,no,0.05,2
1.0473869191818368,2.819800122893281,4.528109112654956,ReMultiplier,tree_18.log,yes,0.05,2
0.03998909140082465,0.058732441372657644,0.08148909525255454,SSFrac,tree_18.log,yes,0.05,2
1.4138683060729833,1.4738734773251951,1.5285010179424143,Re,tree_18.log,yes,0.05,2
1.0155816112042262,7.092773256310962,20.595014520033356,ReMultiplier,tree_18,no,0.05,2
0.16092995639402796,0.5023168662414049,0.9508375069395164,SSFrac,tree_18,no,0.05,2
1.4184234679250771,1.4769008275984254,1.5366684380587705,Re,tree_18,no,0.05,2
1.0048332386278103,2.3240381309779243,3.675397393355233,ReMultiplier,tree_19.log,yes,0.05,2
0.034819705098717194,0.05381742016873491,0.07459507747356908,SSFrac,tree_19.log,yes,0.05,2
1.4304361189300054,1.4935053672787078,1.5572930428156617,Re,tree_19.log,yes,0.05,2
1.0003331408997178,2.4755014042688597,12.575045971827794,ReMultiplier,tree_19,no,0.05,2
2.0096286946473212e-4,0.6746856685114773,0.9681475509717814,SSFrac,tree_19,no,0.05,2
1.4344354515879498,1.5080966329436771,1.5842354597083723,Re,tree_19,no,0.05,2
1.2472888971494511,2.587257565552123,3.954769604588985,ReMultiplier,tree_1.log,yes,0.05,2
0.03125499505233297,0.049508969573497444,0.06983819622704646,SSFrac,tree_1.log,yes,0.05,2
1.3766062424653003,1.4333132765146561,1.4948315517166908,Re,tree_1.log,yes,0.05,2
1.0011988419836604,7.583249521756689,23.478102736213604,ReMultiplier,tree_1,no,0.05,2
0.21021453153463837,0.5621251117420816,0.9999601738866917,SSFrac,tree_1,no,0.05,2
1.3768814928954776,1.436133973561137,1.4998142174134976,Re,tree_1,no,0.05,2
1.921111841599416,3.595381761658568,5.244398141937558,ReMultiplier,tree_20.log,yes,0.05,2
0.03460327811908712,0.05284830098997075,0.07435903279725092,SSFrac,tree_20.log,yes,0.05,2
1.4168693747952767,1.4795732321848258,1.544679982837608,Re,tree_20.log,yes,0.05,2
1.0019011071161035,8.34172099019808,22.474782828120606,ReMultiplier,tree_20,no,0.05,2
0.13260702538557032,0.43907924741950577,0.835326019000507,SSFrac,tree_20,no,0.05,2
1.4135651280184125,1.4783183849455157,1.5438442023022085,Re,tree_20,no,0.05,2
1.00051046008087,1.948739997021258,3.3514742301106475,ReMultiplier,tree_21.log,yes,0.05,2
0.03937134640305236,0.05746228251469049,0.07984485114783665,SSFrac,tree_21.log,yes,0.05,2
1.4744020688004422,1.5415084826338545,1.6003461463200694,Re,tree_21.log,yes,0.05,2
1.0001233543782821,2.3156620468776588,11.662461357526666,ReMultiplier,tree_21,no,0.05,2
0.04022457986969762,0.6431450529069171,0.9999912840465169,SSFrac,tree_21,no,0.05,2
1.4811865861952607,1.5516982231880108,1.6332768446283361,Re,tree_21,no,0.05,2
1.0001624771747917,1.9645776229216534,4.01378197519596,ReMultiplier,tree_22.log,yes,0.05,2
0.018027014125723134,0.03173973488007852,0.04801120976195702,SSFrac,tree_22.log,yes,0.05,2
1.4256697364044844,1.4904997858465814,1.5507735693063778,Re,tree_22.log,yes,0.05,2
1.000545555127163,2.3660155289672513,12.279683545008853,ReMultiplier,tree_22,no,0.05,2
7.886172489513953e-4,0.607391146338353,0.9671668974762201,SSFrac,tree_22,no,0.05,2
1.4297492496801318,1.5008507389757462,1.5729470203358697,Re,tree_22,no,0.05,2
1.0003783331918894,2.3482242057577247,4.296664192363911,ReMultiplier,tree_23.log,yes,0.05,2
0.037498292710855925,0.05658534708756856,0.0777664444683281,SSFrac,tree_23.log,yes,0.05,2
1.4016386769563594,1.4719360135246553,1.5367691716970044,Re,tree_23.log,yes,0.05,2
1.8108206631352348,9.20722990317567,23.12228545264054,ReMultiplier,tree_23,no,0.05,2
0.12045832348843052,0.3658484654428311,0.7154062693068549,SSFrac,tree_23,no,0.05,2
1.3996412683259554,1.4642176704877223,1.528810151287699,Re,tree_23,no,0.05,2
1.0008360094402033,2.1210956328722848,3.483698580629339,ReMultiplier,tree_24.log,yes,0.05,2
0.045855535170561144,0.0666964112409612,0.08831650320709546,SSFrac,tree_24.log,yes,0.05,2
1.437302037820957,1.5109626767581945,1.5850656706407102,Re,tree_24.log,yes,0.05,2
1.0005801742365148,4.71089258130369,15.617661047513431,ReMultiplier,tree_24,no,0.05,2
4.46665916697154e-6,0.4057647774557375,0.8444896773790092,SSFrac,tree_24,no,0.05,2
1.4288267121423956,1.4918723830959264,1.555731963376182,Re,tree_24,no,0.05,2
1.1252131390251936,2.9371512727615476,4.589509273610912,ReMultiplier,tree_25.log,yes,0.05,2
0.031638992779348375,0.05006085375212618,0.06958904307942401,SSFrac,tree_25.log,yes,0.05,2
1.397106189649637,1.4610220113352241,1.5249726082023625,Re,tree_25.log,yes,0.05,2
1.0002221694260567,3.6335988973378415,13.914269085815128,ReMultiplier,tree_25,no,0.05,2
0.004629600113879561,0.5335119767232507,0.9312101364692275,SSFrac,tree_25,no,0.05,2
1.398311058628194,1.4609686380049367,1.525655521644044,Re,tree_25,no,0.05,2
1.0988873066465494,2.94045324726875,4.611628904887724,ReMultiplier,tree_26.log,yes,0.05,2
0.03878609021054076,0.05849185161551611,0.07926091398172282,SSFrac,tree_26.log,yes,0.05,2
1.4061957628017023,1.4815683650058595,1.5587279234394504,Re,tree_26.log,yes,0.05,2
1.0054204187280944,6.846869340531786,19.438372188645978,ReMultiplier,tree_26,no,0.05,2
0.02907586566233404,0.402545713926891,0.7929417820986548,SSFrac,tree_26,no,0.05,2
1.4019769241281819,1.4681547547628147,1.5369069671942186,Re,tree_26,no,0.05,2
1.1800296907181385,3.1389871072007467,4.967884267626988,ReMultiplier,tree_27.log,yes,0.05,2
0.033384250120416584,0.05045284129773914,0.07105053894074634,SSFrac,tree_27.log,yes,0.05,2
1.4701558451841352,1.5378817650886056,1.607785001952883,Re,tree_27.log,yes,0.05,2
1.000491447718281,4.466882614951947,15.659701573406862,ReMultiplier,tree_27,no,0.05,2
1.0629497019983891e-4,0.4300204600575339,0.8780592370824777,SSFrac,tree_27,no,0.05,2
1.4649753039688085,1.5381326002443614,1.6071378053798433,Re,tree_27,no,0.05,2
1.0006673830553123,1.6674519158281416,2.7937410107406446,ReMultiplier,tree_28.log,yes,0.05,2
0.03037003501467792,0.0471729870780554,0.06745705561379217,SSFrac,tree_28.log,yes,0.05,2
1.3756041729369668,1.4397870233663168,1.5108798233388148,Re,tree_28.log,yes,0.05,2
1.000606651048862,10.191200449991669,25.38834026602098,ReMultiplier,tree_28,no,0.05,2
0.22400334240396466,0.4987377226620253,0.884712459286585,SSFrac,tree_28,no,0.05,2
1.3685666469127975,1.4268175025477456,1.4850458065137973,Re,tree_28,no,0.05,2
1.000072568595483,1.8264920850714093,3.3079938516447616,ReMultiplier,tree_29.log,yes,0.05,2
0.029127876058791097,0.04625225850753838,0.06586099502386096,SSFrac,tree_29.log,yes,0.05,2
1.4322898826660435,1.4958861401902452,1.5569278502418662,Re,tree_29.log,yes,0.05,2
1.000299965847241,4.305669622669153,19.71221956189264,ReMultiplier,tree_29,no,0.05,2
0.047563479430497616,0.5827710418934666,0.9919776937486721,SSFrac,tree_29,no,0.05,2
1.429350355032099,1.500692302488462,1.5725654310660204,Re,tree_29,no,0.05,2
1.590080126629478,3.1088957291031645,4.686918852446452,ReMultiplier,tree_2.log,yes,0.05,2
0.044590031283517795,0.06435875346602014,0.08736996462163704,SSFrac,tree_2.log,yes,0.05,2
1.5045840555986043,1.5776383667158527,1.648723959527035,Re,tree_2.log,yes,0.05,2
1.0002996671419613,3.1228155893214535,12.501950757253182,ReMultiplier,tree_2,no,0.05,2
0.07228730010253528,0.5668102836865784,0.9999204565036364,SSFrac,tree_2,no,0.05,2
1.5030062938734061,1.573007633527201,1.642779246011693,Re,tree_2,no,0.05,2
1.0078130072898475,2.4869944295031154,3.966987641139087,ReMultiplier,tree_30.log,yes,0.05,2
0.03947672340662405,0.059361340076976674,0.08130390346152924,SSFrac,tree_30.log,yes,0.05,2
1.386181548672534,1.4536131993231594,1.5292296011661282,Re,tree_30.log,yes,0.05,2
1.0035211640314954,8.716184117494606,22.119015579015386,ReMultiplier,tree_30,no,0.05,2
0.1534457554863482,0.41150688232749094,0.7923113893174749,SSFrac,tree_30,no,0.05,2
1.3800965036334727,1.443992904867435,1.505766615975149,Re,tree_30,no,0.05,2
1.0001363430560795,2.2314818271011476,3.5684762005920114,ReMultiplier,tree_31.log,yes,0.05,2
0.027876504920173448,0.04442294461999493,0.06378713711226108,SSFrac,tree_31.log,yes,0.05,2
1.4084256695998645,1.4757600852642465,1.5467667875839788,Re,tree_31.log,yes,0.05,2
1.000365164980711,7.190532722685649,23.833359729815037,ReMultiplier,tree_31,no,0.05,2
0.13354232917729003,0.48319252555368475,0.9982505005453696,SSFrac,tree_31,no,0.05,2
1.402613810833955,1.4618275730627661,1.526245033616378,Re,tree_31,no,0.05,2
1.0012249485436093,2.4864991374875305,4.568478200970875,ReMultiplier,tree_32.log,yes,0.05,2
0.027620572982491338,0.044972645771030446,0.06396442088381353,SSFrac,tree_32.log,yes,0.05,2
1.4075227567406317,1.4758962035148349,1.5367229438875494,Re,tree_32.log,yes,0.05,2
1.0030304231028369,4.699581789797621,14.573861611990177,ReMultiplier,tree_32,no,0.05,2
0.09767663097050534,0.42529112023581955,0.9953891310777909,SSFrac,tree_32,no,0.05,2
1.4158674651488512,1.4827102063033577,1.5555780664006174,Re,tree_32,no,0.05,2
1.0069226463321452,2.513624911124438,4.169250690617892,ReMultiplier,tree_33.log,yes,0.05,2
0.03500439159016913,0.05352712792284024,0.07474321936947297,SSFrac,tree_33.log,yes,0.05,2
1.4801068199948908,1.5467981876069534,1.6153522926069284,Re,tree_33.log,yes,0.05,2
1.7841189088123266,11.459720366327522,26.09751034385715,ReMultiplier,tree_33,no,0.05,2
0.1413746332100803,0.3526602168222204,0.6432485719674226,SSFrac,tree_33,no,0.05,2
1.4812503577403373,1.5496561707493297,1.6186861951493365,Re,tree_33,no,0.05,2
1.0033916009554291,2.0608123015184727,3.382380507159972,ReMultiplier,tree_34.log,yes,0.05,2
0.02576699838812618,0.0415798175635312,0.0598006280827945,SSFrac,tree_34.log,yes,0.05,2
1.4556247067172312,1.5198976601988918,1.5814294537963671,Re,tree_34.log,yes,0.05,2
1.0002134225091561,2.4740105144361024,13.819281490239522,ReMultiplier,tree_34,no,0.05,2
0.046502967235486366,0.7229680210922313,0.9995554328479661,SSFrac,tree_34,no,0.05,2
1.463677569613913,1.5346534612852833,1.6120019215117594,Re,tree_34,no,0.05,2
1.1122582488123451,3.1311612445696912,4.839786045146321,ReMultiplier,tree_35.log,yes,0.05,2
0.047101385315251,0.06859207537079244,0.09195833512010516,SSFrac,tree_35.log,yes,0.05,2
1.415356149406427,1.4734630258476091,1.5309754407955076,Re,tree_35.log,yes,0.05,2
1.0048121089736495,6.695180767151656,19.961176454185352,ReMultiplier,tree_35,no,0.05,2
0.11823526400831348,0.4264298071376304,0.9050115947279129,SSFrac,tree_35,no,0.05,2
1.4147065686759712,1.4769840410677015,1.5411419434656537,Re,tree_35,no,0.05,2
1.0000817217640585,1.7370854477735653,3.4971593904051437,ReMultiplier,tree_36.log,yes,0.05,2
0.02757914320972762,0.04373269499791874,0.06352597067883341,SSFrac,tree_36.log,yes,0.05,2
1.3936999904431802,1.4504271671754128,1.5052426140250057,Re,tree_36.log,yes,0.05,2
1.0000535247517268,4.39795361713581,16.87911676722541,ReMultiplier,tree_36,no,0.05,2
0.003633340661499325,0.5529636257484041,0.9231856030775061,SSFrac,tree_36,no,0.05,2
1.3934696899559178,1.4505464102815755,1.5064751621018817,Re,tree_36,no,0.05,2
1.0031838011239729,2.468774663698359,4.043082110353927,ReMultiplier,tree_37.log,yes,0.05,2
0.03813952349852949,0.056954906188421764,0.07893149002474777,SSFrac,tree_37.log,yes,0.05,2
1.4059558387788191,1.4615118430366136,1.5216043582392915,Re,tree_37.log,yes,0.05,2
1.000054402948956,7.063076699464632,21.244430552803454,ReMultiplier,tree_37,no,0.05,2
0.21306437107249646,0.5671959669003914,0.9762815321964353,SSFrac,tree_37,no,0.05,2
1.4095530234275309,1.474789153109955,1.5373088927735492,Re,tree_37,no,0.05,2
1.9574185550553025,4.486915984653683,7.2892941523275105,ReMultiplier,tree_38.log,yes,0.05,2
0.04345403434965949,0.06415799907069653,0.08632831695559359,SSFrac,tree_38.log,yes,0.05,2
1.3915165781255634,1.4586130843313398,1.5263346032471534,Re,tree_38.log,yes,0.05,2
1.00749568224968,4.1735155801307355,11.150900100120142,ReMultiplier,tree_38,no,0.05,2
0.003868903944698902,0.28529248157226617,0.7724371097820708,SSFrac,tree_38,no,0.05,2
1.3962872902481653,1.4655230753863928,1.5347694694321576,Re,tree_38,no,0.05,2
1.4200746713703496,3.4439990750371376,5.4061351876297765,ReMultiplier,tree_39.log,yes,0.05,2
0.03834344195920212,0.057303578648617556,0.07893036946827167,SSFrac,tree_39.log,yes,0.05,2
1.4277368437661313,1.4879793944740425,1.552897535839708,Re,tree_39.log,yes,0.05,2
1.0006525824417816,3.8944151816963033,19.39615534725299,ReMultiplier,tree_39,no,0.05,2
0.07522203030305172,0.484798240047008,0.9998940777289425,SSFrac,tree_39,no,0.05,2
1.4336824635873575,1.5044275915184466,1.5822888707662783,Re,tree_39,no,0.05,2
1.0383023986551467,3.22465025763575,4.890722524159572,ReMultiplier,tree_3.log,yes,0.05,2
0.038569412361642776,0.0588689694732587,0.0790935594573123,SSFrac,tree_3.log,yes,0.05,2
1.4093602677614117,1.4698188283030558,1.5301118668616087,Re,tree_3.log,yes,0.05,2
1.0000518258207853,2.5123416135951713,10.96246252111283,ReMultiplier,tree_3,no,0.05,2
6.2257761977526046e-6,0.3123215849976091,0.9672461578030647,SSFrac,tree_3,no,0.05,2
1.4133619189143747,1.4852639334013786,1.557790737847373,Re,tree_3,no,0.05,2
1.0001090375916921,1.473311567318587,2.8757791526848764,ReMultiplier,tree_40.log,yes,0.05,2
0.03155799826219297,0.04922152489824322,0.06887943948525642,SSFrac,tree_40.log,yes,0.05,2
1.4401321963013192,1.508052617092361,1.5778066223901632,Re,tree_40.log,yes,0.05,2
1.00048015267698,3.0441264618544963,11.64265840214469,ReMultiplier,tree_40,no,0.05,2
2.7136040947112753e-4,0.5573243451774199,0.9455136547481348,SSFrac,tree_40,no,0.05,2
1.4415560902706268,1.5001596968095443,1.5647388117275438,Re,tree_40,no,0.05,2
1.1103268028725326,3.1107112445813283,4.925113446196911,ReMultiplier,tree_41.log,yes,0.05,2
0.04105454024740777,0.05995459453275226,0.08235834589575473,SSFrac,tree_41.log,yes,0.05,2
1.3761855825288845,1.450962394160873,1.5234938297881833,Re,tree_41.log,yes,0.05,2
1.403740063855169,5.710749585090916,15.653437248332,ReMultiplier,tree_41,no,0.05,2
8.499893322298776e-4,0.32467566037510187,0.6504878173696803,SSFrac,tree_41,no,0.05,2
1.3786405031525775,1.4485419186291555,1.5167350066069036,Re,tree_41,no,0.05,2
1.0001206816968924,1.6782305973787448,3.138036959842563,ReMultiplier,tree_42.log,yes,0.05,2
0.026730280158494567,0.04297645250568698,0.06110805098383184,SSFrac,tree_42.log,yes,0.05,2
1.4517439638522838,1.5226717379185577,1.5944305853409968,Re,tree_42.log,yes,0.05,2
1.0002389487126402,2.1872970281671344,12.027103370942953,ReMultiplier,tree_42,no,0.05,2
2.5432705225450795e-4,0.6316033954439105,0.9765146270265422,SSFrac,tree_42,no,0.05,2
1.450243898081844,1.522694923151878,1.5979143202340274,Re,tree_42,no,0.05,2
1.0001325499547542,1.6604022982694957,3.0752894207605346,ReMultiplier,tree_43.log,yes,0.05,2
0.03311667647181434,0.05155092585590676,0.0716246745700475,SSFrac,tree_43.log,yes,0.05,2
1.3996016153728081,1.4646111732969471,1.5333469292560922,Re,tree_43.log,yes,0.05,2
1.001051127304625,4.486334884871596,19.35642381783573,ReMultiplier,tree_43,no,0.05,2
0.10844945030623672,0.6061145217485949,0.9995993194917467,SSFrac,tree_43,no,0.05,2
1.3986418076488538,1.4634080166168624,1.5313804008965048,Re,tree_43,no,0.05,2
1.0001029665389827,2.7483558164413067,4.673248643001895,ReMultiplier,tree_44.log,yes,0.05,2
0.03204829985458108,0.04932101121699392,0.07048816202189492,SSFrac,tree_44.log,yes,0.05,2
1.4411368233319832,1.5005550271282242,1.5632013895541579,Re,tree_44.log,yes,0.05,2
1.0023400868926136,3.9112193668602373,15.785064394222568,ReMultiplier,tree_44,no,0.05,2
7.297702053440599e-5,0.4927108229162866,0.920957880622679,SSFrac,tree_44,no,0.05,2
1.447857876617664,1.5158091734262993,1.5927074253835818,Re,tree_44,no,0.05,2
1.000353282966957,2.2828415063429666,3.7672404151188696,ReMultiplier,tree_45.log,yes,0.05,2
0.0381835136489412,0.05802310663482608,0.07887361564905403,SSFrac,tree_45.log,yes,0.05,2
1.4418448458085624,1.5018899539797497,1.566671174239746,Re,tree_45.log,yes,0.05,2
1.0002881661868221,2.442493868595327,12.828584244989042,ReMultiplier,tree_45,no,0.05,2
8.529603588424148e-5,0.6406719007965638,0.9668208823371199,SSFrac,tree_45,no,0.05,2
1.4414584367790628,1.512776575689477,1.582929027710152,Re,tree_45,no,0.05,2
1.1815903788045126,3.2688434068671244,5.080080108269867,ReMultiplier,tree_46.log,yes,0.05,2
0.03313065563736953,0.051368241568873506,0.07173696554904958,SSFrac,tree_46.log,yes,0.05,2
1.416013749720935,1.4714856720384386,1.5332055326218748,Re,tree_46.log,yes,0.05,2
1.0005009487135783,2.4469932681412345,10.670029853031668,ReMultiplier,tree_46,no,0.05,2
0.0031757778792578946,0.5622876757762325,0.9665198124624549,SSFrac,tree_46,no,0.05,2
1.4256249449580463,1.4923983395086753,1.5657879317506709,Re,tree_46,no,0.05,2
2.224564304619386,4.605680232345289,6.883950002983486,ReMultiplier,tree_47.log,yes,0.05,2
0.028139077058340626,0.04454002534055651,0.06368321925086334,SSFrac,tree_47.log,yes,0.05,2
1.439461428909094,1.5025987213806713,1.5643941854835897,Re,tree_47.log,yes,0.05,2
1.0027778261495142,5.255497740854979,16.063295360599277,ReMultiplier,tree_47,no,0.05,2
0.0021072610528396463,0.3114213053388764,0.7341428376585439,SSFrac,tree_47,no,0.05,2
1.4406815230860581,1.5048046579697132,1.5720067937725006,Re,tree_47,no,0.05,2
1.1730420350504502,3.0227949137331374,4.850262088099666,ReMultiplier,tree_48.log,yes,0.05,2
0.03770572093300034,0.056989223887396995,0.07894033793321892,SSFrac,tree_48.log,yes,0.05,2
1.4446895957549755,1.5060899873434654,1.5675545652214036,Re,tree_48.log,yes,0.05,2
1.03312920083649,8.203185934619537,21.9283480901748,ReMultiplier,tree_48,no,0.05,2
0.12302879165465991,0.3895133143084944,0.7883485170658688,SSFrac,tree_48,no,0.05,2
1.4404102792058326,1.5031053264822702,1.5670738383937923,Re,tree_48,no,0.05,2
1.0002519450868053,1.9696966289967173,3.357891333254933,ReMultiplier,tree_49.log,yes,0.05,2
0.02841733598867982,0.04501946006966827,0.06456047604995542,SSFrac,tree_49.log,yes,0.05,2
1.4534819978060083,1.5164049206409431,1.582231683968739,Re,tree_49.log,yes,0.05,2
1.0004390355446946,5.485315850518836,18.74779904097675,ReMultiplier,tree_49,no,0.05,2
0.14984651567030619,0.5866598207341402,0.9996988550777114,SSFrac,tree_49,no,0.05,2
1.447842685955126,1.5078147252024428,1.5697698528416681,Re,tree_49,no,0.05,2
1.7070495850433405,3.5763598404617265,5.529292236140642,ReMultiplier,tree_4.log,yes,0.05,2
0.03846459638797746,0.05786467688477061,0.0785639396309798,SSFrac,tree_4.log,yes,0.05,2
1.4167595456799067,1.482901963992338,1.5538691115004435,Re,tree_4.log,yes,0.05,2
1.0034096524377476,4.230957872471171,13.18503909897179,ReMultiplier,tree_4,no,0.05,2
0.0018157034897243198,0.430917288065983,0.8467359803809854,SSFrac,tree_4,no,0.05,2
1.4192776683682178,1.4855901809268262,1.5581139755358986,Re,tree_4,no,0.05,2
1.0006707052727428,2.4850748381121472,4.014420640214714,ReMultiplier,tree_50.log,yes,0.05,2
0.0363249727322784,0.05546216192540264,0.0768479548971764,SSFrac,tree_50.log,yes,0.05,2
1.4650414242137981,1.5312390826075908,1.59988194070617,Re,tree_50.log,yes,0.05,2
1.0030888180839468,8.413573267709449,23.031272589579608,ReMultiplier,tree_50,no,0.05,2
0.17390308496729293,0.46300518116762485,0.8590713295411596,SSFrac,tree_50,no,0.05,2
1.4591187659727602,1.5364437073881612,1.6120505019474658,Re,tree_50,no,0.05,2
1.0529247707703986,2.347426312958228,3.5530284609283878,ReMultiplier,tree_51.log,yes,0.05,2
0.0413576521830631,0.06120544804054277,0.08355362248947974,SSFrac,tree_51.log,yes,0.05,2
1.372584433785697,1.4445288316157798,1.5183361310353078,Re,tree_51.log,yes,0.05,2
1.0006262152716163,4.2870075793966915,16.41547608029395,ReMultiplier,tree_51,no,0.05,2
0.0909705639559178,0.5695118445162713,0.9997532783168637,SSFrac,tree_51,no,0.05,2
1.3695066625972054,1.4297425195985436,1.4932286713270935,Re,tree_51,no,0.05,2
1.0000442700790324,1.665201300957623,2.893198307553357,ReMultiplier,tree_52.log,yes,0.05,2
0.03193575137856559,0.04991335165004748,0.07036272912392708,SSFrac,tree_52.log,yes,0.05,2
1.4211386637680619,1.4811733666900802,1.5422756525962606,Re,tree_52.log,yes,0.05,2
1.0230571772867814,10.307912538698027,24.809995293370992,ReMultiplier,tree_52,no,0.05,2
0.1999448050488487,0.4638761036561794,0.8251024522937516,SSFrac,tree_52,no,0.05,2
1.420937259378147,1.4809965446783413,1.5449471317874264,Re,tree_52,no,0.05,2
1.0306952089044876,2.6290923902583314,4.187265843612657,ReMultiplier,tree_53.log,yes,0.05,2
0.0430827364221885,0.062308648718299935,0.08488489838208796,SSFrac,tree_53.log,yes,0.05,2
1.4708817299343075,1.5418537532436831,1.616905198894274,Re,tree_53.log,yes,0.05,2
1.0068379570982364,8.331644861007245,21.964358537672016,ReMultiplier,tree_53,no,0.05,2
0.18545493919009423,0.4762049690337398,0.8637052798008378,SSFrac,tree_53,no,0.05,2
1.4658701761133077,1.5351888899561064,1.605681762672902,Re,tree_53,no,0.05,2
2.056489936976748,3.820152621763664,5.481986246651199,ReMultiplier,tree_54.log,yes,0.05,2
0.030206667467456465,0.04837839739007936,0.06795123033614932,SSFrac,tree_54.log,yes,0.05,2
1.4282812744074251,1.488324479377627,1.5584016500060773,Re,tree_54.log,yes,0.05,2
1.0004161003077097,6.651017634191849,21.55596424859167,ReMultiplier,tree_54,no,0.05,2
3.1986088591733692e-6,0.3240989813611792,0.8284433352123203,SSFrac,tree_54,no,0.05,2
1.4261929567903577,1.4946902493372036,1.5731884796097966,Re,tree_54,no,0.05,2
1.0001796688303766,1.8010688193352613,3.06550033341091,ReMultiplier,tree_55.log,yes,0.05,2
0.04134178606190839,0.06138567668086923,0.08324597785313657,SSFrac,tree_55.log,yes,0.05,2
1.4353393134652626,1.5070825014920468,1.5777431753927105,Re,tree_55.log,yes,0.05,2
1.0103327029952902,11.96998030795644,28.185909507867276,ReMultiplier,tree_55,no,0.05,2
0.1607203487317254,0.41009500087719875,0.7488181458791705,SSFrac,tree_55,no,0.05,2
1.4249425767793429,1.488064651808601,1.5493976436742911,Re,tree_55,no,0.05,2
1.0006080219389226,1.8402929855073813,3.2244666592691664,ReMultiplier,tree_56.log,yes,0.05,2
0.041775052778216325,0.061314968977225416,0.08268026367898092,SSFrac,tree_56.log,yes,0.05,2
1.3799173444914192,1.450101731960841,1.5201765249602117,Re,tree_56.log,yes,0.05,2
1.000180150421523,2.173346915265435,10.121515627441283,ReMultiplier,tree_56,no,0.05,2
0.02933426324507273,0.6221240650929285,0.9992781775853211,SSFrac,tree_56,no,0.05,2
1.3803081551061076,1.4516152817947523,1.5262822905205349,Re,tree_56,no,0.05,2
1.2895542134995712,3.1526365654905337,4.907092553627454,ReMultiplier,tree_57.log,yes,0.05,2
0.03024296138284576,0.04899326050900161,0.06766287051546424,SSFrac,tree_57.log,yes,0.05,2
1.459171316003835,1.5261299803968207,1.5915294232961144,Re,tree_57.log,yes,0.05,2
1.0019700788824906,6.255806355444944,19.606066419719955,ReMultiplier,tree_57,no,0.05,2
0.030794040687165698,0.4714086629133325,0.8531937644961678,SSFrac,tree_57,no,0.05,2
1.4545565476439766,1.5223934448253307,1.5864795402633116,Re,tree_57,no,0.05,2
1.0005911877888052,2.847918044750198,4.992569151248676,ReMultiplier,tree_58.log,yes,0.05,2
0.026230717366498294,0.042916591067617194,0.06184497465122817,SSFrac,tree_58.log,yes,0.05,2
1.4472245445043719,1.519803584032083,1.5962662182425855,Re,tree_58.log,yes,0.05,2
2.4879316712555912,10.724806472542365,25.33189322384361,ReMultiplier,tree_58,no,0.05,2
0.11710038692266297,0.30577504452271176,0.5643744574619982,SSFrac,tree_58,no,0.05,2
1.4394872676473156,1.504209941001362,1.5704698610051206,Re,tree_58,no,0.05,2
1.000060033617408,1.9369842748062749,3.291910528712034,ReMultiplier,tree_59.log,yes,0.05,2
0.03055703785843174,0.04854844543361155,0.06804109446437323,SSFrac,tree_59.log,yes,0.05,2
1.4069384195052845,1.479971787903998,1.5453165850003403,Re,tree_59.log,yes,0.05,2
1.0002138637171547,6.0716384154713765,19.464294103947815,ReMultiplier,tree_59,no,0.05,2
0.12436648368426823,0.5183888750949706,0.9772002275529529,SSFrac,tree_59,no,0.05,2
1.4078746288201027,1.4701385947153272,1.5332988363940572,Re,tree_59,no,0.05,2
2.7808031820632446,4.830054089447184,7.183511391356638,ReMultiplier,tree_5.log,yes,0.05,2
0.030585680203921127,0.04714646756359931,0.0673309663757568,SSFrac,tree_5.log,yes,0.05,2
1.3922758758826081,1.4506801809722565,1.5150851822860054,Re,tree_5.log,yes,0.05,2
1.0003518537995153,5.494997233180065,16.71600095009401,ReMultiplier,tree_5,no,0.05,2
8.720558875459391e-4,0.3023346527639722,0.7169980570204026,SSFrac,tree_5,no,0.05,2
1.3863669038774245,1.446480505903848,1.5122849452376583,Re,tree_5,no,0.05,2
1.1190054429189347,2.9230576875245577,4.538255569402359,ReMultiplier,tree_60.log,yes,0.05,2
0.02324586219530455,0.038822282273846764,0.05728495912470188,SSFrac,tree_60.log,yes,0.05,2
1.390911495279562,1.45714665183738,1.524177663626046,Re,tree_60.log,yes,0.05,2
1.0000824875288976,2.0644676651409815,9.346246733409778,ReMultiplier,tree_60,no,0.05,2
2.855929377471158e-4,0.6171422328833557,0.9716716058569522,SSFrac,tree_60,no,0.05,2
1.3898217447415755,1.462676913848721,1.5378690992653044,Re,tree_60,no,0.05,2
1.0006577267428898,2.479546020993443,4.017041944597165,ReMultiplier,tree_61.log,yes,0.05,2
0.03560609284188019,0.05365164145017256,0.0744667833224715,SSFrac,tree_61.log,yes,0.05,2
1.4235309807226975,1.4928933758711742,1.5607861534520635,Re,tree_61.log,yes,0.05,2
1.000385953187091,2.3791044763955482,10.504542962704106,ReMultiplier,tree_61,no,0.05,2
1.7718308274255215e-4,0.5471803078512895,0.967096626960152,SSFrac,tree_61,no,0.05,2
1.4178959345057318,1.4965838678771413,1.5745072199165622,Re,tree_61,no,0.05,2
1.2979698448330808,3.649961806638566,5.722999619543558,ReMultiplier,tree_62.log,yes,0.05,2
0.022689863507184223,0.03730889445354314,0.05513868886464818,SSFrac,tree_62.log,yes,0.05,2
1.4022229608555719,1.4627365954831748,1.5312711169044393,Re,tree_62.log,yes,0.05,2
1.000298961351884,3.1797103501391906,12.801944004960564,ReMultiplier,tree_62,no,0.05,2
5.660015305179061e-4,0.4814017829621978,0.9456602001214273,SSFrac,tree_62,no,0.05,2
1.3946615716247284,1.4623581569908848,1.5370523528254445,Re,tree_62,no,0.05,2
1.0005964884239373,2.3973618340488576,3.791683416936562,ReMultiplier,tree_63.log,yes,0.05,2
0.04056906491094019,0.060302581102153495,0.08206556099227656,SSFrac,tree_63.log,yes,0.05,2
1.436752633357512,1.5043828357949263,1.5726201569728384,Re,tree_63.log,yes,0.05,2
1.0001187744236804,4.014781520731725,16.485354267652042,ReMultiplier,tree_63,no,0.05,2
0.08232604096751647,0.5920243965983292,0.9998488024688733,SSFrac,tree_63,no,0.05,2
1.4363576399265099,1.508307724810635,1.57792066357667,Re,tree_63,no,0.05,2
1.0000285116185836,1.579515446596608,2.652383592887478,ReMultiplier,tree_64.log,yes,0.05,2
0.03072192522787747,0.048341087217349143,0.06798243770072637,SSFrac,tree_64.log,yes,0.05,2
1.5054475178001077,1.5799750988213053,1.6508451053626954,Re,tree_64.log,yes,0.05,2
1.0004683192942765,2.8721718340994484,12.994002208461863,ReMultiplier,tree_64,no,0.05,2
0.06135632171096477,0.6258735658207966,0.9998509496143141,SSFrac,tree_64,no,0.05,2
1.4950271573618243,1.5583693491388684,1.6242912745801654,Re,tree_64,no,0.05,2
1.0731997913325255,3.126169440410305,4.822672554403803,ReMultiplier,tree_65.log,yes,0.05,2
0.02901561168182876,0.04677263106416915,0.06596831862475479,SSFrac,tree_65.log,yes,0.05,2
1.385000592433805,1.4471714513419747,1.5113701502049581,Re,tree_65.log,yes,0.05,2
1.000333560901651,5.657408338977252,17.054552646516278,ReMultiplier,tree_65,no,0.05,2
0.0047519337939042955,0.395288952655769,0.780398661815388,SSFrac,tree_65,no,0.05,2
1.385625574776037,1.4469280258158634,1.5134330251229893,Re,tree_65,no,0.05,2
1.000112742775882,1.9995901937144867,3.679348525081069,ReMultiplier,tree_66.log,yes,0.05,2
0.022288072084842986,0.0372981732709424,0.05487802040443938,SSFrac,tree_66.log,yes,0.05,2
1.388446649765226,1.4522646619668376,1.515576756273132,Re,tree_66.log,yes,0.05,2
1.0001869457892407,2.19047371814285,12.00410375423794,ReMultiplier,tree_66,no,0.05,2
0.037430972851890065,0.6215484526507057,0.9995556867163755,SSFrac,tree_66,no,0.05,2
1.385885661348108,1.4558370831924976,1.5267332635807356,Re,tree_66,no,0.05,2
1.0109035013680308,2.644336473729603,4.365058685079902,ReMultiplier,tree_67.log,yes,0.05,2
0.025692621257491114,0.042017731725744405,0.060353867305717616,SSFrac,tree_67.log,yes,0.05,2
1.4160519567355592,1.4798735001919079,1.5418012377476595,Re,tree_67.log,yes,0.05,2
1.0007691820294304,3.07511692099106,11.3184566984006,ReMultiplier,tree_67,no,0.05,2
2.2326705372716332e-4,0.507335343394773,0.9338568048653109,SSFrac,tree_67,no,0.05,2
1.4142866057015815,1.4779598710457078,1.5411346214178878,Re,tree_67,no,0.05,2
1.000252067320281,2.392963453652878,4.1907408491145235,ReMultiplier,tree_68.log,yes,0.05,2
0.03443844435258161,0.05236687191287649,0.07283063876040968,SSFrac,tree_68.log,yes,0.05,2
1.39163215539512,1.4562351067285415,1.5220926396217143,Re,tree_68.log,yes,0.05,2
1.003499656798015,4.354933214270358,16.59844129671939,ReMultiplier,tree_68,no,0.05,2
6.180459643485226e-4,0.5013942034816335,0.9014274201552376,SSFrac,tree_68,no,0.05,2
1.3900227206370972,1.4547493847576765,1.5176180119519516,Re,tree_68,no,0.05,2
1.0019889031523752,2.243437246944393,3.853548577903175,ReMultiplier,tree_69.log,yes,0.05,2
0.034151218131519605,0.05253908726974317,0.07320474477967281,SSFrac,tree_69.log,yes,0.05,2
1.406561414717197,1.4710420121947563,1.5342687717241472,Re,tree_69.log,yes,0.05,2
1.0004397306520183,4.223146287811803,17.001324753320947,ReMultiplier,tree_69,no,0.05,2
1.0030168696192685e-4,0.5698240861294168,0.920437942456414,SSFrac,tree_69,no,0.05,2
1.406032125215974,1.4706401638190838,1.5359538256286815,Re,tree_69,no,0.05,2
1.000143058107525,2.0164565949528725,3.3837692525061147,ReMultiplier,tree_6.log,yes,0.05,2
0.04322096533549329,0.06427413459058236,0.08613880637774994,SSFrac,tree_6.log,yes,0.05,2
1.4428597026923946,1.505362948204718,1.56938844371128,Re,tree_6.log,yes,0.05,2
1.0001572257375801,2.182289629960258,12.08535774302103,ReMultiplier,tree_6,no,0.05,2
0.02938455122630683,0.6801803327823571,0.9995007432860475,SSFrac,tree_6,no,0.05,2
1.4561160315909694,1.5256318666329833,1.601317927504981,Re,tree_6,no,0.05,2
1.0011513880564642,2.1831321770373164,3.4807704081417468,ReMultiplier,tree_70.log,yes,0.05,2
0.041060904022815314,0.05973028864532226,0.08196706952774993,SSFrac,tree_70.log,yes,0.05,2
1.4213263565879628,1.4825057042854763,1.5443803008671453,Re,tree_70.log,yes,0.05,2
1.0006636767495485,4.550814470040043,17.819480411109858,ReMultiplier,tree_70,no,0.05,2
0.14379428643365513,0.6283601631944241,0.9999205961489771,SSFrac,tree_70,no,0.05,2
1.4212314685716254,1.4815026232958992,1.5454891885351902,Re,tree_70,no,0.05,2
1.6938641352843864,3.369130518761946,5.056054902691062,ReMultiplier,tree_71.log,yes,0.05,2
0.0324862918847657,0.050637569777276056,0.07139354525799176,SSFrac,tree_71.log,yes,0.05,2
1.4154308440136278,1.4803695236287657,1.547288223979821,Re,tree_71.log,yes,0.05,2
1.0124416378872079,9.105271189731413,23.230765965551228,ReMultiplier,tree_71,no,0.05,2
0.18262525664233217,0.44855418891868365,0.8331464984889168,SSFrac,tree_71,no,0.05,2
1.412447520327968,1.4818276235615282,1.5488271284822834,Re,tree_71,no,0.05,2
1.234155322722369,2.601428697033224,4.0085427346267055,ReMultiplier,tree_72.log,yes,0.05,2
0.04033648505830318,0.059892991082998635,0.081472606236153,SSFrac,tree_72.log,yes,0.05,2
1.3632683495243783,1.4281692573265623,1.4916102212031648,Re,tree_72.log,yes,0.05,2
1.0003206780599978,5.508288205113116,18.914354706279624,ReMultiplier,tree_72,no,0.05,2
0.14404180511755757,0.5780823780060471,0.9990985830136397,SSFrac,tree_72,no,0.05,2
1.3633600027835906,1.430706422860992,1.4977960969078845,Re,tree_72,no,0.05,2
1.0156959887530832,2.306622814280942,3.722298148092677,ReMultiplier,tree_73.log,yes,0.05,2
0.03597513409030168,0.0547509994347654,0.07545438191834636,SSFrac,tree_73.log,yes,0.05,2
1.4916147519451999,1.5674095501097778,1.64444644973462,Re,tree_73.log,yes,0.05,2
1.0150870284944125,7.4051195962450205,21.989534791568733,ReMultiplier,tree_73,no,0.05,2
0.05976253126209252,0.43969435066976115,0.8425501315012983,SSFrac,tree_73,no,0.05,2
1.4776069699396908,1.541530962164932,1.6062679639112583,Re,tree_73,no,0.05,2
1.0028491513035114,2.867771367792031,4.504740079427626,ReMultiplier,tree_74.log,yes,0.05,2
0.022612140612133024,0.038420380450799284,0.05601395640519993,SSFrac,tree_74.log,yes,0.05,2
1.4197036894675188,1.4791291373911737,1.5430806707324876,Re,tree_74.log,yes,0.05,2
1.000010457182098,2.0986276869513305,9.61641764235141,ReMultiplier,tree_74,no,0.05,2
0.030711311771417,0.6114658277166216,0.9999838422589459,SSFrac,tree_74,no,0.05,2
1.4217660760106952,1.4942762212138598,1.5709331150504653,Re,tree_74,no,0.05,2
1.0011047973687872,1.9626074550546604,3.816434093982844,ReMultiplier,tree_75.log,yes,0.05,2
0.030427887063084517,0.04800481800677864,0.06750303494180514,SSFrac,tree_75.log,yes,0.05,2
1.4724936285016386,1.537380144749698,1.6007898380305794,Re,tree_75.log,yes,0.05,2
1.0001610592065788,3.7982558720807633,14.377812059332184,ReMultiplier,tree_75,no,0.05,2
5.621111653599875e-4,0.5028510890283725,0.9206202933136269,SSFrac,tree_75,no,0.05,2
1.4719840410807914,1.5365320405924376,1.601202997001155,Re,tree_75,no,0.05,2
1.000990206227878,2.3168565217051658,3.7479245921922186,ReMultiplier,tree_76.log,yes,0.05,2
0.03270236441992889,0.05089628647969629,0.07121476654223481,SSFrac,tree_76.log,yes,0.05,2
1.389894505479703,1.4622098161707844,1.5333105052806173,Re,tree_76.log,yes,0.05,2
1.0004080248190426,6.781778111347687,21.31230463393969,ReMultiplier,tree_76,no,0.05,2
0.16711221059965256,0.5200988038022137,0.9888651239906117,SSFrac,tree_76,no,0.05,2
1.3888469042669664,1.4480835928733617,1.5093302409254552,Re,tree_76,no,0.05,2
1.0003848425928878,2.8686828210867965,4.580963574164365,ReMultiplier,tree_77.log,yes,0.05,2
0.03642347669061645,0.05475676837567947,0.07595856601098613,SSFrac,tree_77.log,yes,0.05,2
1.4426209611332004,1.503579011994566,1.5705837121648385,Re,tree_77.log,yes,0.05,2
1.0027000330639309,7.244902732721949,20.555958902426028,ReMultiplier,tree_77,no,0.05,2
0.12603338470121783,0.43516374475040664,0.8714906331481754,SSFrac,tree_77,no,0.05,2
1.435895436581444,1.4989693883887383,1.5647714103496255,Re,tree_77,no,0.05,2
1.0012750159043973,2.528028220462385,4.100528125430325,ReMultiplier,tree_78.log,yes,0.05,2
0.04551633908038035,0.06596928821892145,0.08906907753411544,SSFrac,tree_78.log,yes,0.05,2
1.4202835375794018,1.481611638542951,1.5445950516750915,Re,tree_78.log,yes,0.05,2
1.0554002671303784,8.40443883776797,22.94476435668332,ReMultiplier,tree_78,no,0.05,2
0.1506986461361182,0.4505381610581695,0.8388055465194943,SSFrac,tree_78,no,0.05,2
1.4147828438722478,1.479829076116874,1.5429088205273513,Re,tree_78,no,0.05,2
1.729734245030883,3.7658465258051343,5.819782956994432,ReMultiplier,tree_79.log,yes,0.05,2
0.025402354036451344,0.04127179263260655,0.05958100562536529,SSFrac,tree_79.log,yes,0.05,2
1.3913297069259867,1.4578312701209342,1.5237369998934396,Re,tree_79.log,yes,0.05,2
1.0101544003046226,6.385321708891762,18.986058132391125,ReMultiplier,tree_79,no,0.05,2
0.022193236287066914,0.4529050588395789,0.798202446177228,SSFrac,tree_79,no,0.05,2
1.3894738557101307,1.455992974992287,1.5219487096761102,Re,tree_79,no,0.05,2
1.0182617092207147,2.933207254885188,4.6496578516268565,ReMultiplier,tree_7.log,yes,0.05,2
0.04459612813403233,0.06509277895345231,0.087304417042814,SSFrac,tree_7.log,yes,0.05,2
1.4530062094758078,1.5219266751489118,1.5857605792795864,Re,tree_7.log,yes,0.05,2
1.000182318485507,3.6308082652811144,10.80230014744485,ReMultiplier,tree_7,no,0.05,2
7.813620423115498e-7,0.36532909424103904,0.8586478676242522,SSFrac,tree_7,no,0.05,2
1.454337845913789,1.5247633540000438,1.5903202052468328,Re,tree_7,no,0.05,2
1.000097587124823,2.1722011951633995,3.682970345579071,ReMultiplier,tree_80.log,yes,0.05,2
0.04414861270456506,0.0650153191866725,0.08783985349847859,SSFrac,tree_80.log,yes,0.05,2
1.4425883043903567,1.5024967493354218,1.5617943733278183,Re,tree_80.log,yes,0.05,2
1.018102821802396,9.179137125318,24.3625639238311,ReMultiplier,tree_80,no,0.05,2
0.18745220750098093,0.4885661685790327,0.9071375909915835,SSFrac,tree_80,no,0.05,2
1.439416569007136,1.4992292192000995,1.5609379755024624,Re,tree_80,no,0.05,2
1.0003020344156417,2.548188405963212,4.158905749414902,ReMultiplier,tree_81.log,yes,0.05,2
0.03329233561955379,0.05178892081819394,0.07250831189893645,SSFrac,tree_81.log,yes,0.05,2
1.4092387183257382,1.4698616519148533,1.533482458424555,Re,tree_81.log,yes,0.05,2
1.000074374914672,7.008964018928543,24.208228123931796,ReMultiplier,tree_81,no,0.05,2
0.15049789319760537,0.4634849549755098,0.9697397545235339,SSFrac,tree_81,no,0.05,2
1.404727396018981,1.4747256806339655,1.5488482345352188,Re,tree_81,no,0.05,2
1.0002736685141838,2.4948097316929863,4.19703923338983,ReMultiplier,tree_82.log,yes,0.05,2
0.03865005820544968,0.0580572592370895,0.07847709256927325,SSFrac,tree_82.log,yes,0.05,2
1.4231398410865783,1.4931162398092068,1.5681999848982673,Re,tree_82.log,yes,0.05,2
1.0001438223726098,2.9186779937917735,10.587635956213632,ReMultiplier,tree_82,no,0.05,2
6.0874926486098744e-5,0.4808115987126809,0.9378642523287953,SSFrac,tree_82,no,0.05,2
1.420564710933532,1.489732946743437,1.5604984094021925,Re,tree_82,no,0.05,2
1.000356182654407,2.070789103494828,3.449695094186344,ReMultiplier,tree_83.log,yes,0.05,2
0.038785970843392574,0.057450598993319474,0.07951856975492021,SSFrac,tree_83.log,yes,0.05,2
1.4028525773975875,1.4602770107499516,1.5177991739052956,Re,tree_83.log,yes,0.05,2
1.0010915287879472,3.8636126180798653,14.43679979250933,ReMultiplier,tree_83,no,0.05,2
0.1043845391245053,0.5688346832052982,0.999140685151814,SSFrac,tree_83,no,0.05,2
1.4043563933831211,1.460642109989493,1.521091148629513,Re,tree_83,no,0.05,2
2.0796084359854596,3.9894331300517134,5.97292345476503,ReMultiplier,tree_84.log,yes,0.05,2
0.03669104814664657,0.05489146301117105,0.07526269602551192,SSFrac,tree_84.log,yes,0.05,2
1.4546624001555317,1.5352699799064782,1.615582257210918,Re,tree_84.log,yes,0.05,2
1.0019204575437535,4.063893127245148,15.935363503297394,ReMultiplier,tree_84,no,0.05,2
0.003109013560986875,0.3852543392886652,0.8450300648085355,SSFrac,tree_84,no,0.05,2
1.4487407993876433,1.5254390275382101,1.604420423333279,Re,tree_84,no,0.05,2
1.000031397531836,1.95563218931883,3.4501413797414995,ReMultiplier,tree_85.log,yes,0.05,2
0.031931179685830535,0.05018321097797962,0.07042537308139182,SSFrac,tree_85.log,yes,0.05,2
1.4121800032420828,1.476882426829444,1.5450016814219383,Re,tree_85.log,yes,0.05,2
1.000965427906341,5.617004159024955,18.639785809865455,ReMultiplier,tree_85,no,0.05,2
0.08304808677408063,0.5432984544513129,0.9747520808831946,SSFrac,tree_85,no,0.05,2
1.4090578526663107,1.4762213273788758,1.541226905851338,Re,tree_85,no,0.05,2
1.0001886340911852,1.9040207950156722,3.429447769513961,ReMultiplier,tree_86.log,yes,0.05,2
0.02698277882369588,0.04382968682576184,0.06348688646858724,SSFrac,tree_86.log,yes,0.05,2
1.4163117731294663,1.4844857035815577,1.5538486577045119,Re,tree_86.log,yes,0.05,2
1.0328489446832723,11.14025997735812,26.622352376027262,ReMultiplier,tree_86,no,0.05,2
0.20238948505658397,0.4658320109410846,0.8016760503683289,SSFrac,tree_86,no,0.05,2
1.4122031796212118,1.4797735363414941,1.5443572171686843,Re,tree_86,no,0.05,2
1.0000581872073517,2.0777053266033194,3.691005446304207,ReMultiplier,tree_87.log,yes,0.05,2
0.014166021301058318,0.026663322483659813,0.042410488531601835,SSFrac,tree_87.log,yes,0.05,2
1.420467322399226,1.4860558071351209,1.5530686035371186,Re,tree_87.log,yes,0.05,2
1.000033722476417,1.8578080296289976,9.381174265609513,ReMultiplier,tree_87,no,0.05,2
4.122707710046081e-4,0.6729085864432879,0.9820722460782269,SSFrac,tree_87,no,0.05,2
1.4237882070989052,1.4990303947694301,1.5783604565599456,Re,tree_87,no,0.05,2
1.0002742324468492,2.4558924075342525,4.170256669361634,ReMultiplier,tree_88.log,yes,0.05,2
0.023670085251017707,0.039842376132366984,0.05797502142729374,SSFrac,tree_88.log,yes,0.05,2
1.4289726697123606,1.4909425779972334,1.5527381345868438,Re,tree_88.log,yes,0.05,2
1.0001666807552627,3.9923687522590896,14.757686866072584,ReMultiplier,tree_88,no,0.05,2
0.0789676870012952,0.5441664036436751,0.9861761394813364,SSFrac,tree_88,no,0.05,2
1.4278908756750526,1.491825836282875,1.55168866184577,Re,tree_88,no,0.05,2
1.0000118714826287,1.9853830755238182,3.6082204517649608,ReMultiplier,tree_89.log,yes,0.05,2
0.048936996167497165,0.0704366618295598,0.09374731879574133,SSFrac,tree_89.log,yes,0.05,2
1.4369115852758383,1.4929471657885913,1.5509229384742422,Re,tree_89.log,yes,0.05,2
1.0000253138662245,2.4233599982950387,13.852560186861162,ReMultiplier,tree_89,no,0.05,2
0.047951796274522146,0.611196796676235,0.9998224669789642,SSFrac,tree_89,no,0.05,2
1.4466552293644095,1.515931982218572,1.5916897415239182,Re,tree_89,no,0.05,2
1.131216978115364,2.6613029486829207,4.036477777764483,ReMultiplier,tree_8.log,yes,0.05,2
0.04513041551790036,0.06468037717613023,0.08756755924334995,SSFrac,tree_8.log,yes,0.05,2
1.4301897944171174,1.5060227800939927,1.578839069907818,Re,tree_8.log,yes,0.05,2
1.0003998740640725,5.294387714854955,17.303533233475026,ReMultiplier,tree_8,no,0.05,2
0.09273797748404945,0.5195557471249654,0.938197063334034,SSFrac,tree_8,no,0.05,2
1.4267932522620512,1.4880760831358648,1.5557958675977288,Re,tree_8,no,0.05,2
1.0000487628985866,1.5485603457173402,2.550413035374976,ReMultiplier,tree_90.log,yes,0.05,2
0.03606240554182209,0.05458271764978927,0.07557155830788995,SSFrac,tree_90.log,yes,0.05,2
1.4492110613654368,1.5225146994187744,1.5934598334854302,Re,tree_90.log,yes,0.05,2
1.000004920173954,3.186268263424077,14.102181354467774,ReMultiplier,tree_90,no,0.05,2
0.05728017830076973,0.6177855528975911,0.9999074269198475,SSFrac,tree_90,no,0.05,2
1.4461217748467936,1.508394359072258,1.571967724016235,Re,tree_90,no,0.05,2
1.0000781911522523,1.8647250920448157,3.236252130580326,ReMultiplier,tree_91.log,yes,0.05,2
0.04150425063919487,0.06178053063059044,0.08454243331153041,SSFrac,tree_91.log,yes,0.05,2
1.4201543067245677,1.4831095000218522,1.549023618490633,Re,tree_91.log,yes,0.05,2
1.0008861373702027,6.5768143866079996,20.11828168190383,ReMultiplier,tree_91,no,0.05,2
0.1762057000724118,0.5378590903708003,0.998556722887753,SSFrac,tree_91,no,0.05,2
1.4160703523034532,1.4803552820197239,1.5461551445407151,Re,tree_91,no,0.05,2
1.0000674355495252,2.2955854079271454,3.834908553084713,ReMultiplier,tree_92.log,yes,0.05,2
0.042730750836965745,0.061118883849880803,0.08330841918168393,SSFrac,tree_92.log,yes,0.05,2
1.4763096141949896,1.5447411781164733,1.611170208266988,Re,tree_92.log,yes,0.05,2
1.000048818839523,8.159177077524856,25.43426631953901,ReMultiplier,tree_92,no,0.05,2
0.14815606190941918,0.4995126064823479,0.99994887467735,SSFrac,tree_92,no,0.05,2
1.4711865805678241,1.547292231561463,1.6228353038129708,Re,tree_92,no,0.05,2
1.21428276057647,2.9692360484574625,4.828372510170886,ReMultiplier,tree_93.log,yes,0.05,2
0.04030116510780226,0.05964966470857952,0.08134374029297098,SSFrac,tree_93.log,yes,0.05,2
1.4412453196366033,1.4990049725029844,1.5603918234883314,Re,tree_93.log,yes,0.05,2
1.0027488430460918,10.673794792649925,25.72280879214758,ReMultiplier,tree_93,no,0.05,2
0.16297941416459746,0.4161019752165253,0.7800188404044093,SSFrac,tree_93,no,0.05,2
1.435662538640811,1.4953826293302406,1.55539700915164,Re,tree_93,no,0.05,2
1.0019700482536684,2.2138359053505026,3.618148240506676,ReMultiplier,tree_94.log,yes,0.05,2
0.04829896045310162,0.07014067351265874,0.09263102308494153,SSFrac,tree_94.log,yes,0.05,2
1.434430515217286,1.5084169136276855,1.5739327738585762,Re,tree_94.log,yes,0.05,2
1.0510389769991901,11.752724258289746,27.51216229330432,ReMultiplier,tree_94,no,0.05,2
0.16320190441372442,0.3904854126511641,0.7278857710339205,SSFrac,tree_94,no,0.05,2
1.4293611726152318,1.4972368096187423,1.562059368165865,Re,tree_94,no,0.05,2
1.535549982059226,4.092792305400551,6.3499686981013586,ReMultiplier,tree_95.log,yes,0.05,2
0.0326268129132528,0.0511107972343182,0.07128162142880871,SSFrac,tree_95.log,yes,0.05,2
1.4313750854282052,1.4904243901159577,1.5511864178792085,Re,tree_95.log,yes,0.05,2
1.1680983052028708,5.378482434812026,14.097980014286728,ReMultiplier,tree_95,no,0.05,2
0.02954622223263139,0.2959131206987218,0.6916142005200253,SSFrac,tree_95,no,0.05,2
1.4309475219240382,1.492719101199728,1.5519682557237113,Re,tree_95,no,0.05,2
1.0359659790757163,2.7856501756234606,4.494477518423996,ReMultiplier,tree_96.log,yes,0.05,2
0.034341357436644675,0.05308849145362774,0.07402491682505959,SSFrac,tree_96.log,yes,0.05,2
1.3805168537327397,1.4359507596854748,1.4980076003377552,Re,tree_96.log,yes,0.05,2
1.0048226532230802,10.362819382131075,25.79643619468754,ReMultiplier,tree_96,no,0.05,2
0.16567209969200405,0.44462679322759113,0.8228877112729862,SSFrac,tree_96,no,0.05,2
1.373536865320966,1.433742167641554,1.493229712992756,Re,tree_96,no,0.05,2
1.2737184814532985,2.9725873226735313,4.691649296899625,ReMultiplier,tree_97.log,yes,0.05,2
0.026992749952362945,0.04312693887072697,0.0625661356789613,SSFrac,tree_97.log,yes,0.05,2
1.4031947457583305,1.4745248926329135,1.551637906951452,Re,tree_97.log,yes,0.05,2
1.0106535887165693,10.47757863538132,26.02232297898582,ReMultiplier,tree_97,no,0.05,2
0.16843882110224506,0.4265605188675905,0.7930367415841069,SSFrac,tree_97,no,0.05,2
1.3999889311961415,1.4645637318869986,1.5287033021193386,Re,tree_97,no,0.05,2
1.0002950192764748,1.3470882637601336,2.2898073337204288,ReMultiplier,tree_98.log,yes,0.05,2
0.03918690361831761,0.05927363964822245,0.08032417095888704,SSFrac,tree_98.log,yes,0.05,2
1.3954833648344545,1.4633267464731547,1.5367999168635167,Re,tree_98.log,yes,0.05,2
1.0002275738628679,2.2461117686098104,12.12530826091127,ReMultiplier,tree_98,no,0.05,2
0.03929708933274546,0.6408177843292622,0.9999405483159826,SSFrac,tree_98,no,0.05,2
1.3931480301747685,1.4626643460399915,1.5349996104950414,Re,tree_98,no,0.05,2
1.0001352579896827,1.6126409108716346,2.968456746799153,ReMultiplier,tree_99.log,yes,0.05,2
0.03854757966744772,0.05794693243404869,0.07944478761861702,SSFrac,tree_99.log,yes,0.05,2
1.4635484471996576,1.5289324074292168,1.589267714277395,Re,tree_99.log,yes,0.05,2
1.000108983680092,6.91375598775158,20.92963452036465,ReMultiplier,tree_99,no,0.05,2
0.18741505302228617,0.5202563835691596,0.9918519527393994,SSFrac,tree_99,no,0.05,2
1.4607480613614503,1.525430925178937,1.5882863921619352,Re,tree_99,no,0.05,2
1.9878059089947198,4.118425280128376,6.167176657381159,ReMultiplier,tree_9.log,yes,0.05,2
0.027737256954562764,0.045579277349477254,0.06358583886300839,SSFrac,tree_9.log,yes,0.05,2
1.427180629303715,1.4902029482479073,1.5538333968718805,Re,tree_9.log,yes,0.05,2
1.0001298422174214,2.9668794046692115,12.443185047943004,ReMultiplier,tree_9,no,0.05,2
2.1037791280970408e-4,0.5124669110628381,0.9500776966236228,SSFrac,tree_9,no,0.05,2
1.4303180213659707,1.5003651431174665,1.5683082806795248,Re,tree_9,no,0.05,2
6.565155548658338,15.228864260509244,28.48651312923614,ReMultiplier,tree_0.log,yes,0.25,10
0.19656914114366741,0.23223529145388672,0.26933989173406797,SSFrac,tree_0.log,yes,0.25,10
1.407305360530222,1.490678066386844,1.5750181101841052,Re,tree_0.log,yes,0.25,10
7.3575063772491465,18.859889553821013,35.28006401759517,ReMultiplier,tree_0,no,0.25,10
0.07079379116775589,0.15108378931767263,0.2563257303551476,SSFrac,tree_0,no,0.25,10
1.409193707480301,1.4950251432490014,1.5838372338867759,Re,tree_0,no,0.25,10
3.3306953927677116,10.228454711537488,21.708605523115104,ReMultiplier,tree_10.log,yes,0.25,10
0.26295286233354603,0.3027034032608339,0.3426034328717926,SSFrac,tree_10.log,yes,0.25,10
1.571102847897205,1.65456891757753,1.7466478951847961,Re,tree_10.log,yes,0.25,10
2.2062457617884106,8.292165082417075,20.09010843083385,ReMultiplier,tree_10,no,0.25,10
0.12563029703248516,0.3225744891432054,0.6109396717914064,SSFrac,tree_10,no,0.25,10
1.5706877618143913,1.655625234355967,1.7435472946440331,Re,tree_10,no,0.25,10
4.895667805697044,11.204918191655624,21.46256848504726,ReMultiplier,tree_11.log,yes,0.25,10
0.20732992137273368,0.24469486760447823,0.2820123681198748,SSFrac,tree_11.log,yes,0.25,10
1.3548021617079973,1.4402785959002264,1.5246728542216963,Re,tree_11.log,yes,0.25,10
4.334439093948507,11.180901490484574,24.04628950940693,ReMultiplier,tree_11,no,0.25,10
0.08985468525320743,0.18317548171948092,0.31818808347072225,SSFrac,tree_11,no,0.25,10
1.345215566267601,1.4339705309504074,1.5212817252682316,Re,tree_11,no,0.25,10
5.0600331444429605,10.188234761096577,17.09429855847374,ReMultiplier,tree_12.log,yes,0.25,10
0.20367067663403646,0.23893627030398623,0.2764620043283798,SSFrac,tree_12.log,yes,0.25,10
1.376112636703051,1.4597095135853473,1.546598247177835,Re,tree_12.log,yes,0.25,10
4.446977179227342,11.62219504946761,21.85396399891577,ReMultiplier,tree_12,no,0.25,10
0.06817285094749174,0.1453466610102444,0.26159113998660977,SSFrac,tree_12,no,0.25,10
1.3587686925634732,1.4469374616319233,1.5428292255128342,Re,tree_12,no,0.25,10
4.069180657253337,10.171400716416414,21.453854512944474,ReMultiplier,tree_13.log,yes,0.25,10
0.24151858858082803,0.27895078776155785,0.319236856073522,SSFrac,tree_13.log,yes,0.25,10
1.4960575952062758,1.5876898284694967,1.6796494104914257,Re,tree_13.log,yes,0.25,10
4.15457986416091,11.73135079763934,24.69381375805193,ReMultiplier,tree_13,no,0.25,10
0.08289442307471077,0.1999368901576034,0.3645280525457857,SSFrac,tree_13,no,0.25,10
1.4896802375586031,1.58119795305669,1.6795238498802028,Re,tree_13,no,0.25,10
5.506441896077562,11.017382098496338,20.052540870171065,ReMultiplier,tree_14.log,yes,0.25,10
0.2424209242289282,0.28149527992129103,0.3203619859971355,SSFrac,tree_14.log,yes,0.25,10
1.3905312052535317,1.472248844951237,1.5597396754051485,Re,tree_14.log,yes,0.25,10
5.706120817414371,12.43762353685111,23.26132908976766,ReMultiplier,tree_14,no,0.25,10
0.07154786024219649,0.13581102932623507,0.2248910612510527,SSFrac,tree_14,no,0.25,10
1.381674080820733,1.4641983270221195,1.5579069692681689,Re,tree_14,no,0.25,10
4.35310107073525,8.8804182767742,16.40462354918256,ReMultiplier,tree_15.log,yes,0.25,10
0.21638219827985872,0.25290772049972843,0.28945483009147566,SSFrac,tree_15.log,yes,0.25,10
1.4173294542689603,1.5166388655017595,1.6173107101344915,Re,tree_15.log,yes,0.25,10
4.841228366696236,11.023233230628524,21.275392332636084,ReMultiplier,tree_15,no,0.25,10
0.09205575123425319,0.17847854151050144,0.3011242964593159,SSFrac,tree_15,no,0.25,10
1.4114850534093824,1.5060625467340485,1.5986279756797301,Re,tree_15,no,0.25,10
4.772961818891155,11.855343384555354,22.932494391494217,ReMultiplier,tree_16.log,yes,0.25,10
0.21657618440709855,0.25354894914040893,0.2912381410562252,SSFrac,tree_16.log,yes,0.25,10
1.430930165740149,1.5265836898580591,1.6218372449956295,Re,tree_16.log,yes,0.25,10
6.783321395714614,16.6165045631968,31.531173515250895,ReMultiplier,tree_16,no,0.25,10
0.08282026626308213,0.17141387358691024,0.2959747910452135,SSFrac,tree_16,no,0.25,10
1.4401081330748797,1.5247152884228325,1.6062653558281825,Re,tree_16,no,0.25,10
4.433760132912858,9.7528573965816,18.47499663199069,ReMultiplier,tree_17.log,yes,0.25,10
0.23686487233160453,0.27522273950826415,0.31397776415908363,SSFrac,tree_17.log,yes,0.25,10
1.4209432673011169,1.518007365034939,1.6175633213843303,Re,tree_17.log,yes,0.25,10
5.1895485429300345,11.736744077563356,22.352173578294767,ReMultiplier,tree_17,no,0.25,10
0.07467267932043052,0.14860579617090913,0.24683947791021382,SSFrac,tree_17,no,0.25,10
1.4120212289190344,1.5117305500449483,1.6108251709809622,Re,tree_17,no,0.25,10
4.02607139695855,13.175097708285305,26.21549521591905,ReMultiplier,tree_18.log,yes,0.25,10
0.20324224334671592,0.24047088699519015,0.27638783464352346,SSFrac,tree_18.log,yes,0.25,10
1.3989565738117171,1.4796841866253345,1.561990050496919,Re,tree_18.log,yes,0.25,10
3.6071273231761483,11.218648602445931,24.879973336895585,ReMultiplier,tree_18,no,0.25,10
0.11886843334205652,0.2627808465635406,0.45008212730654074,SSFrac,tree_18,no,0.25,10
1.4017585504437389,1.4831591220662483,1.5634240764243605,Re,tree_18,no,0.25,10
6.192978572423272,15.930128557723199,29.156319057856173,ReMultiplier,tree_19.log,yes,0.25,10
0.2114598419878731,0.2472127101735175,0.28553332381290447,SSFrac,tree_19.log,yes,0.25,10
1.357409208137702,1.4497451869928524,1.5401449955204318,Re,tree_19.log,yes,0.25,10
6.983320508680163,18.888349323916415,35.570943721040656,ReMultiplier,tree_19,no,0.25,10
0.09559122009793754,0.18354074159321068,0.3058026087864781,SSFrac,tree_19,no,0.25,10
1.3552914832652572,1.4492927496257406,1.5411499148048033,Re,tree_19,no,0.25,10
5.079129266083025,9.89886949924626,17.720968914193087,ReMultiplier,tree_1.log,yes,0.25,10
0.17529904782515915,0.2097560669427195,0.24523447248907562,SSFrac,tree_1.log,yes,0.25,10
1.2961895186046495,1.3798333349293435,1.4567379171385293,Re,tree_1.log,yes,0.25,10
5.081977422850067,10.963985808358586,20.905454004447833,ReMultiplier,tree_1,no,0.25,10
0.07760672508131435,0.15300321303709713,0.26442516214571815,SSFrac,tree_1,no,0.25,10
1.2999766024986956,1.377503663200972,1.4647147103540088,Re,tree_1,no,0.25,10
4.413114082332066,10.300382819620069,20.31644453438586,ReMultiplier,tree_20.log,yes,0.25,10
0.21797481510860414,0.25489150874611666,0.2932114253187835,SSFrac,tree_20.log,yes,0.25,10
1.4538004217792944,1.5419034398006843,1.6364938003449367,Re,tree_20.log,yes,0.25,10
5.596265527259041,13.025964754165797,26.415439889266494,ReMultiplier,tree_20,no,0.25,10
0.09584544122434126,0.18642606076150947,0.3197172505659591,SSFrac,tree_20,no,0.25,10
1.451549569443821,1.534001530893215,1.6238477913046607,Re,tree_20,no,0.25,10
5.5796514701769535,15.872737076516692,31.34792450045818,ReMultiplier,tree_21.log,yes,0.25,10
0.20692275933552837,0.24193801176844443,0.28077877283914954,SSFrac,tree_21.log,yes,0.25,10
1.4496127142625383,1.5369762236350166,1.6287783140606522,Re,tree_21.log,yes,0.25,10
4.891087717312287,15.434888727072625,31.405743650082247,ReMultiplier,tree_21,no,0.25,10
0.12248551207466461,0.2572104681563432,0.4309913032038557,SSFrac,tree_21,no,0.25,10
1.446602384131524,1.5369713227414614,1.62702593204189,Re,tree_21,no,0.25,10
3.6736513638667057,8.774903384594566,17.091706931794796,ReMultiplier,tree_22.log,yes,0.25,10
0.213203523818624,0.24882240271440786,0.2875314182996112,SSFrac,tree_22.log,yes,0.25,10
1.430396599248239,1.521540104008667,1.61105592600248,Re,tree_22.log,yes,0.25,10
3.366670963846175,7.968659182408883,17.847510561937924,ReMultiplier,tree_22,no,0.25,10
0.06898178664458286,0.19861691859571878,0.38985086839285055,SSFrac,tree_22,no,0.25,10
1.4327913385829454,1.5235740516526115,1.6143628811348993,Re,tree_22,no,0.25,10
2.916363292225281,9.832672151373114,22.26142239995017,ReMultiplier,tree_23.log,yes,0.25,10
0.19252150933062612,0.22898836306746767,0.26393786325268387,SSFrac,tree_23.log,yes,0.25,10
1.4490581279367014,1.5409091946666829,1.637136793047507,Re,tree_23.log,yes,0.25,10
2.101933260524984,5.980664371986213,15.1083934290686,ReMultiplier,tree_23,no,0.25,10
0.0951835688884529,0.3184171592572389,0.6015279644811985,SSFrac,tree_23,no,0.25,10
1.4466830003421398,1.5462372630241548,1.6465248804407182,Re,tree_23,no,0.25,10
4.337250091369777,12.230946197510324,24.878892434219154,ReMultiplier,tree_24.log,yes,0.25,10
0.22384598110528517,0.259812136051499,0.2984767755857236,SSFrac,tree_24.log,yes,0.25,10
1.350857699792407,1.4389950034441044,1.5315954256862907,Re,tree_24.log,yes,0.25,10
3.3140714199480645,12.7370450408222,27.517389664780147,ReMultiplier,tree_24,no,0.25,10
0.12133345453492034,0.26228439021067285,0.4737229118267605,SSFrac,tree_24,no,0.25,10
1.3536443737303019,1.4456297247793248,1.5309175647106232,Re,tree_24,no,0.25,10
3.4992842564320186,6.602587217618852,11.525369995207857,ReMultiplier,tree_25.log,yes,0.25,10
0.15090395111676486,0.1827261020228205,0.2159463608907976,SSFrac,tree_25.log,yes,0.25,10
1.467466443672687,1.5719267750853585,1.672442263479025,Re,tree_25.log,yes,0.25,10
3.470640263899776,7.024834121769567,13.970656302414742,ReMultiplier,tree_25,no,0.25,10
0.07049097504693064,0.19319054650502676,0.37828413768285957,SSFrac,tree_25,no,0.25,10
1.475821551231479,1.5745709442958105,1.6707221078297332,Re,tree_25,no,0.25,10
5.267834956934791,15.772302835155159,30.0197110048916,ReMultiplier,tree_26.log,yes,0.25,10
0.21943142040925226,0.2537267983085217,0.2933827204928458,SSFrac,tree_26.log,yes,0.25,10
1.394585568590505,1.4800972356187105,1.5749612750626167,Re,tree_26.log,yes,0.25,10
6.828834071902021,17.363964378827433,34.02426644675679,ReMultiplier,tree_26,no,0.25,10
0.10205736048951415,0.20597700621773324,0.34948974015544504,SSFrac,tree_26,no,0.25,10
1.3971602733620292,1.4834367069468462,1.5658407417483917,Re,tree_26,no,0.25,10
6.961502326968727,14.552875786148913,26.142299407490245,ReMultiplier,tree_27.log,yes,0.25,10
0.1862875495789818,0.22201182090453858,0.2579578474980494,SSFrac,tree_27.log,yes,0.25,10
1.378928740567512,1.4652987327618736,1.5555329335691794,Re,tree_27.log,yes,0.25,10
7.030219130365118,15.765838528027258,29.396219398013283,ReMultiplier,tree_27,no,0.25,10
0.07224626757760136,0.1374412793303802,0.22917142574104,SSFrac,tree_27,no,0.25,10
1.3791963440058261,1.4633477418929877,1.5587008896172003,Re,tree_27,no,0.25,10
4.282251948888456,9.597131725003997,18.855025430511922,ReMultiplier,tree_28.log,yes,0.25,10
0.23865110794832856,0.2768712701850342,0.314937411625866,SSFrac,tree_28.log,yes,0.25,10
1.324737699658639,1.4064000476227327,1.487380654564578,Re,tree_28.log,yes,0.25,10
4.824315346301103,10.31136518795311,21.014588035515555,ReMultiplier,tree_28,no,0.25,10
0.08380909296000019,0.17805359067539267,0.3140891691545365,SSFrac,tree_28,no,0.25,10
1.3204666512408765,1.4043057873439628,1.4883967146313783,Re,tree_28,no,0.25,10
5.737486332212156,12.293174834309038,22.83239818012165,ReMultiplier,tree_29.log,yes,0.25,10
0.21591650535735274,0.2534194983290989,0.29146589671480627,SSFrac,tree_29.log,yes,0.25,10
1.3676766126238855,1.4621604343386103,1.5497959114124171,Re,tree_29.log,yes,0.25,10
5.573707531693819,13.657221499036316,26.434163391909955,ReMultiplier,tree_29,no,0.25,10
0.0915849322308622,0.17167835744507706,0.28534431905526725,SSFrac,tree_29,no,0.25,10
1.3669567272915617,1.4589993812815432,1.5474471345684995,Re,tree_29,no,0.25,10
6.603212658921825,12.744626653669137,23.270582900639326,ReMultiplier,tree_2.log,yes,0.25,10
0.22711221273676166,0.26687053898159996,0.3043662076212607,SSFrac,tree_2.log,yes,0.25,10
1.3560363199923524,1.43498227042225,1.5224027055172804,Re,tree_2.log,yes,0.25,10
7.584323519657687,16.38539832563079,30.745189298962494,ReMultiplier,tree_2,no,0.25,10
0.06123796869038808,0.11937629450791393,0.19593341501552985,SSFrac,tree_2,no,0.25,10
1.3461475122539899,1.4349971545017435,1.5185182326451192,Re,tree_2,no,0.25,10
5.537730009935411,14.279503784927066,27.75447394679916,ReMultiplier,tree_30.log,yes,0.25,10
0.21784073845691904,0.25382339273186527,0.29190610260986755,SSFrac,tree_30.log,yes,0.25,10
1.4353251274841823,1.5264967100321531,1.6211260546633635,Re,tree_30.log,yes,0.25,10
5.62291594704635,15.173035575886857,29.540451238550418,ReMultiplier,tree_30,no,0.25,10
0.09963038074263858,0.1987141691724239,0.3465866802437091,SSFrac,tree_30,no,0.25,10
1.425710654179678,1.5196665206565259,1.6152839959706125,Re,tree_30,no,0.25,10
3.767101240795783,8.837269510487683,16.904774874614798,ReMultiplier,tree_31.log,yes,0.25,10
0.22097486625729607,0.2578548943851923,0.29612394520139484,SSFrac,tree_31.log,yes,0.25,10
1.3356527626319241,1.4187550770527713,1.5061940082546013,Re,tree_31.log,yes,0.25,10
4.612122837515807,9.753101746619695,19.33459756550479,ReMultiplier,tree_31,no,0.25,10
0.08634390728852466,0.1770135787999334,0.30976161096091626,SSFrac,tree_31,no,0.25,10
1.3341369994239183,1.4198950389093625,1.5108181225105441,Re,tree_31,no,0.25,10
3.891970684091005,7.201888265138679,11.879672496611992,ReMultiplier,tree_32.log,yes,0.25,10
0.18348218098053132,0.21747295221011864,0.25319189040170414,SSFrac,tree_32.log,yes,0.25,10
1.3683488399650352,1.4674414670125018,1.563155662129524,Re,tree_32.log,yes,0.25,10
5.711711016935559,10.891953981318341,19.079223274709133,ReMultiplier,tree_32,no,0.25,10
0.06639596925032551,0.12269419290101327,0.2007491391129478,SSFrac,tree_32,no,0.25,10
1.373135632857483,1.4607278549641105,1.5530602085898213,Re,tree_32,no,0.25,10
5.870412478894415,16.598484437833687,32.764415697564154,ReMultiplier,tree_33.log,yes,0.25,10
0.22129245172734438,0.2571591374488863,0.29550773208146774,SSFrac,tree_33.log,yes,0.25,10
1.3880427882447888,1.4750428097056338,1.557316008157446,Re,tree_33.log,yes,0.25,10
4.412053038715105,15.919979991872893,32.4481583952574,ReMultiplier,tree_33,no,0.25,10
0.1182686049413107,0.23845917056604057,0.41188412201689495,SSFrac,tree_33,no,0.25,10
1.3856670161647886,1.4720181251696582,1.5547238085556945,Re,tree_33,no,0.25,10
5.575565140982495,12.55268371429458,23.39472623223997,ReMultiplier,tree_34.log,yes,0.25,10
0.24272600728686355,0.2792525875376719,0.32126678943546905,SSFrac,tree_34.log,yes,0.25,10
1.403072916091276,1.489827426343231,1.573328124975983,Re,tree_34.log,yes,0.25,10
4.6161935702491395,12.522688294816994,25.716916041693782,ReMultiplier,tree_34,no,0.25,10
0.098007932054741,0.20205616702304086,0.35223147964678675,SSFrac,tree_34,no,0.25,10
1.4020029386833617,1.4883940874433104,1.571008125743689,Re,tree_34,no,0.25,10
6.054161249057936,12.918956097625848,24.297185338164457,ReMultiplier,tree_35.log,yes,0.25,10
0.24672879193033043,0.28283622282712817,0.3235835371059364,SSFrac,tree_35.log,yes,0.25,10
1.3965101040699048,1.4894284686281956,1.5738785737053076,Re,tree_35.log,yes,0.25,10
8.17272742873617,17.83910980034482,32.83598904877091,ReMultiplier,tree_35,no,0.25,10
0.06236942507069768,0.13029290299826846,0.22133419562236864,SSFrac,tree_35,no,0.25,10
1.3898232000153374,1.482867315348152,1.5731126402405677,Re,tree_35,no,0.25,10
3.968901310609281,12.290074050010315,25.927215759333627,ReMultiplier,tree_36.log,yes,0.25,10
0.22263072431764827,0.2596997383719488,0.29768103196226126,SSFrac,tree_36.log,yes,0.25,10
1.384024659789963,1.4854060378624268,1.576173491769094,Re,tree_36.log,yes,0.25,10
5.48105140132053,16.724648864480145,33.01640631518888,ReMultiplier,tree_36,no,0.25,10
0.09051038157842439,0.18991667565934794,0.323535901243036,SSFrac,tree_36,no,0.25,10
1.3987020792239546,1.4857693413393318,1.5735678814177663,Re,tree_36,no,0.25,10
2.369726178728759,4.981465411452399,10.871452090186448,ReMultiplier,tree_37.log,yes,0.25,10
0.22186608540002484,0.2580358492129303,0.2971770633773193,SSFrac,tree_37.log,yes,0.25,10
1.360952783964254,1.4554910319150518,1.546663003990719,Re,tree_37.log,yes,0.25,10
3.167999176624659,10.501326697862783,23.194165034816468,ReMultiplier,tree_37,no,0.25,10
0.13782584749749383,0.2905717288054912,0.5054761752177709,SSFrac,tree_37,no,0.25,10
1.3580597217021058,1.4429343394709062,1.5278563461444157,Re,tree_37,no,0.25,10
3.5570204917513584,8.59106950115256,17.112487935949247,ReMultiplier,tree_38.log,yes,0.25,10
0.23089226161753035,0.2711714508905432,0.3082884877062659,SSFrac,tree_38.log,yes,0.25,10
1.4322422371177992,1.509762118291882,1.5896994049492028,Re,tree_38.log,yes,0.25,10
3.7899007833619693,9.390225500026713,19.31924200908558,ReMultiplier,tree_38,no,0.25,10
0.0726105190394256,0.17849495613478936,0.32985825408770236,SSFrac,tree_38,no,0.25,10
1.4247724775141186,1.511786251514919,1.591638090115083,Re,tree_38,no,0.25,10
1.8891697811526402,12.23713817907201,27.171972725211084,ReMultiplier,tree_39.log,yes,0.25,10
0.23664650100617407,0.27191589711459296,0.311282630993664,SSFrac,tree_39.log,yes,0.25,10
1.4658145633397885,1.555363538032219,1.6408538146903442,Re,tree_39.log,yes,0.25,10
1.0012531393756459,6.91298811687825,19.624553084865784,ReMultiplier,tree_39,no,0.25,10
0.1606303727319157,0.48438354470181577,0.8837101911416598,SSFrac,tree_39,no,0.25,10
1.4671390533710877,1.5545130954033006,1.645052134535862,Re,tree_39,no,0.25,10
6.142091681010647,16.61173826339736,31.493239207146466,ReMultiplier,tree_3.log,yes,0.25,10
0.2106857499595257,0.24930801024616947,0.28560127766567034,SSFrac,tree_3.log,yes,0.25,10
1.4155524945491977,1.4926356765905737,1.5705318701979534,Re,tree_3.log,yes,0.25,10
7.220393231849592,18.83170139000181,36.46904144322733,ReMultiplier,tree_3,no,0.25,10
0.08665118861929404,0.19497756744162614,0.3345108926735694,SSFrac,tree_3,no,0.25,10
1.4100014612151988,1.4887085552015213,1.5689467549672023,Re,tree_3,no,0.25,10
7.811916072677653,16.096939320364125,28.51442884020022,ReMultiplier,tree_40.log,yes,0.25,10
0.19436625520516448,0.23067076046602406,0.26653561263652376,SSFrac,tree_40.log,yes,0.25,10
1.416074842475948,1.503693219710139,1.5927345348147253,Re,tree_40.log,yes,0.25,10
9.785066058463054,21.58061984981723,38.50249950732228,ReMultiplier,tree_40,no,0.25,10
0.05740983278374999,0.11566337819019477,0.192295434972501,SSFrac,tree_40,no,0.25,10
1.4026979547934073,1.4955345234107233,1.580773297429731,Re,tree_40,no,0.25,10
4.8133478519818595,12.018443399035265,23.714160461639107,ReMultiplier,tree_41.log,yes,0.25,10
0.23243462260415285,0.26795999231636747,0.30983097913449215,SSFrac,tree_41.log,yes,0.25,10
1.464026942667771,1.5539719157990808,1.6425116079685742,Re,tree_41.log,yes,0.25,10
6.925345453541594,17.113421635990306,33.33937569963583,ReMultiplier,tree_41,no,0.25,10
0.07584713455482447,0.15127403654443783,0.26704553259740477,SSFrac,tree_41,no,0.25,10
1.4631361281950654,1.5490654894900577,1.6408922214675143,Re,tree_41,no,0.25,10
5.421922423523822,11.078327075069748,19.48421130940337,ReMultiplier,tree_42.log,yes,0.25,10
0.21623551945374547,0.2518480679157243,0.29203563119608567,SSFrac,tree_42.log,yes,0.25,10
1.3855127267759009,1.4874401065407477,1.5818555207245724,Re,tree_42.log,yes,0.25,10
6.229101314212748,12.49696354683356,23.073229750994855,ReMultiplier,tree_42,no,0.25,10
0.06131369373366992,0.11714220453973195,0.19285428452782555,SSFrac,tree_42,no,0.25,10
1.3790161298717334,1.479227765346292,1.5869534499569624,Re,tree_42,no,0.25,10
2.829234430236899,6.36299353481866,16.138169146286078,ReMultiplier,tree_43.log,yes,0.25,10
0.2071174325979732,0.24318176937106503,0.28109352804731236,SSFrac,tree_43.log,yes,0.25,10
1.442356622810276,1.5436074563022086,1.6504681371914154,Re,tree_43.log,yes,0.25,10
4.873405520544329,11.203125636352059,22.13132163865875,ReMultiplier,tree_43,no,0.25,10
0.07667985309479684,0.16137313202944079,0.28368978852997095,SSFrac,tree_43,no,0.25,10
1.4454328351769719,1.5380309230421494,1.6338775636842733,Re,tree_43,no,0.25,10
4.04031970319135,8.901904322780428,17.532121184193,ReMultiplier,tree_44.log,yes,0.25,10
0.205079737195928,0.23983904715887305,0.2788634789188938,SSFrac,tree_44.log,yes,0.25,10
1.314442603107852,1.3976118874066144,1.477343267247704,Re,tree_44.log,yes,0.25,10
3.4446982283535093,7.6279420356017,15.87469403837207,ReMultiplier,tree_44,no,0.25,10
0.07221790085893316,0.19984353894150617,0.3739962331580972,SSFrac,tree_44,no,0.25,10
1.3218042280329632,1.3992583873225177,1.4864873577986557,Re,tree_44,no,0.25,10
6.864951825929741,17.120334850585177,31.876486522667175,ReMultiplier,tree_45.log,yes,0.25,10
0.18965191858770186,0.2233202141914634,0.26041213378168515,SSFrac,tree_45.log,yes,0.25,10
1.4400464898555851,1.5314741910454452,1.6275772888778894,Re,tree_45.log,yes,0.25,10
7.240611023601818,18.42625534309372,35.33425964888677,ReMultiplier,tree_45,no,0.25,10
0.09656629226829327,0.1980808303408398,0.3318213592616441,SSFrac,tree_45,no,0.25,10
1.4345162008946768,1.5333330917098946,1.6286577433743457,Re,tree_45,no,0.25,10
6.041181967558864,14.82389264256496,28.10436639853022,ReMultiplier,tree_46.log,yes,0.25,10
0.20802486791915242,0.24328624912596553,0.2807525027203837,SSFrac,tree_46.log,yes,0.25,10
1.3926802342812228,1.4865570704741131,1.572828726198657,Re,tree_46.log,yes,0.25,10
3.2137204347559893,8.579786461904433,19.765715040705174,ReMultiplier,tree_46,no,0.25,10
0.1425546742939448,0.3314786749394174,0.5238076828154733,SSFrac,tree_46,no,0.25,10
1.379492893154102,1.4824660701662853,1.5929593265310207,Re,tree_46,no,0.25,10
5.473045931781857,12.56244308608182,24.463220250728195,ReMultiplier,tree_47.log,yes,0.25,10
0.2136561104649493,0.2494816378067547,0.2881803148131299,SSFrac,tree_47.log,yes,0.25,10
1.4073293011193038,1.502915199592674,1.5924936607795939,Re,tree_47.log,yes,0.25,10
5.473496761718939,13.76036009655671,27.059919361102768,ReMultiplier,tree_47,no,0.25,10
0.08605479652994395,0.16626715422659488,0.27416422257234657,SSFrac,tree_47,no,0.25,10
1.398224987109498,1.495950852855443,1.5920894894045823,Re,tree_47,no,0.25,10
6.587245000655056,12.880175506108202,22.3705733128617,ReMultiplier,tree_48.log,yes,0.25,10
0.19960827279566784,0.23622101992733902,0.2731085479244695,SSFrac,tree_48.log,yes,0.25,10
1.385426747178906,1.4694877019655472,1.5567599061177078,Re,tree_48.log,yes,0.25,10
7.84375816543946,15.761699089378386,28.587745328755485,ReMultiplier,tree_48,no,0.25,10
0.05133752648176741,0.09534688373364275,0.1566414019853626,SSFrac,tree_48,no,0.25,10
1.3811289713657355,1.4669034333509323,1.5570349555066698,Re,tree_48,no,0.25,10
4.259226916349122,9.452731761771467,18.53576710777951,ReMultiplier,tree_49.log,yes,0.25,10
0.22311511197974607,0.2615113646026454,0.2990020181925856,SSFrac,tree_49.log,yes,0.25,10
1.4568285327309434,1.55508843666097,1.656524167026906,Re,tree_49.log,yes,0.25,10
4.14484399558037,9.783768918532672,19.616443503494743,ReMultiplier,tree_49,no,0.25,10
0.10207402226141585,0.21073847960653963,0.3652265547581665,SSFrac,tree_49,no,0.25,10
1.4544513642775663,1.552955378182547,1.6536127912766012,Re,tree_49,no,0.25,10
4.304685355312204,9.492034860647724,18.29862089664379,ReMultiplier,tree_4.log,yes,0.25,10
0.21718916092736487,0.25589373332379517,0.2912446177117384,SSFrac,tree_4.log,yes,0.25,10
1.4706967222559812,1.5629640224946288,1.6509641193807754,Re,tree_4.log,yes,0.25,10
3.860531460579938,9.731961611070993,20.676231238840952,ReMultiplier,tree_4,no,0.25,10
0.09724926902866973,0.22249713137241275,0.40137178130175555,SSFrac,tree_4,no,0.25,10
1.470122654116698,1.559627548111672,1.6515726020214645,Re,tree_4,no,0.25,10
5.5814291178724185,13.12300074956153,25.325449283341936,ReMultiplier,tree_50.log,yes,0.25,10
0.19776381248353392,0.23272847707845987,0.27024239940192607,SSFrac,tree_50.log,yes,0.25,10
1.3847984878218589,1.470028272840622,1.560120865806837,Re,tree_50.log,yes,0.25,10
5.1292152118826015,12.304940872321017,25.08115607025314,ReMultiplier,tree_50,no,0.25,10
0.08910233053603592,0.18405206695257476,0.33120877179426367,SSFrac,tree_50,no,0.25,10
1.3846066523854412,1.4723209308140008,1.5622020372124081,Re,tree_50,no,0.25,10
4.696711396811314,10.91472911825919,20.771874873398648,ReMultiplier,tree_51.log,yes,0.25,10
0.20206967841107654,0.23765379870773642,0.27469423241639274,SSFrac,tree_51.log,yes,0.25,10
1.3600344782652567,1.4486994085008251,1.5365241718434075,Re,tree_51.log,yes,0.25,10
4.731857261875836,10.30221899586025,20.73926437185149,ReMultiplier,tree_51,no,0.25,10
0.05371813603565623,0.1447101904325133,0.24813615287052962,SSFrac,tree_51,no,0.25,10
1.3588888462561954,1.447932477771202,1.5404944954436,Re,tree_51,no,0.25,10
4.196758551781047,10.208278703812187,21.28994405120244,ReMultiplier,tree_52.log,yes,0.25,10
0.2150415199580172,0.25023965154619254,0.288683295468553,SSFrac,tree_52.log,yes,0.25,10
1.3601063115747314,1.4394061504166307,1.5199565864634763,Re,tree_52.log,yes,0.25,10
3.1460490137684034,8.17072856363961,19.706450624346594,ReMultiplier,tree_52,no,0.25,10
0.09020344829469751,0.26530072511495834,0.4808126981082542,SSFrac,tree_52,no,0.25,10
1.3438116439626828,1.4347755059702636,1.5262394518916391,Re,tree_52,no,0.25,10
2.744224233854302,5.648631438478588,12.132677294191204,ReMultiplier,tree_53.log,yes,0.25,10
0.22307419364661066,0.25919087523674667,0.2980090077375246,SSFrac,tree_53.log,yes,0.25,10
1.3600990353116102,1.4699100958420233,1.5711611874115672,Re,tree_53.log,yes,0.25,10
5.466260343412445,14.84863928763314,29.031514625966867,ReMultiplier,tree_53,no,0.25,10
0.08624816659584146,0.18586277684683936,0.3255538440689135,SSFrac,tree_53,no,0.25,10
1.371499554160466,1.457966725020337,1.5446036937595569,Re,tree_53,no,0.25,10
3.6372620585140067,9.774105638406425,20.284705249168027,ReMultiplier,tree_54.log,yes,0.25,10
0.22245131708308094,0.2600105791047284,0.29831122395329657,SSFrac,tree_54.log,yes,0.25,10
1.350329762864968,1.4332779588191422,1.5147807650030123,Re,tree_54.log,yes,0.25,10
3.5127703295764983,7.416147970142664,16.793556570050438,ReMultiplier,tree_54,no,0.25,10
0.042213010936931986,0.18423040735028492,0.3686355784085132,SSFrac,tree_54,no,0.25,10
1.3583416772292614,1.4400297864947031,1.5262041974591514,Re,tree_54,no,0.25,10
2.810737008553371,6.887652256628693,15.365540434224343,ReMultiplier,tree_55.log,yes,0.25,10
0.20406397213309424,0.24230648787144057,0.2776018766025424,SSFrac,tree_55.log,yes,0.25,10
1.4540398614273005,1.546441110747475,1.6355871544636125,Re,tree_55.log,yes,0.25,10
2.7523011124095556,7.703147078743175,17.927376947660818,ReMultiplier,tree_55,no,0.25,10
0.08171384992080799,0.27145063562073307,0.5166517569233653,SSFrac,tree_55,no,0.25,10
1.4674020389854765,1.5528080769915347,1.6409217443060278,Re,tree_55,no,0.25,10
4.307004905418074,11.433406611308916,22.51516693392609,ReMultiplier,tree_56.log,yes,0.25,10
0.21800281137953395,0.25475436867046375,0.29286088464650273,SSFrac,tree_56.log,yes,0.25,10
1.4359299913987136,1.5241227837340419,1.6144983407439646,Re,tree_56.log,yes,0.25,10
3.6128701718790026,10.804889706280958,22.99022389157281,ReMultiplier,tree_56,no,0.25,10
0.13100023189001536,0.26435632872095743,0.47408837165369394,SSFrac,tree_56,no,0.25,10
1.4382661848612792,1.5256762667076715,1.6136465821579398,Re,tree_56,no,0.25,10
1.0011956079072215,4.5381273221118095,15.256648100290407,ReMultiplier,tree_57.log,yes,0.25,10
0.022042303319292196,0.23835908782618237,0.5227995992288414,SSFrac,tree_57.log,yes,0.25,10
0.2784309771838072,0.9746733030633645,1.811095973404654,Re,tree_57.log,yes,0.25,10
1.0002668220492046,4.1178135941594745,14.583832258882252,ReMultiplier,tree_57,no,0.25,10
2.2290782660650807e-4,0.40391407865293333,0.9302196020209207,SSFrac,tree_57,no,0.25,10
0.2964617926257552,1.0315040033469798,1.839864456830484,Re,tree_57,no,0.25,10
4.321517429166552,9.753772839990692,18.601085945719095,ReMultiplier,tree_58.log,yes,0.25,10
0.2256949563972445,0.26363055977568156,0.3019594452106393,SSFrac,tree_58.log,yes,0.25,10
1.4255899296767347,1.5095351719200996,1.5960395974768165,Re,tree_58.log,yes,0.25,10
4.705018825292438,11.334866162359614,22.990380516158293,ReMultiplier,tree_58,no,0.25,10
0.07964271356587613,0.16648624433921322,0.2997314915881321,SSFrac,tree_58,no,0.25,10
1.4254467251337324,1.512070870253717,1.5980767070223356,Re,tree_58,no,0.25,10
1.0000112800152423,4.183727989578832,14.995396826208097,ReMultiplier,tree_59.log,yes,0.25,10
0.1644823575815973,0.5809549704169932,0.9520407413685356,SSFrac,tree_59.log,yes,0.25,10
0.14298394238263948,0.8368743135781596,1.7754414435200108,Re,tree_59.log,yes,0.25,10
1.0004779605021252,3.7823793437978193,13.81719185273182,ReMultiplier,tree_59,no,0.25,10
5.407940686834348e-4,0.43762694330286417,0.941469366166252,SSFrac,tree_59,no,0.25,10
0.15283751807376167,0.8842841939789055,1.8609319944045233,Re,tree_59,no,0.25,10
2.1600073084314966,5.927263028159473,14.836214235195733,ReMultiplier,tree_5.log,yes,0.25,10
0.2313726340936671,0.2699111784821178,0.3074591610515974,SSFrac,tree_5.log,yes,0.25,10
1.4054748885340846,1.4967133154754437,1.5913438052192672,Re,tree_5.log,yes,0.25,10
2.877687349607726,8.714332120831692,19.46902624770271,ReMultiplier,tree_5,no,0.25,10
0.12961955059401814,0.2977170719568904,0.530338894342235,SSFrac,tree_5,no,0.25,10
1.4124188324017324,1.4975898679072563,1.5875555521146738,Re,tree_5,no,0.25,10
2.343154053821754,4.1125865805667505,7.160720247857681,ReMultiplier,tree_60.log,yes,0.25,10
0.20534483202514878,0.24364686079921097,0.27924664144428046,SSFrac,tree_60.log,yes,0.25,10
1.3849993015880027,1.4914032973640072,1.5993315315560275,Re,tree_60.log,yes,0.25,10
3.6569934910232638,11.450791682246455,24.363314994568356,ReMultiplier,tree_60,no,0.25,10
0.12475815905735557,0.25313536860132374,0.44889411667735646,SSFrac,tree_60,no,0.25,10
1.3960086652743087,1.4808695138111658,1.5594074145540302,Re,tree_60,no,0.25,10
4.683184934817494,11.040515079777556,22.207367580773905,ReMultiplier,tree_61.log,yes,0.25,10
0.22855817089338287,0.2657442993131734,0.30348927050154173,SSFrac,tree_61.log,yes,0.25,10
1.4731204589970928,1.5623123468883857,1.6530748857848718,Re,tree_61.log,yes,0.25,10
4.5198411911560905,12.22486627336244,24.42358661204736,ReMultiplier,tree_61,no,0.25,10
0.0941647824679616,0.19424264517160336,0.33605275719794003,SSFrac,tree_61,no,0.25,10
1.4650832160434333,1.5559266086093126,1.642927067249495,Re,tree_61,no,0.25,10
3.1715005179503026,9.96400952480391,22.620776410730556,ReMultiplier,tree_62.log,yes,0.25,10
0.22146286673344603,0.25773637810587696,0.29592501179145086,SSFrac,tree_62.log,yes,0.25,10
1.460952918318558,1.5486234846848315,1.6314389561272011,Re,tree_62.log,yes,0.25,10
2.6281190964908623,10.196402951736827,23.01602324046872,ReMultiplier,tree_62,no,0.25,10
0.12831888007631584,0.294445395773409,0.5312671704666386,SSFrac,tree_62,no,0.25,10
1.4657482106386124,1.5502130389323885,1.63528458980699,Re,tree_62,no,0.25,10
6.041921771556992,14.449343572294211,27.73901498317521,ReMultiplier,tree_63.log,yes,0.25,10
0.22885989208522806,0.2637143632683626,0.3047622549419831,SSFrac,tree_63.log,yes,0.25,10
1.424984087595915,1.5148245533043867,1.6101469315785897,Re,tree_63.log,yes,0.25,10
5.886789543100793,16.44980146522075,32.483705973430865,ReMultiplier,tree_63,no,0.25,10
0.10283995482935664,0.2052377037135247,0.3527323981147296,SSFrac,tree_63,no,0.25,10
1.4155636004471344,1.5116105312157122,1.6018703005589832,Re,tree_63,no,0.25,10
6.213552926710537,13.765259782562103,25.839695446144834,ReMultiplier,tree_64.log,yes,0.25,10
0.20515159964936866,0.24110464201325263,0.27891463150296397,SSFrac,tree_64.log,yes,0.25,10
1.4346805185586489,1.5260750096288382,1.6164939349305256,Re,tree_64.log,yes,0.25,10
6.523186957149575,16.278683224638105,30.55293035569966,ReMultiplier,tree_64,no,0.25,10
0.0723177005237242,0.15708280359688107,0.269643780979171,SSFrac,tree_64,no,0.25,10
1.4359919093698439,1.5267711408706657,1.6208615225467922,Re,tree_64,no,0.25,10
3.6203335765240516,7.946857523989912,16.02785364832632,ReMultiplier,tree_65.log,yes,0.25,10
0.2003559287433369,0.2358905823415934,0.27335163052916667,SSFrac,tree_65.log,yes,0.25,10
1.3463765167251558,1.437996524399956,1.532538056699078,Re,tree_65.log,yes,0.25,10
5.065446019652985,11.161872119631562,21.902666250133503,ReMultiplier,tree_65,no,0.25,10
0.08351841571360412,0.15976026986720462,0.2790225415745801,SSFrac,tree_65,no,0.25,10
1.3366105239187867,1.4283190087821866,1.514231787171565,Re,tree_65,no,0.25,10
7.388320742450156,17.27845538311737,31.747845190656122,ReMultiplier,tree_66.log,yes,0.25,10
0.18589669416663993,0.22010059900071266,0.25634091234781403,SSFrac,tree_66.log,yes,0.25,10
1.3983590406890352,1.4795100822493747,1.5658399007713408,Re,tree_66.log,yes,0.25,10
7.713786987259812,19.779929797961902,36.602240082543844,ReMultiplier,tree_66,no,0.25,10
0.08590585123929932,0.17817448093969301,0.3089535669650352,SSFrac,tree_66,no,0.25,10
1.3899450622187965,1.4779133673111517,1.5609775041709704,Re,tree_66,no,0.25,10
3.725289743453733,10.063559538614225,20.848455245728267,ReMultiplier,tree_67.log,yes,0.25,10
0.23981990910535303,0.27887310507147683,0.3180698207695843,SSFrac,tree_67.log,yes,0.25,10
1.4171638138073626,1.5074208876188544,1.594167768803744,Re,tree_67.log,yes,0.25,10
4.157751813170875,11.272964096527977,23.88211687696272,ReMultiplier,tree_67,no,0.25,10
0.06300312684167918,0.14902730379013376,0.27488177896104204,SSFrac,tree_67,no,0.25,10
1.4247879589950232,1.5085546057299477,1.591337379843205,Re,tree_67,no,0.25,10
2.733729750036431,7.779541226544241,16.756381976314756,ReMultiplier,tree_68.log,yes,0.25,10
0.2333467161114531,0.2718088324006669,0.30946621488267456,SSFrac,tree_68.log,yes,0.25,10
1.4012174307920047,1.4926631604208218,1.582578445327608,Re,tree_68.log,yes,0.25,10
2.7416798440382593,8.266658989493411,18.87071141284327,ReMultiplier,tree_68,no,0.25,10
0.11922650677507932,0.28891004805131903,0.5190701880090065,SSFrac,tree_68,no,0.25,10
1.4025532514465093,1.4899491856843095,1.585159612246233,Re,tree_68,no,0.25,10
6.042085122368562,14.762491954115184,28.854462134912605,ReMultiplier,tree_69.log,yes,0.25,10
0.22865376141661709,0.2655617623685602,0.3040934912898245,SSFrac,tree_69.log,yes,0.25,10
1.4509388868615005,1.539188721989938,1.6218270509949912,Re,tree_69.log,yes,0.25,10
5.134798039212336,15.645946101714017,31.21857504147218,ReMultiplier,tree_69,no,0.25,10
0.10412079748709914,0.20538707754850521,0.3444718639636665,SSFrac,tree_69,no,0.25,10
1.4502794627681463,1.5343441173827899,1.6208905146644144,Re,tree_69,no,0.25,10
5.046199279911772,11.645662378712311,21.58570257963784,ReMultiplier,tree_6.log,yes,0.25,10
0.2183832195965746,0.2554813808362646,0.29277092487005396,SSFrac,tree_6.log,yes,0.25,10
1.4133115905411893,1.5094626530090922,1.6074525338478678,Re,tree_6.log,yes,0.25,10
4.801134298296045,12.052277593649515,24.079395484966213,ReMultiplier,tree_6,no,0.25,10
0.09268797307730534,0.179749526868268,0.2989540626123487,SSFrac,tree_6,no,0.25,10
1.401439882393058,1.5003744341909089,1.5950414806527209,Re,tree_6,no,0.25,10
4.75227195302492,12.801126298746652,26.56362142648257,ReMultiplier,tree_70.log,yes,0.25,10
0.19593271495522888,0.22987981400994534,0.2679738907223537,SSFrac,tree_70.log,yes,0.25,10
1.378881497862404,1.4658120657981564,1.554983013886485,Re,tree_70.log,yes,0.25,10
4.276862246120785,13.209182085194161,27.538924153577327,ReMultiplier,tree_70,no,0.25,10
0.13282752837984918,0.2660789307148004,0.4490221866589282,SSFrac,tree_70,no,0.25,10
1.3742243942895078,1.4646473517523808,1.5554298642484332,Re,tree_70,no,0.25,10
4.418527885873952,8.105820618555295,13.777474862544862,ReMultiplier,tree_71.log,yes,0.25,10
0.18650495314686685,0.22153065286039042,0.25854755943623425,SSFrac,tree_71.log,yes,0.25,10
1.395034724555304,1.483501763156003,1.5705215916772017,Re,tree_71.log,yes,0.25,10
4.834387492939545,8.023759375679138,12.308150940473515,ReMultiplier,tree_71,no,0.25,10
0.03210140058564396,0.09652302852824315,0.1920951567108981,SSFrac,tree_71,no,0.25,10
1.388876455613225,1.4819804812877861,1.5668384114431129,Re,tree_71,no,0.25,10
3.6852205815971533,8.663909760685168,17.000662940415538,ReMultiplier,tree_72.log,yes,0.25,10
0.26422222178679994,0.30106185201687136,0.3423915190920045,SSFrac,tree_72.log,yes,0.25,10
1.336296793339647,1.4186969315268436,1.5022332727328587,Re,tree_72.log,yes,0.25,10
4.2128608471982645,10.283315287282097,21.175892032323944,ReMultiplier,tree_72,no,0.25,10
0.10953186677881473,0.2209708759769252,0.39095514057005676,SSFrac,tree_72,no,0.25,10
1.3282713004562898,1.412940800393302,1.5009236544361506,Re,tree_72,no,0.25,10
3.0666922526191827,8.82195169960622,19.94434725151561,ReMultiplier,tree_73.log,yes,0.25,10
0.2648438009780707,0.3043695040357147,0.34487673831446164,SSFrac,tree_73.log,yes,0.25,10
1.3742013366859251,1.465227810993179,1.5486469940060705,Re,tree_73.log,yes,0.25,10
2.862386886473113,8.654374468269332,21.087423744546346,ReMultiplier,tree_73,no,0.25,10
0.09219029304725856,0.27215943574525947,0.49872731414086097,SSFrac,tree_73,no,0.25,10
1.384144613583079,1.4676770852188707,1.5625655283174043,Re,tree_73,no,0.25,10
5.377005036532294,13.480235440841522,26.10265490326458,ReMultiplier,tree_74.log,yes,0.25,10
0.2366759999974953,0.27379797256784644,0.3140421853987441,SSFrac,tree_74.log,yes,0.25,10
1.3450595816274296,1.4248515945033886,1.4982422029404951,Re,tree_74.log,yes,0.25,10
5.643141104075225,14.32119743056028,28.96206837352061,ReMultiplier,tree_74,no,0.25,10
0.07812762881037058,0.15544609169047044,0.27481756959034037,SSFrac,tree_74,no,0.25,10
1.350061721356664,1.4275394898478724,1.5103479179578299,Re,tree_74,no,0.25,10
3.783769721586387,11.926828230708484,25.190363253282325,ReMultiplier,tree_75.log,yes,0.25,10
0.19411935706402386,0.2282362146602304,0.26502709327542856,SSFrac,tree_75.log,yes,0.25,10
1.3143638684915189,1.4016365010075158,1.4864916937916575,Re,tree_75.log,yes,0.25,10
4.88378786047997,14.417466817799255,29.411399006234763,ReMultiplier,tree_75,no,0.25,10
0.10851347784848354,0.22766280059880514,0.3743104939854664,SSFrac,tree_75,no,0.25,10
1.3218620418919846,1.3999126374410822,1.4835946479600044,Re,tree_75,no,0.25,10
6.305048563229745,13.97161464593008,26.231775785092193,ReMultiplier,tree_76.log,yes,0.25,10
0.22582900178358323,0.2629570103992662,0.30109641258609876,SSFrac,tree_76.log,yes,0.25,10
1.415474986862275,1.4962744464983682,1.5730104338540378,Re,tree_76.log,yes,0.25,10
4.553696683476668,11.16207690391896,23.65124403369422,ReMultiplier,tree_76,no,0.25,10
0.07218054218086595,0.18898043776929435,0.3267489079579503,SSFrac,tree_76,no,0.25,10
1.4006199322604989,1.4956259373774397,1.5911015411687794,Re,tree_76,no,0.25,10
5.103343728022209,13.840163036292312,27.422285327893974,ReMultiplier,tree_77.log,yes,0.25,10
0.24252948390981677,0.2806817722047047,0.3205252254754731,SSFrac,tree_77.log,yes,0.25,10
1.3114787282455995,1.4018688903921466,1.4891915432511562,Re,tree_77.log,yes,0.25,10
4.160408741095195,13.424930069309841,28.18507853080806,ReMultiplier,tree_77,no,0.25,10
0.11348632226314581,0.24323425703702323,0.4120164742051505,SSFrac,tree_77,no,0.25,10
1.3153595003665046,1.4035053364428025,1.4906071992292722,Re,tree_77,no,0.25,10
4.6742958193660105,12.273596412184162,24.31790270970328,ReMultiplier,tree_78.log,yes,0.25,10
0.24807474721471942,0.2902325771443841,0.3260616694749553,SSFrac,tree_78.log,yes,0.25,10
1.4513349076460167,1.5410408561584723,1.6327555934865143,Re,tree_78.log,yes,0.25,10
5.1687555501394735,14.415828076543715,28.977437885506678,ReMultiplier,tree_78,no,0.25,10
0.11509608775147705,0.22381398426810095,0.38139308671262473,SSFrac,tree_78,no,0.25,10
1.4411846928242624,1.5394879345219652,1.6280580642718894,Re,tree_78,no,0.25,10
7.435344046839921,13.658377123562202,24.050179810618868,ReMultiplier,tree_79.log,yes,0.25,10
0.20779442318187077,0.24154780405789142,0.28217535613264944,SSFrac,tree_79.log,yes,0.25,10
1.408797452207402,1.4828094900073143,1.5592064817216118,Re,tree_79.log,yes,0.25,10
10.081310702580296,20.964377224083,36.37380947089306,ReMultiplier,tree_79,no,0.25,10
0.04872480240078131,0.10259747802659834,0.17167268713250808,SSFrac,tree_79,no,0.25,10
1.4058383305939575,1.4846986321487494,1.5658931065108617,Re,tree_79,no,0.25,10
5.33425056321523,11.710286130597396,22.361944480171374,ReMultiplier,tree_7.log,yes,0.25,10
0.20842662323744957,0.24407428609342732,0.28309073065380663,SSFrac,tree_7.log,yes,0.25,10
1.3915644152950106,1.4774964131201493,1.5657255307210167,Re,tree_7.log,yes,0.25,10
7.116385095808199,16.307659351688688,30.09695132872017,ReMultiplier,tree_7,no,0.25,10
0.053010764466973816,0.11187434814469197,0.19225383220598735,SSFrac,tree_7,no,0.25,10
1.3849440935549797,1.4738354326488081,1.553904622233447,Re,tree_7,no,0.25,10
4.927168576314159,11.879706455776578,23.79126725439372,ReMultiplier,tree_80.log,yes,0.25,10
0.2253372158973541,0.2618332758310884,0.30075821916077855,SSFrac,tree_80.log,yes,0.25,10
1.3627750019038454,1.4529872978832956,1.5391937073186486,Re,tree_80.log,yes,0.25,10
5.007939743058982,13.477104487893222,27.742793282345986,ReMultiplier,tree_80,no,0.25,10
0.12299061825729134,0.23672547307844516,0.4056961325796413,SSFrac,tree_80,no,0.25,10
1.3699999010513382,1.4517796412227102,1.5459046026669083,Re,tree_80,no,0.25,10
3.408157353037597,8.806743612730116,18.729070132426912,ReMultiplier,tree_81.log,yes,0.25,10
0.20957371336869537,0.24338229036284637,0.2832659661198731,SSFrac,tree_81.log,yes,0.25,10
1.3734055883095093,1.4552095293458711,1.541530737966626,Re,tree_81.log,yes,0.25,10
2.792725996473089,8.051628253291605,17.657328704633283,ReMultiplier,tree_81,no,0.25,10
0.10395599969591222,0.24980133838984575,0.4665107050804294,SSFrac,tree_81,no,0.25,10
1.3780713602164247,1.4600663073147544,1.5431289007655862,Re,tree_81,no,0.25,10
4.818048720328946,11.402371195052398,21.732129505734953,ReMultiplier,tree_82.log,yes,0.25,10
0.2211108725686054,0.2564885797473287,0.2961611873111391,SSFrac,tree_82.log,yes,0.25,10
1.3409448163221531,1.4266398498433202,1.5104005795013793,Re,tree_82.log,yes,0.25,10
5.425067395303916,13.801530734535806,28.004117500556607,ReMultiplier,tree_82,no,0.25,10
0.06824118158795113,0.1481204131756085,0.26873798008267047,SSFrac,tree_82,no,0.25,10
1.3328683895211424,1.4184012110248254,1.5089360342454214,Re,tree_82,no,0.25,10
5.062926087139949,12.158050613141864,23.197041988146072,ReMultiplier,tree_83.log,yes,0.25,10
0.22813255713798916,0.2671127365763689,0.3043522642318782,SSFrac,tree_83.log,yes,0.25,10
1.444187831323077,1.5290945976093648,1.6159003254710937,Re,tree_83.log,yes,0.25,10
3.0631600814681703,7.8590546413283455,18.388795156296307,ReMultiplier,tree_83,no,0.25,10
0.09795026532019319,0.24200949357780538,0.44312121939056265,SSFrac,tree_83,no,0.25,10
1.4407140006416528,1.5367905273924916,1.6413172432404322,Re,tree_83,no,0.25,10
6.274957079904234,14.33646256060387,27.49966121379522,ReMultiplier,tree_84.log,yes,0.25,10
0.20652105820595737,0.24209784769851928,0.2809039981088547,SSFrac,tree_84.log,yes,0.25,10
1.3470060576810776,1.4214262692467985,1.4967286782757379,Re,tree_84.log,yes,0.25,10
5.431660968537503,14.596666565556909,29.405198330517845,ReMultiplier,tree_84,no,0.25,10
0.0752909779051102,0.15893207196621964,0.27773673237550534,SSFrac,tree_84,no,0.25,10
1.3290697466438794,1.413869836009315,1.4978487670396339,Re,tree_84,no,0.25,10
5.8208674705964665,13.090495702923382,24.15573819453131,ReMultiplier,tree_85.log,yes,0.25,10
0.22172802880968887,0.2585600151380725,0.29726706977323086,SSFrac,tree_85.log,yes,0.25,10
1.4399626505315968,1.5307602906616502,1.6174776077209219,Re,tree_85.log,yes,0.25,10
5.940925698298819,14.733845613076493,28.901863807668818,ReMultiplier,tree_85,no,0.25,10
0.08900190845086409,0.18459275379996082,0.3066982627560939,SSFrac,tree_85,no,0.25,10
1.4393986392641311,1.526257395298412,1.617386034045216,Re,tree_85,no,0.25,10
5.893346770135807,15.113187296230581,29.2522388168117,ReMultiplier,tree_86.log,yes,0.25,10
0.22777486188169466,0.2652836241194281,0.3044650323035835,SSFrac,tree_86.log,yes,0.25,10
1.4208315776530356,1.5138808810569846,1.6109734723848537,Re,tree_86.log,yes,0.25,10
6.413051150827586,17.201914608172757,33.132049002331,ReMultiplier,tree_86,no,0.25,10
0.1089234635922327,0.21337291221250126,0.35192533920066155,SSFrac,tree_86,no,0.25,10
1.4146586853365026,1.511240331790951,1.6112848268231024,Re,tree_86,no,0.25,10
4.462220950473412,10.22668049558601,19.6604932771793,ReMultiplier,tree_87.log,yes,0.25,10
0.19439046310090227,0.23066626810175841,0.2653450551322991,SSFrac,tree_87.log,yes,0.25,10
1.4543884836920564,1.560074603921954,1.6559336870525554,Re,tree_87.log,yes,0.25,10
5.2237704311573445,12.498817664100605,24.42389610089959,ReMultiplier,tree_87,no,0.25,10
0.08778610539593593,0.17545044786743744,0.31305178612437784,SSFrac,tree_87,no,0.25,10
1.4702696968155424,1.5582731993552472,1.650426876524425,Re,tree_87,no,0.25,10
3.423153991773618,9.785164387173293,20.48653054569114,ReMultiplier,tree_88.log,yes,0.25,10
0.22222764384408616,0.2577673402106691,0.29744533622057484,SSFrac,tree_88.log,yes,0.25,10
1.4860275797735556,1.5796864703322906,1.6750811671066668,Re,tree_88.log,yes,0.25,10
3.7365669897617937,9.960386002512307,21.23118921686185,ReMultiplier,tree_88,no,0.25,10
0.1255069735825663,0.25641209416958727,0.43937353537916685,SSFrac,tree_88,no,0.25,10
1.4759897829791255,1.571884111675724,1.6747218776683945,Re,tree_88,no,0.25,10
1.0087289251245397,3.132297331380944,30.276471301223992,ReMultiplier,tree_89.log,yes,0.25,10
0.24628575930600233,0.28468140753757293,0.3255617340518786,SSFrac,tree_89.log,yes,0.25,10
1.5071890840011541,1.6139175622431754,1.717254425861421,Re,tree_89.log,yes,0.25,10
4.37980510227905,20.523144315011102,40.81827607361399,ReMultiplier,tree_89,no,0.25,10
0.11870988298180908,0.272537061542844,0.56304257269162,SSFrac,tree_89,no,0.25,10
1.5149014923798987,1.6127411460362349,1.701202500058273,Re,tree_89,no,0.25,10
7.147284699847992,14.995665578408051,27.02813282392619,ReMultiplier,tree_8.log,yes,0.25,10
0.21621268110125708,0.2525407433386161,0.2906583656552245,SSFrac,tree_8.log,yes,0.25,10
1.5169004847220513,1.601451420740136,1.6909398196344552,Re,tree_8.log,yes,0.25,10
8.13179108837328,18.687620967562204,34.86315589951275,ReMultiplier,tree_8,no,0.25,10
0.07384446412018951,0.16350795502714027,0.27797550621006367,SSFrac,tree_8,no,0.25,10
1.5080087996957963,1.5981664706842524,1.68879407727174,Re,tree_8,no,0.25,10
2.5649958743641745,9.889679751992244,24.56207678303958,ReMultiplier,tree_90.log,yes,0.25,10
0.2333432308050342,0.273445908669252,0.31075216907534814,SSFrac,tree_90.log,yes,0.25,10
1.362659782518022,1.4530009306574487,1.5469319114765652,Re,tree_90.log,yes,0.25,10
3.78860202836147,13.968878383932992,28.401172114129395,ReMultiplier,tree_90,no,0.25,10
0.13643773056654226,0.26743736668924123,0.45129090922595,SSFrac,tree_90,no,0.25,10
1.3722225807848767,1.4557213273760174,1.5407204174030875,Re,tree_90,no,0.25,10
6.1981200784933534,12.863347070982925,23.679497246008115,ReMultiplier,tree_91.log,yes,0.25,10
0.23005461341751068,0.26624413499811883,0.306000339676429,SSFrac,tree_91.log,yes,0.25,10
1.3441202928686469,1.4292365068239423,1.5138887647902708,Re,tree_91.log,yes,0.25,10
8.00525358703672,16.928959431448774,30.366948984347644,ReMultiplier,tree_91,no,0.25,10
0.0522844385039721,0.09850659062448666,0.16476631681110665,SSFrac,tree_91,no,0.25,10
1.3430604219157667,1.4306544352578645,1.5158941173348703,Re,tree_91,no,0.25,10
7.178807860461728,15.801337357366915,28.40960306211497,ReMultiplier,tree_92.log,yes,0.25,10
0.18050723648278746,0.2148237708094159,0.24963571701792617,SSFrac,tree_92.log,yes,0.25,10
1.4031454976205486,1.4928903393183468,1.5795080480296282,Re,tree_92.log,yes,0.25,10
4.90428461726122,12.763822856500301,26.56355851749757,ReMultiplier,tree_92,no,0.25,10
0.10660221002900949,0.21863864816652637,0.3612852424987817,SSFrac,tree_92,no,0.25,10
1.3918833935675332,1.4936578105665521,1.6024071246583451,Re,tree_92,no,0.25,10
3.525888681775855,8.114560529020103,16.94693972428581,ReMultiplier,tree_93.log,yes,0.25,10
0.23938006642603413,0.27595802827233884,0.31644363451064866,SSFrac,tree_93.log,yes,0.25,10
1.3768633568079969,1.4732381781361772,1.5674463285864848,Re,tree_93.log,yes,0.25,10
3.342370987272771,8.865877217720463,19.465977608098616,ReMultiplier,tree_93,no,0.25,10
0.09304350559464888,0.22321655904975526,0.42706029846003324,SSFrac,tree_93,no,0.25,10
1.3771451015647718,1.4724025709671351,1.5639290930901386,Re,tree_93,no,0.25,10
4.218747226001083,13.170253803966661,26.12342298981132,ReMultiplier,tree_94.log,yes,0.25,10
0.2162088597192773,0.2537255978380534,0.29094943081070407,SSFrac,tree_94.log,yes,0.25,10
1.4042928680925673,1.4874114948429826,1.572758542024231,Re,tree_94.log,yes,0.25,10
2.4809513929886937,10.384612128674299,24.02756524006614,ReMultiplier,tree_94,no,0.25,10
0.17027744573891462,0.34567506727932706,0.6024895490119893,SSFrac,tree_94,no,0.25,10
1.406169337158838,1.4883518205040254,1.5736800811884533,Re,tree_94,no,0.25,10
6.3699638148597115,15.416964307635903,28.85631969681128,ReMultiplier,tree_95.log,yes,0.25,10
0.2118750495728453,0.24754259022590844,0.2851117026773062,SSFrac,tree_95.log,yes,0.25,10
1.3399516073293076,1.4224988728966164,1.5057663623520123,Re,tree_95.log,yes,0.25,10
2.9459906757871965,8.098467857416852,19.83445481597997,ReMultiplier,tree_95,no,0.25,10
0.114940598859988,0.28013300723578083,0.4802204607725196,SSFrac,tree_95,no,0.25,10
1.3331840505669006,1.4262301539322926,1.5224609634966237,Re,tree_95,no,0.25,10
2.848814149857818,6.544370678361858,13.403233541501871,ReMultiplier,tree_96.log,yes,0.25,10
0.22510115383054258,0.2639767454901182,0.30086510407041367,SSFrac,tree_96.log,yes,0.25,10
1.4761837692500233,1.577459226059355,1.6777971906321336,Re,tree_96.log,yes,0.25,10
3.216134112173786,8.657886286132811,18.259738622643784,ReMultiplier,tree_96,no,0.25,10
0.10285567216823084,0.23388604250081618,0.42206824281504407,SSFrac,tree_96,no,0.25,10
1.4805191808469065,1.5774348056196756,1.6672594095232174,Re,tree_96,no,0.25,10
3.743872791341689,12.62037216518351,26.598552582028876,ReMultiplier,tree_97.log,yes,0.25,10
0.24336789572130185,0.28321489501237274,0.32119099939742746,SSFrac,tree_97.log,yes,0.25,10
1.4838301997096124,1.5790077692384112,1.6695616898727796,Re,tree_97.log,yes,0.25,10
3.4248959423960468,12.050598661463102,26.170067546884983,ReMultiplier,tree_97,no,0.25,10
0.15842316412017096,0.32933881737454984,0.5535592439726895,SSFrac,tree_97,no,0.25,10
1.4913402108765164,1.5805380603949093,1.6775812349667418,Re,tree_97,no,0.25,10
4.968144877392803,13.210362129251488,26.756028195819926,ReMultiplier,tree_98.log,yes,0.25,10
0.232662967066527,0.2701787010659971,0.3086817438721925,SSFrac,tree_98.log,yes,0.25,10
1.4220209427833257,1.5112827392558592,1.59985823258529,Re,tree_98.log,yes,0.25,10
4.993460847760352,13.640684308193538,27.681859664796406,ReMultiplier,tree_98,no,0.25,10
0.10942504485034486,0.22351790308676003,0.3948129381625708,SSFrac,tree_98,no,0.25,10
1.4158022255991458,1.5136803371790495,1.5968015045737853,Re,tree_98,no,0.25,10
3.48721348582131,8.377252689317901,17.32478281487344,ReMultiplier,tree_99.log,yes,0.25,10
0.22175419723467896,0.25878057983129693,0.2965818960409295,SSFrac,tree_99.log,yes,0.25,10
1.4475870141211973,1.5414482279605546,1.6371704701240752,Re,tree_99.log,yes,0.25,10
3.225447992809579,8.154265375469125,17.185849065196035,ReMultiplier,tree_99,no,0.25,10
0.09122557383490346,0.2322011249143909,0.4433591026172775,SSFrac,tree_99,no,0.25,10
1.4508114490619255,1.5445108039444415,1.642160496185622,Re,tree_99,no,0.25,10
3.915346910533829,10.933065756595152,22.991672220957796,ReMultiplier,tree_9.log,yes,0.25,10
0.2461064581079598,0.2851363609374059,0.32279734427172624,SSFrac,tree_9.log,yes,0.25,10
1.374720829595334,1.467187338205715,1.5583650881389675,Re,tree_9.log,yes,0.25,10
3.146488185662043,10.808707114055398,24.269076130854213,ReMultiplier,tree_9,no,0.25,10
0.14307730487083506,0.29344480556661734,0.5068153786249221,SSFrac,tree_9,no,0.25,10
1.3716598373175137,1.4657147012539302,1.5573844742457685,Re,tree_9,no,0.25,10
1.5663247593075005,8.18613788391312,20.736589145041634,ReMultiplier,tree_0.log,yes,0.25,2
0.23225325443724285,0.2687407454873293,0.3070918821437204,SSFrac,tree_0.log,yes,0.25,2
1.3884946881553497,1.4570204570006222,1.523649272402603,Re,tree_0.log,yes,0.25,2
2.1592536209996385,8.998314896790944,21.752054104173418,ReMultiplier,tree_0,no,0.25,2
0.11786028902982357,0.3154809166646867,0.6132106581560469,SSFrac,tree_0,no,0.25,2
1.385615483253341,1.4578857615094418,1.522453841863654,Re,tree_0,no,0.25,2
2.482544366513455,11.917837926031101,26.774290370907952,ReMultiplier,tree_10.log,yes,0.25,2
0.20449285391283187,0.2392182677775097,0.27633813943049645,SSFrac,tree_10.log,yes,0.25,2
1.4275682131254555,1.4946281527801863,1.5608682632611985,Re,tree_10.log,yes,0.25,2
1.416806202455008,9.683414778987279,24.42618191557901,ReMultiplier,tree_10,no,0.25,2
0.15491410492466406,0.39874073393630566,0.7368246832221467,SSFrac,tree_10,no,0.25,2
1.4310135450781587,1.4961755305482136,1.5592298973336594,Re,tree_10,no,0.25,2
1.0045213908877053,2.609062267198991,14.97552207465609,ReMultiplier,tree_11.log,yes,0.25,2
0.2180933565345659,0.254956479687538,0.2946732031982969,SSFrac,tree_11.log,yes,0.25,2
1.3905753194763746,1.4662106045715242,1.545009538707012,Re,tree_11.log,yes,0.25,2
1.0053402155741995,5.9469287039883465,19.598468738379616,ReMultiplier,tree_11,no,0.25,2
0.032914518610101466,0.43414295866116315,0.8621088885033594,SSFrac,tree_11,no,0.25,2
1.388426431859845,1.4598607458303188,1.5326512529156913,Re,tree_11,no,0.25,2
1.0000697505761027,3.15500062062071,22.723458938458283,ReMultiplier,tree_12.log,yes,0.25,2
0.20533470401152887,0.243101224728326,0.2815898848278618,SSFrac,tree_12.log,yes,0.25,2
1.444469645517129,1.515238446024505,1.5804925546189295,Re,tree_12.log,yes,0.25,2
1.0000827178955853,6.6169112136960475,20.922961242133322,ReMultiplier,tree_12,no,0.25,2
0.16259555162113953,0.558887295007132,0.9952423470326398,SSFrac,tree_12,no,0.25,2
1.4511089859482327,1.5198704060640638,1.5893762584771083,Re,tree_12,no,0.25,2
2.680757396790387,8.561342824018606,19.83896348106718,ReMultiplier,tree_13.log,yes,0.25,2
0.20776620694011003,0.24146399651160658,0.2808537443933273,SSFrac,tree_13.log,yes,0.25,2
1.4099267519420877,1.4763977106583472,1.54242781970583,Re,tree_13.log,yes,0.25,2
1.716867261666005,8.51174078813542,21.01069673753069,ReMultiplier,tree_13,no,0.25,2
0.06276627762869633,0.24778728065639116,0.6092578252196222,SSFrac,tree_13,no,0.25,2
1.4112976757003874,1.4798135628775948,1.5533501591764842,Re,tree_13,no,0.25,2
2.0637167833408494,6.261281477781955,15.785315685121418,ReMultiplier,tree_14.log,yes,0.25,2
0.2292139956158413,0.26851286481685155,0.3057711143600415,SSFrac,tree_14.log,yes,0.25,2
1.446063933706562,1.5112792318895647,1.5749315271393982,Re,tree_14.log,yes,0.25,2
1.0062519240971997,5.956687546300202,16.55923476780939,ReMultiplier,tree_14,no,0.25,2
1.5569016499800405e-4,0.2949334414991065,0.7920242790531634,SSFrac,tree_14,no,0.25,2
1.4427841009296745,1.5144004332169878,1.585318229127744,Re,tree_14,no,0.25,2
1.4658955423578648,8.993581985196577,24.048897793585255,ReMultiplier,tree_15.log,yes,0.25,2
0.20831436423575,0.24398667526485937,0.28221477120850186,SSFrac,tree_15.log,yes,0.25,2
1.3525211512420265,1.4185861814119696,1.4881864280670347,Re,tree_15.log,yes,0.25,2
1.7639220731631584,8.519372655702277,22.723262511609423,ReMultiplier,tree_15,no,0.25,2
0.1391121433429224,0.3911093429931045,0.727279838326026,SSFrac,tree_15,no,0.25,2
1.3573792403971887,1.4205932468315956,1.4898707661133408,Re,tree_15,no,0.25,2
1.0001194672010507,1.7816759846473122,4.781239319702096,ReMultiplier,tree_16.log,yes,0.25,2
0.21889930963048743,0.2556925932346036,0.2942242732596044,SSFrac,tree_16.log,yes,0.25,2
1.4322838903525175,1.5055650052322405,1.5751661860304689,Re,tree_16.log,yes,0.25,2
1.0001031997773961,3.3776892658574003,12.65872104099902,ReMultiplier,tree_16,no,0.25,2
0.055715380023154994,0.4798700637666997,0.995043985000753,SSFrac,tree_16,no,0.25,2
1.425524186863701,1.4926447931436844,1.557892053165447,Re,tree_16,no,0.25,2
1.001005443617698,4.829963822174644,22.349941587295188,ReMultiplier,tree_17.log,yes,0.25,2
0.22573901883744307,0.26269088415525105,0.30159328348580605,SSFrac,tree_17.log,yes,0.25,2
1.4833234198392409,1.5485289944245972,1.6213523580042022,Re,tree_17.log,yes,0.25,2
1.0002256152636673,7.018736832679711,20.827494822557856,ReMultiplier,tree_17,no,0.25,2
0.1420108034754339,0.4946496337086081,0.9581510891984943,SSFrac,tree_17,no,0.25,2
1.4824079882612606,1.5440981902415947,1.603509517558428,Re,tree_17,no,0.25,2
2.6754694851521306,9.54521698540025,21.654199884816414,ReMultiplier,tree_18.log,yes,0.25,2
0.2038369603155929,0.24103333545406083,0.27572998100442325,SSFrac,tree_18.log,yes,0.25,2
1.403477174240461,1.4634401838840172,1.5271689099787464,Re,tree_18.log,yes,0.25,2
2.7551517265801,9.016082656003356,21.595130447392243,ReMultiplier,tree_18,no,0.25,2
0.08079488452232399,0.24577824696904188,0.4872080298945033,SSFrac,tree_18,no,0.25,2
1.403724785997024,1.4689940386326978,1.5292465638565707,Re,tree_18,no,0.25,2
1.0019765066308055,2.645933636456834,15.783984178096722,ReMultiplier,tree_19.log,yes,0.25,2
0.19142608746708795,0.22637163968383522,0.263499650446991,SSFrac,tree_19.log,yes,0.25,2
1.460840943178561,1.5325307808875839,1.6067299783419962,Re,tree_19.log,yes,0.25,2
1.0030625589630437,5.981335575739098,18.930044940821563,ReMultiplier,tree_19,no,0.25,2
0.10334081834754097,0.47988438297000025,0.9334097712367418,SSFrac,tree_19,no,0.25,2
1.4575867160934635,1.5229273226049074,1.5834608378301023,Re,tree_19,no,0.25,2
1.0008742239267248,1.996971070062867,21.428795558246406,ReMultiplier,tree_1.log,yes,0.25,2
0.18614810341313542,0.2224319285098712,0.2605898632747568,SSFrac,tree_1.log,yes,0.25,2
1.412968960237633,1.4874318743805,1.5534783954611222,Re,tree_1.log,yes,0.25,2
1.0003003456306088,3.253512809837549,18.873112636184167,ReMultiplier,tree_1,no,0.25,2
0.057573094277104934,0.6087905706054129,0.9980205264970247,SSFrac,tree_1,no,0.25,2
1.4188901981963276,1.4908422831078707,1.5633239472518066,Re,tree_1,no,0.25,2
1.0000909197557626,11.044879401750675,32.06901755583205,ReMultiplier,tree_20.log,yes,0.25,2
0.21769120939571696,0.25620149769383077,0.29352027688952625,SSFrac,tree_20.log,yes,0.25,2
1.3971477667056391,1.4597154697731742,1.5200267843774715,Re,tree_20.log,yes,0.25,2
2.022158952029363,13.671669986457072,31.321594927382456,ReMultiplier,tree_20,no,0.25,2
0.1599508693869773,0.3894222319068168,0.6859492956484002,SSFrac,tree_20,no,0.25,2
1.400768664247434,1.4577798328094815,1.5211989450130976,Re,tree_20,no,0.25,2
1.154414207697629,4.249547371583299,23.168947762275376,ReMultiplier,tree_21.log,yes,0.25,2
0.2080593633070322,0.24531111211721293,0.2836669622483559,SSFrac,tree_21.log,yes,0.25,2
1.4263218960395567,1.496499915774551,1.5595362109831057,Re,tree_21.log,yes,0.25,2
1.0029852464026199,5.571140632077316,19.518125921335354,ReMultiplier,tree_21,no,0.25,2
5.119913618735016e-4,0.5672196984962423,0.905570422256861,SSFrac,tree_21,no,0.25,2
1.435797454325882,1.4987363084484984,1.5639697358370057,Re,tree_21,no,0.25,2
1.0000984972860583,1.816326303338844,7.020617323366332,ReMultiplier,tree_22.log,yes,0.25,2
0.20247590056774045,0.23909733884592954,0.2774924033476668,SSFrac,tree_22.log,yes,0.25,2
1.3481528944392507,1.4038728831063825,1.4673083428235343,Re,tree_22.log,yes,0.25,2
1.0270863815874223,8.149200099876627,22.72061135999398,ReMultiplier,tree_22,no,0.25,2
0.06763245921994851,0.4464764309577505,0.8039898229038355,SSFrac,tree_22,no,0.25,2
1.3410673176141679,1.403345578225463,1.4635831418238272,Re,tree_22,no,0.25,2
1.7206342195985525,6.299559072828951,17.914341402529534,ReMultiplier,tree_23.log,yes,0.25,2
0.19660955858281326,0.2321099465125555,0.26834017168450586,SSFrac,tree_23.log,yes,0.25,2
1.4663893125613296,1.5280426609806974,1.5916193553707916,Re,tree_23.log,yes,0.25,2
1.048904482775275,5.817459838038948,17.399886951779628,ReMultiplier,tree_23,no,0.25,2
0.031229779694515576,0.37919774696058123,0.7920434065391287,SSFrac,tree_23,no,0.25,2
1.4630978977422058,1.5243697818857096,1.5864307768324661,Re,tree_23,no,0.25,2
1.0001606697016716,1.99069392320023,22.865726971780653,ReMultiplier,tree_24.log,yes,0.25,2
0.20468962036981428,0.24250977873450458,0.2804451009848618,SSFrac,tree_24.log,yes,0.25,2
1.410986035715493,1.4800977862243108,1.5534024081464617,Re,tree_24.log,yes,0.25,2
2.4671075802868367,12.627959953639087,28.036299742468643,ReMultiplier,tree_24,no,0.25,2
0.1486827279217596,0.3658569977027465,0.6301944463154454,SSFrac,tree_24,no,0.25,2
1.400641814150932,1.4697784578522093,1.5317955550602793,Re,tree_24,no,0.25,2
1.6787974629843538,13.46053113429868,29.64686732816455,ReMultiplier,tree_25.log,yes,0.25,2
0.20734277495660472,0.24416756787976635,0.2815396840561615,SSFrac,tree_25.log,yes,0.25,2
1.4475786197861793,1.51168972089967,1.57917550184182,Re,tree_25.log,yes,0.25,2
1.0013099093403968,5.482738410432396,20.49633936292469,ReMultiplier,tree_25,no,0.25,2
0.13084156076833964,0.490737193750578,0.9997785151600039,SSFrac,tree_25,no,0.25,2
1.4536147238827999,1.5252218387415584,1.6006437603191355,Re,tree_25,no,0.25,2
1.3306505689710768,17.257797339598888,35.02825482244458,ReMultiplier,tree_26.log,yes,0.25,2
0.20273340249823912,0.23652661843526646,0.27615106970401543,SSFrac,tree_26.log,yes,0.25,2
1.4009345538991813,1.4623479489870457,1.527955974531143,Re,tree_26.log,yes,0.25,2
1.424537970867471,12.472932258890491,28.442168801320726,ReMultiplier,tree_26,no,0.25,2
0.18570286976995384,0.4276160807950079,0.733924087844749,SSFrac,tree_26,no,0.25,2
1.3981494113744404,1.46369211031256,1.5252549033240768,Re,tree_26,no,0.25,2
2.221239397772987,11.349087954814559,26.42312431334291,ReMultiplier,tree_27.log,yes,0.25,2
0.21252785343246913,0.25188932223826854,0.28718182891831145,SSFrac,tree_27.log,yes,0.25,2
1.3849970777510106,1.449993220467442,1.516860673643409,Re,tree_27.log,yes,0.25,2
2.8059862304479486,12.258046086465747,27.859464727634318,ReMultiplier,tree_27,no,0.25,2
0.14483698996013114,0.31785405002778794,0.5668895433236324,SSFrac,tree_27,no,0.25,2
1.3880165992395173,1.4518498618084177,1.516422016435728,Re,tree_27,no,0.25,2
1.0010026408379817,2.1710805377147926,4.869193959548665,ReMultiplier,tree_28.log,yes,0.25,2
0.19996837171745543,0.23685146674520682,0.27354703721942847,SSFrac,tree_28.log,yes,0.25,2
1.4024591926648198,1.4693163276895853,1.5373907083839238,Re,tree_28.log,yes,0.25,2
1.0000379906105894,5.882177673895985,19.914322958152866,ReMultiplier,tree_28,no,0.25,2
0.18130199897720292,0.5640101646865445,0.9989165061584584,SSFrac,tree_28,no,0.25,2
1.3988377656637307,1.4694280633746417,1.534905244105936,Re,tree_28,no,0.25,2
2.113552775805054,14.076584164610303,30.038915353264887,ReMultiplier,tree_29.log,yes,0.25,2
0.21334382555442277,0.24897668547148832,0.28679480312413824,SSFrac,tree_29.log,yes,0.25,2
1.3985126080087673,1.4714406324771823,1.5425688535019428,Re,tree_29.log,yes,0.25,2
1.1256821691849426,10.332070325874724,24.368832274359384,ReMultiplier,tree_29,no,0.25,2
0.1874568547324733,0.41826474179381995,0.7162379816904452,SSFrac,tree_29,no,0.25,2
1.4070373451359068,1.4756452508896079,1.5478149070404796,Re,tree_29,no,0.25,2
1.1252965727362465,5.04790153367739,16.908564047930106,ReMultiplier,tree_2.log,yes,0.25,2
0.2153713363903168,0.2508612857217616,0.29077068684908974,SSFrac,tree_2.log,yes,0.25,2
1.410025712971223,1.4712698078730377,1.5304730847639298,Re,tree_2.log,yes,0.25,2
1.0000743316401086,5.9233211375929065,18.956792455649676,ReMultiplier,tree_2,no,0.25,2
5.451698531059516e-5,0.43641685762944815,0.821876082484398,SSFrac,tree_2,no,0.25,2
1.4084488692913135,1.4682745498923104,1.5285716019578302,Re,tree_2,no,0.25,2
1.0013579997298796,2.2574669321905456,16.849405706969193,ReMultiplier,tree_30.log,yes,0.25,2
0.23012730744635498,0.2673543052242948,0.30820372216148123,SSFrac,tree_30.log,yes,0.25,2
1.4220262842693834,1.4869426583220795,1.5617049568489032,Re,tree_30.log,yes,0.25,2
1.0000522036507604,8.108121348700028,22.497683445701192,ReMultiplier,tree_30,no,0.25,2
0.19747789434768612,0.49022979703421243,0.9094034288985268,SSFrac,tree_30,no,0.25,2
1.4154832462900024,1.4781497007779407,1.5437367046826589,Re,tree_30,no,0.25,2
1.7125616942724857,5.1892063133293025,12.909489862166796,ReMultiplier,tree_31.log,yes,0.25,2
0.22866721537916215,0.26529155635632673,0.3061204682055026,SSFrac,tree_31.log,yes,0.25,2
1.4884370637110413,1.5636777925034613,1.6389594791005253,Re,tree_31.log,yes,0.25,2
2.705934794094759,7.215939303691217,16.95211280005916,ReMultiplier,tree_31,no,0.25,2
0.03195815465612551,0.16783727353160924,0.409484986884698,SSFrac,tree_31,no,0.25,2
1.4850269174734976,1.5535387755762824,1.6183961885686682,Re,tree_31,no,0.25,2
1.000040460947524,1.2865391096568195,2.9362190443820038,ReMultiplier,tree_32.log,yes,0.25,2
0.23993778419180534,0.28002884116762167,0.31798975535840823,SSFrac,tree_32.log,yes,0.25,2
1.4902028401551166,1.5551839095440465,1.622586458246768,Re,tree_32.log,yes,0.25,2
1.000881789213292,6.148107683901058,18.578724118182034,ReMultiplier,tree_32,no,0.25,2
0.0020559253000099766,0.43085358168417953,0.8183003727561693,SSFrac,tree_32,no,0.25,2
1.483521806549826,1.5480892649698497,1.617111122006776,Re,tree_32,no,0.25,2
1.476571076528667,12.875563823084612,28.75411378227193,ReMultiplier,tree_33.log,yes,0.25,2
0.19339403704385244,0.22815765034004143,0.2665289859799623,SSFrac,tree_33.log,yes,0.25,2
1.4441704125273236,1.508737078229684,1.5771579868319723,Re,tree_33.log,yes,0.25,2
1.001040516436721,4.68058626833542,18.706010067652326,ReMultiplier,tree_33,no,0.25,2
1.4279815134299467e-4,0.5283632340998314,0.9118101943852159,SSFrac,tree_33,no,0.25,2
1.4547127634675103,1.5234169183991688,1.6026925528962999,Re,tree_33,no,0.25,2
5.588958328292239,19.128418292005655,38.30222427859742,ReMultiplier,tree_34.log,yes,0.25,2
0.22608420579945446,0.2635486862389045,0.301199645069608,SSFrac,tree_34.log,yes,0.25,2
1.332278508492083,1.3898790493186874,1.4452124512675086,Re,tree_34.log,yes,0.25,2
3.691849804767221,15.646507019415003,33.58813322822407,ReMultiplier,tree_34,no,0.25,2
0.16386088416087294,0.3770718560526671,0.6232821681268919,SSFrac,tree_34,no,0.25,2
1.3363557357528904,1.3892179445436685,1.4477136125867212,Re,tree_34,no,0.25,2
1.0922050833463193,5.319845231851783,19.06132063972633,ReMultiplier,tree_35.log,yes,0.25,2
0.2552147014644567,0.2942319607773055,0.33399608862370656,SSFrac,tree_35.log,yes,0.25,2
1.4139705541684782,1.4787108741025443,1.5497075554874074,Re,tree_35.log,yes,0.25,2
1.0019491970903132,6.030169265182889,18.765565736892242,ReMultiplier,tree_35,no,0.25,2
0.1569804235030667,0.5242883876822199,0.957284596190026,SSFrac,tree_35,no,0.25,2
1.4118105086064192,1.4787659568781395,1.5439487313944298,Re,tree_35,no,0.25,2
1.213388517351072,3.949551066226401,12.183884087349368,ReMultiplier,tree_36.log,yes,0.25,2
0.24853419636936264,0.28559233259253813,0.32561947284822995,SSFrac,tree_36.log,yes,0.25,2
1.441339626019348,1.5070508203176027,1.572496599735771,Re,tree_36.log,yes,0.25,2
1.0003156140620377,5.131203878205756,17.0322526813409,ReMultiplier,tree_36,no,0.25,2
0.005190261560391354,0.43859974356639064,0.818256586631039,SSFrac,tree_36,no,0.25,2
1.4388143343721878,1.5051638113940715,1.5719107421047054,Re,tree_36,no,0.25,2
1.0004505933524463,1.9217317477232179,4.032623996595192,ReMultiplier,tree_37.log,yes,0.25,2
0.2112539847228943,0.24933820511124247,0.28676132439113017,SSFrac,tree_37.log,yes,0.25,2
1.4440241790411585,1.5154083139608903,1.5877541479223998,Re,tree_37.log,yes,0.25,2
1.000068944378263,3.4524590220259963,15.935586395646695,ReMultiplier,tree_37,no,0.25,2
0.08686708973185434,0.643572991756405,0.9998999201607867,SSFrac,tree_37,no,0.25,2
1.4444396545772888,1.5140502273689758,1.5824774538625446,Re,tree_37,no,0.25,2
1.4767050044182986,9.402431918441021,22.255087472988677,ReMultiplier,tree_38.log,yes,0.25,2
0.23463231377756305,0.27143758860864486,0.31129332694304934,SSFrac,tree_38.log,yes,0.25,2
1.4850254224345942,1.550509712506274,1.6166030453807279,Re,tree_38.log,yes,0.25,2
1.0123546514477733,7.813122299530608,20.783183713174633,ReMultiplier,tree_38,no,0.25,2
0.1452131784633732,0.4353055270832997,0.8309437095722948,SSFrac,tree_38,no,0.25,2
1.4802794583932917,1.5484063234382721,1.610950371360422,Re,tree_38,no,0.25,2
1.069856879321738,2.8541481996738787,8.448800030700886,ReMultiplier,tree_39.log,yes,0.25,2
0.2204807551625181,0.2578587172320356,0.2966766643364821,SSFrac,tree_39.log,yes,0.25,2
1.4607497673426884,1.5385159691474044,1.6197987753326848,Re,tree_39.log,yes,0.25,2
1.000144290650827,4.746281513007151,16.222873507339838,ReMultiplier,tree_39,no,0.25,2
0.11860155631744732,0.5015739131383471,0.9642870176734712,SSFrac,tree_39,no,0.25,2
1.460287665842695,1.530344170380117,1.6036812391353021,Re,tree_39,no,0.25,2
1.6200263490111753,4.025171740557315,8.641757743490512,ReMultiplier,tree_3.log,yes,0.25,2
0.233650683826814,0.270656323565746,0.3101559819917334,SSFrac,tree_3.log,yes,0.25,2
1.413211630495062,1.484208706608836,1.5500702139313813,Re,tree_3.log,yes,0.25,2
1.1402623223055637,4.3794359520942265,10.89769127372474,ReMultiplier,tree_3,no,0.25,2
3.825551858287928e-4,0.2501384000643303,0.711130825396645,SSFrac,tree_3,no,0.25,2
1.4193253344260137,1.4842484434101961,1.5559414369665474,Re,tree_3,no,0.25,2
1.0002633446792337,1.5798888631723569,17.18261177462071,ReMultiplier,tree_40.log,yes,0.25,2
0.2509933104914576,0.2901331756057095,0.3295513302828252,SSFrac,tree_40.log,yes,0.25,2
1.3932180090572184,1.4617597263198499,1.5375846281658894,Re,tree_40.log,yes,0.25,2
1.001085293675029,6.77849386891388,21.898780091018683,ReMultiplier,tree_40,no,0.25,2
0.12544532223729032,0.44949948432122894,0.9999227612203672,SSFrac,tree_40,no,0.25,2
1.3884674208786112,1.454449173667932,1.52407299863937,Re,tree_40,no,0.25,2
1.6585201718162788,7.569867884791399,19.623769769683797,ReMultiplier,tree_41.log,yes,0.25,2
0.24234598393596804,0.27836114151671665,0.31950567782886996,SSFrac,tree_41.log,yes,0.25,2
1.392414017653691,1.4653781076569976,1.5414777726006206,Re,tree_41.log,yes,0.25,2
1.892663043422974,10.019796548451513,23.455270942330095,ReMultiplier,tree_41,no,0.25,2
0.11207903065236174,0.29193080988004677,0.5833255051545404,SSFrac,tree_41,no,0.25,2
1.3930437328944718,1.4655274582889095,1.5329433178072134,Re,tree_41,no,0.25,2
1.0018919983329806,2.215582574364735,10.80751686039719,ReMultiplier,tree_42.log,yes,0.25,2
0.2423320686080726,0.2813588446043639,0.3215135386601094,SSFrac,tree_42.log,yes,0.25,2
1.416269641231326,1.4860691733717482,1.5602610571742404,Re,tree_42.log,yes,0.25,2
1.0002154152985214,5.339431672037497,18.499023397850912,ReMultiplier,tree_42,no,0.25,2
1.7782455665679855e-4,0.5151903159275122,0.9116583314001702,SSFrac,tree_42,no,0.25,2
1.4137604152484229,1.4757083899793013,1.5435146624055052,Re,tree_42,no,0.25,2
1.004368917805053,2.754016274912329,23.036811286591522,ReMultiplier,tree_43.log,yes,0.25,2
0.21075497188050735,0.24965300549829658,0.28636987277259335,SSFrac,tree_43.log,yes,0.25,2
1.3561796634687533,1.4240351985666058,1.4932456385656592,Re,tree_43.log,yes,0.25,2
1.4337315512395883,12.30890531549954,28.988178648880226,ReMultiplier,tree_43,no,0.25,2
0.17685680755052832,0.39953490245075435,0.7252993560791149,SSFrac,tree_43,no,0.25,2
1.3581979660003352,1.4187187648757222,1.4808328988861301,Re,tree_43,no,0.25,2
1.00065689659243,2.146992206913507,23.781543564785558,ReMultiplier,tree_44.log,yes,0.25,2
0.2526555871044777,0.29193267516902144,0.33245539669202245,SSFrac,tree_44.log,yes,0.25,2
1.3877894026502,1.449557290684723,1.5096758656893594,Re,tree_44.log,yes,0.25,2
1.000203243428957,4.671565019221496,19.334565982814897,ReMultiplier,tree_44,no,0.25,2
0.1042174108364259,0.6781651391759789,0.9990096446371605,SSFrac,tree_44,no,0.25,2
1.3880226720515858,1.4494971424053738,1.5091778985382052,Re,tree_44,no,0.25,2
1.0000060134706266,2.131089728850992,16.13001153288795,ReMultiplier,tree_45.log,yes,0.25,2
0.2057846025292374,0.24259336532799797,0.2818971069872351,SSFrac,tree_45.log,yes,0.25,2
1.4261927961623568,1.4805237002186316,1.5404552611197861,Re,tree_45.log,yes,0.25,2
1.0001972332386264,3.0687012576431996,16.580276464449167,ReMultiplier,tree_45,no,0.25,2
0.0438505267535679,0.5924910994704208,0.999850459517161,SSFrac,tree_45,no,0.25,2
1.4260732662822817,1.4936191902402505,1.5625015338841426,Re,tree_45,no,0.25,2
1.113836306620219,5.177632568108157,16.57798601971703,ReMultiplier,tree_46.log,yes,0.25,2
0.23045937559811158,0.26844739905091053,0.30684949976294495,SSFrac,tree_46.log,yes,0.25,2
1.4342357225937679,1.5056124459455216,1.5721688642179912,Re,tree_46.log,yes,0.25,2
1.1390241650372044,6.434801439036141,18.583989112645607,ReMultiplier,tree_46,no,0.25,2
0.035764718128906005,0.3667452933181887,0.7035211354951905,SSFrac,tree_46,no,0.25,2
1.4383896548157553,1.5046284091488649,1.573126384723928,Re,tree_46,no,0.25,2
1.0004412620494256,1.5156332132357397,2.3905640974470095,ReMultiplier,tree_47.log,yes,0.25,2
0.22447045714380254,0.2611647607937843,0.30142633619373527,SSFrac,tree_47.log,yes,0.25,2
1.3467441426613092,1.4170006124138927,1.4823273916950568,Re,tree_47.log,yes,0.25,2
1.000018715081225,1.9921911604247673,12.801243751049782,ReMultiplier,tree_47,no,0.25,2
1.6587541996832386e-5,0.6793133433898051,0.9782941876673619,SSFrac,tree_47,no,0.25,2
1.3485443919066875,1.4175482626457305,1.489796424785784,Re,tree_47,no,0.25,2
2.5742228328152943,11.371321583230651,25.19143740033516,ReMultiplier,tree_48.log,yes,0.25,2
0.2341703929802884,0.27157860760885,0.3111512192346749,SSFrac,tree_48.log,yes,0.25,2
1.4090002817064613,1.4692415051988523,1.5346760272503441,Re,tree_48.log,yes,0.25,2
1.545415889838439,9.947801134509753,24.591508324792603,ReMultiplier,tree_48,no,0.25,2
0.13125125698246098,0.3629995547670283,0.691996883400717,SSFrac,tree_48,no,0.25,2
1.4097606616299305,1.4695586833910408,1.533617611960089,Re,tree_48,no,0.25,2
1.0451292467136595,2.574029957801744,6.632820372238957,ReMultiplier,tree_49.log,yes,0.25,2
0.2016672983078028,0.23869859850860586,0.27707382944831627,SSFrac,tree_49.log,yes,0.25,2
1.4267274353637365,1.4980104446188096,1.5673374016279342,Re,tree_49.log,yes,0.25,2
1.0005366280802657,6.007045752449123,18.84726677621732,ReMultiplier,tree_49,no,0.25,2
0.0045425197610991066,0.43225485477012093,0.8230457017747519,SSFrac,tree_49,no,0.25,2
1.4223517878357894,1.4820344227182,1.5439917045133795,Re,tree_49,no,0.25,2
3.5404827421242158,15.197947011135925,31.15340225010945,ReMultiplier,tree_4.log,yes,0.25,2
0.2130379740359187,0.24989114529613882,0.28688938704850514,SSFrac,tree_4.log,yes,0.25,2
1.41490155289873,1.4846403860245192,1.5543889052804103,Re,tree_4.log,yes,0.25,2
2.5291900032570305,13.039700352101345,29.03812369425903,ReMultiplier,tree_4,no,0.25,2
0.15323817834754463,0.352988740712022,0.6156040378153623,SSFrac,tree_4,no,0.25,2
1.4155819912295216,1.4848367218492444,1.553762594780966,Re,tree_4,no,0.25,2
1.0727407924985033,4.700614923390929,19.778895887029368,ReMultiplier,tree_50.log,yes,0.25,2
0.2153398852840859,0.25216418517995304,0.2897759445914868,SSFrac,tree_50.log,yes,0.25,2
1.4088419432051102,1.4741083994353625,1.5459422483024663,Re,tree_50.log,yes,0.25,2
1.0029184137958276,6.526358464350376,19.614235134065048,ReMultiplier,tree_50,no,0.25,2
0.11421169848118469,0.4592973506674555,0.9108924346212667,SSFrac,tree_50,no,0.25,2
1.4111934990455908,1.4781046960399506,1.5434521914118478,Re,tree_50,no,0.25,2
2.3051139351859278,9.315845685839097,21.647320941549342,ReMultiplier,tree_51.log,yes,0.25,2
0.26046807191896587,0.30089023882222754,0.3403560599711896,SSFrac,tree_51.log,yes,0.25,2
1.4385476360310372,1.5113808534918642,1.5867179161372658,Re,tree_51.log,yes,0.25,2
3.296109754582785,11.289422932647277,25.210797662166044,ReMultiplier,tree_51,no,0.25,2
0.08993702544158379,0.24918925010867482,0.47033267857960137,SSFrac,tree_51,no,0.25,2
1.4382191680966414,1.50341780017758,1.5746717795007725,Re,tree_51,no,0.25,2
1.000097837864071,2.016568839910294,4.662109162829574,ReMultiplier,tree_52.log,yes,0.25,2
0.21512241936741083,0.2533453518746698,0.2896395372615424,SSFrac,tree_52.log,yes,0.25,2
1.4405987717119404,1.5158439687475682,1.5929452494425262,Re,tree_52.log,yes,0.25,2
1.000393877316965,3.425393708002632,14.700354909405593,ReMultiplier,tree_52,no,0.25,2
7.552394436272084e-5,0.5324147642495332,0.9339623535725831,SSFrac,tree_52,no,0.25,2
1.4390502275291397,1.5111701468613243,1.5877669595904815,Re,tree_52,no,0.25,2
1.9918796945081971,12.052507564548433,26.88932655949643,ReMultiplier,tree_53.log,yes,0.25,2
0.24493345663557417,0.2842547810897899,0.3210587320487244,SSFrac,tree_53.log,yes,0.25,2
1.4219630883148384,1.4871869165323284,1.5538945734397673,Re,tree_53.log,yes,0.25,2
2.5039393870519757,12.388347249685086,27.663636173673336,ReMultiplier,tree_53,no,0.25,2
0.12084694078555092,0.3018566155849093,0.5592792995079303,SSFrac,tree_53,no,0.25,2
1.4206682351047342,1.4871804413405494,1.5524271090182173,Re,tree_53,no,0.25,2
1.0045451495701085,4.563848510147249,20.465779996318748,ReMultiplier,tree_54.log,yes,0.25,2
0.19672820882592532,0.23185807096117667,0.27031243640245944,SSFrac,tree_54.log,yes,0.25,2
1.4048486177297606,1.470417919754333,1.531435751599224,Re,tree_54.log,yes,0.25,2
1.0003334493664753,2.63009053464095,11.944461594177831,ReMultiplier,tree_54,no,0.25,2
0.0495066005906886,0.6375476287585038,0.999496959312373,SSFrac,tree_54,no,0.25,2
1.4056345049719008,1.482863291351204,1.5529555905647732,Re,tree_54,no,0.25,2
1.1964980432003403,4.663793161401619,18.161762761297727,ReMultiplier,tree_55.log,yes,0.25,2
0.2358100975401394,0.2733465362559461,0.3124850662585596,SSFrac,tree_55.log,yes,0.25,2
1.4610342063967026,1.5268039657955534,1.5947839384497102,Re,tree_55.log,yes,0.25,2
1.0000232370172242,4.465864539578538,16.568503222233225,ReMultiplier,tree_55,no,0.25,2
4.298929764325102e-6,0.5455633256814068,0.915070005518197,SSFrac,tree_55,no,0.25,2
1.461477103183131,1.5251798310091733,1.5913025190526942,Re,tree_55,no,0.25,2
1.0059125089274397,2.295412548182722,7.328281010215887,ReMultiplier,tree_56.log,yes,0.25,2
0.21693424060591707,0.2557174452449096,0.29410921913766647,SSFrac,tree_56.log,yes,0.25,2
1.4127252652933475,1.4828400744625236,1.5637927698613876,Re,tree_56.log,yes,0.25,2
1.0130292518024901,5.185687739679221,15.448292749279572,ReMultiplier,tree_56,no,0.25,2
0.04486696307923554,0.3933517745311787,0.8325379927282791,SSFrac,tree_56,no,0.25,2
1.4053405977710027,1.4695722600171874,1.5337899469472547,Re,tree_56,no,0.25,2
1.7877569032108875,4.972329481428663,12.66728759703869,ReMultiplier,tree_57.log,yes,0.25,2
0.21556678196386775,0.2526752894991983,0.2897377888641867,SSFrac,tree_57.log,yes,0.25,2
1.4868587508822702,1.5584403127260924,1.630522981106016,Re,tree_57.log,yes,0.25,2
1.4727316965727026,5.603018212794018,15.225770266727269,ReMultiplier,tree_57,no,0.25,2
0.024803944777256177,0.2468220142222991,0.5896764050318412,SSFrac,tree_57,no,0.25,2
1.4860385085137462,1.5571494132794454,1.630713715268693,Re,tree_57,no,0.25,2
1.0257598915344537,5.981708082241505,21.496587502104408,ReMultiplier,tree_58.log,yes,0.25,2
0.2390973534540725,0.27855692095866214,0.31610638331808255,SSFrac,tree_58.log,yes,0.25,2
1.4781235726363016,1.5404318179071788,1.6016973987492058,Re,tree_58.log,yes,0.25,2
1.000160314632139,7.591032743179,22.46161763145722,ReMultiplier,tree_58,no,0.25,2
0.1449394596591216,0.4774559662254738,0.9470776011347681,SSFrac,tree_58,no,0.25,2
1.479398159845716,1.544365335527439,1.6127794114415255,Re,tree_58,no,0.25,2
1.0038888350722812,3.4505234140313505,10.437568198216274,ReMultiplier,tree_59.log,yes,0.25,2
0.18730869555333732,0.22127819572748436,0.25901936982072554,SSFrac,tree_59.log,yes,0.25,2
1.4189053487779182,1.4840706690979648,1.5485057907224746,Re,tree_59.log,yes,0.25,2
1.0001063494609337,2.548284936818486,9.665377114946605,ReMultiplier,tree_59,no,0.25,2
0.0011435886745633436,0.5143642526228263,0.9594211753095686,SSFrac,tree_59,no,0.25,2
1.4300537458064642,1.4994262249647106,1.5701887232023526,Re,tree_59,no,0.25,2
2.1334793548820894,8.465188033466424,21.245020706881714,ReMultiplier,tree_5.log,yes,0.25,2
0.18234558197683357,0.21586875545368564,0.2533048862746611,SSFrac,tree_5.log,yes,0.25,2
1.422758179666151,1.4978988400467403,1.5726677375806302,Re,tree_5.log,yes,0.25,2
2.330290639380378,8.563421016363097,20.546692771276998,ReMultiplier,tree_5,no,0.25,2
0.10469049950179928,0.3009867015798161,0.5749840014337414,SSFrac,tree_5,no,0.25,2
1.4273914684015978,1.4987699264484904,1.5766176163945622,Re,tree_5,no,0.25,2
1.5091217391952043,10.186281039480852,28.1348127592098,ReMultiplier,tree_60.log,yes,0.25,2
0.18905735805056345,0.22557140234816825,0.26051493960810024,SSFrac,tree_60.log,yes,0.25,2
1.4191721004462947,1.4870592804445004,1.5525498614145505,Re,tree_60.log,yes,0.25,2
1.0004057993481958,2.9392184695008132,13.521782356834159,ReMultiplier,tree_60,no,0.25,2
0.058447040985095865,0.6508676520819805,0.9989639574200302,SSFrac,tree_60,no,0.25,2
1.4242411769151295,1.5023851698585151,1.5749928177086303,Re,tree_60,no,0.25,2
1.043049721568573,7.761038048522609,21.027072157575045,ReMultiplier,tree_61.log,yes,0.25,2
0.2450604132249717,0.28351597039475585,0.32368420919925467,SSFrac,tree_61.log,yes,0.25,2
1.4252643528108753,1.486369872822346,1.5493176855975654,Re,tree_61.log,yes,0.25,2
1.0024046829590694,7.637914431769147,20.973611219229987,ReMultiplier,tree_61,no,0.25,2
0.14221373217641092,0.44205633717662407,0.8679127811767056,SSFrac,tree_61,no,0.25,2
1.4251640595903612,1.4853660162798632,1.5475999041038992,Re,tree_61,no,0.25,2
1.0008094167451151,1.6157186986980279,2.6904537253042458,ReMultiplier,tree_62.log,yes,0.25,2
0.21382503605003775,0.25018895324561435,0.28991348412305246,SSFrac,tree_62.log,yes,0.25,2
1.3594124432931938,1.4218761845074914,1.4849022195103532,Re,tree_62.log,yes,0.25,2
1.0001190325016345,2.994634321453767,14.33352003653894,ReMultiplier,tree_62,no,0.25,2
0.05806350884689385,0.6622072986797086,0.9999763419701487,SSFrac,tree_62,no,0.25,2
1.3644426418667293,1.4208676251076693,1.4846786520563122,Re,tree_62,no,0.25,2
1.0000174575650906,1.7142351338274668,3.327619819793458,ReMultiplier,tree_63.log,yes,0.25,2
0.24679485660758935,0.2849687667006304,0.3265729235182703,SSFrac,tree_63.log,yes,0.25,2
1.4452008129269955,1.5154097578026005,1.5876059964610836,Re,tree_63.log,yes,0.25,2
1.0000183035636367,3.0140524859279454,10.643728544700284,ReMultiplier,tree_63,no,0.25,2
0.0010800607699472317,0.48586163361675183,0.9345477783550376,SSFrac,tree_63,no,0.25,2
1.4460670812332412,1.514553661452238,1.5863667036271587,Re,tree_63,no,0.25,2
1.4066143800742732,3.7039413119823026,9.069441800126926,ReMultiplier,tree_64.log,yes,0.25,2
0.23173004697523608,0.26972167931230373,0.3080533698624565,SSFrac,tree_64.log,yes,0.25,2
1.384273210798679,1.4654163087934169,1.5427475488663254,Re,tree_64.log,yes,0.25,2
1.0029434110340663,4.2160365193432945,13.243526692858891,ReMultiplier,tree_64,no,0.25,2
0.026508586472155867,0.3696810784863417,0.8419438196643759,SSFrac,tree_64,no,0.25,2
1.395889775353088,1.4684400267082638,1.5423128922095193,Re,tree_64,no,0.25,2
2.12420065910995,7.386376160078493,16.831426229745105,ReMultiplier,tree_65.log,yes,0.25,2
0.22650333677116735,0.2645102527422559,0.3030262316751737,SSFrac,tree_65.log,yes,0.25,2
1.4559660824297158,1.5172497300407468,1.5786149696772813,Re,tree_65.log,yes,0.25,2
1.0009739103999449,4.30827333023549,15.100279667537905,ReMultiplier,tree_65,no,0.25,2
1.3423435253889395e-5,0.3841710750849491,0.8845646673825917,SSFrac,tree_65,no,0.25,2
1.4653542828294204,1.5357968711424657,1.6135650064380065,Re,tree_65,no,0.25,2
2.3149241980109894,5.432128790227219,11.576959619509571,ReMultiplier,tree_66.log,yes,0.25,2
0.21580304480939716,0.2520379222160024,0.2896799880365451,SSFrac,tree_66.log,yes,0.25,2
1.4189169991460395,1.48071499970412,1.543779990348515,Re,tree_66.log,yes,0.25,2
1.3071261928256754,3.8890288937721715,6.953434215010372,ReMultiplier,tree_66,no,0.25,2
0.0012050350560920966,0.09417652594065126,0.6971409681538903,SSFrac,tree_66,no,0.25,2
1.4209369400672507,1.5023078607068463,1.5790838990547018,Re,tree_66,no,0.25,2
1.716317481109161,5.966121720157095,15.379321033937012,ReMultiplier,tree_67.log,yes,0.25,2
0.24189412257929563,0.2783995366397301,0.31897354938264766,SSFrac,tree_67.log,yes,0.25,2
1.4091743938660164,1.4710238779697606,1.5355094896845198,Re,tree_67.log,yes,0.25,2
1.0057122339930316,7.267581356904717,19.05884246708803,ReMultiplier,tree_67,no,0.25,2
0.12574102191833797,0.3813588213869674,0.7687587534376373,SSFrac,tree_67,no,0.25,2
1.406947461190204,1.4714727342892286,1.5317053108092336,Re,tree_67,no,0.25,2
1.0001293435669563,1.5279802722465567,2.4903620790500245,ReMultiplier,tree_68.log,yes,0.25,2
0.1904889042102631,0.2268082308167508,0.26235724453115783,SSFrac,tree_68.log,yes,0.25,2
1.451660494628953,1.525324231746554,1.592989898134249,Re,tree_68.log,yes,0.25,2
1.0001280265435981,2.079668519048151,9.324945783311684,ReMultiplier,tree_68,no,0.25,2
2.3475441272709357e-5,0.6004028197985515,0.9733807849204088,SSFrac,tree_68,no,0.25,2
1.4513108578560652,1.5312055401496139,1.601729396692334,Re,tree_68,no,0.25,2
1.1848663548950435,3.1765164089361635,10.043696601329929,ReMultiplier,tree_69.log,yes,0.25,2
0.19484389236779245,0.2296745702808251,0.2670207882326357,SSFrac,tree_69.log,yes,0.25,2
1.3683963791843619,1.4431943949024828,1.5189141662738457,Re,tree_69.log,yes,0.25,2
2.468893381319042,10.042005848842752,23.98413084638861,ReMultiplier,tree_69,no,0.25,2
0.12327885884810665,0.32164411076040456,0.5962232630056666,SSFrac,tree_69,no,0.25,2
1.3727044476184889,1.4329448109851026,1.4968394779598806,Re,tree_69,no,0.25,2
1.000047300340461,1.6880825087606488,2.9335482823251087,ReMultiplier,tree_6.log,yes,0.25,2
0.22330479827672076,0.2627494281089343,0.2993995920016535,SSFrac,tree_6.log,yes,0.25,2
1.4489260040223417,1.5239102668029822,1.599555055358084,Re,tree_6.log,yes,0.25,2
1.0002510625803507,3.583493955645249,14.760365398047409,ReMultiplier,tree_6,no,0.25,2
0.0690264757048496,0.6082063986936449,0.9999622776911825,SSFrac,tree_6,no,0.25,2
1.4423169551693893,1.5091659426061834,1.5759718615913139,Re,tree_6,no,0.25,2
1.080428334059831,4.573788785078927,17.251581398125882,ReMultiplier,tree_70.log,yes,0.25,2
0.20701797512304576,0.2424312072475893,0.2815148971425087,SSFrac,tree_70.log,yes,0.25,2
1.4473216332326089,1.5112501963967324,1.5768563307153651,Re,tree_70.log,yes,0.25,2
1.0005446923814871,4.117085465255772,16.89098252635973,ReMultiplier,tree_70,no,0.25,2
0.0628510623309118,0.47960113224771317,0.9997952572560352,SSFrac,tree_70,no,0.25,2
1.4508245440610754,1.5251864983997654,1.6097845460375102,Re,tree_70,no,0.25,2
1.0003681266756919,2.4362139171092796,22.79610733067222,ReMultiplier,tree_71.log,yes,0.25,2
0.2055217682745381,0.24452820283506327,0.28142738181025584,SSFrac,tree_71.log,yes,0.25,2
1.3426733928111938,1.4038472486462465,1.4680877653117235,Re,tree_71.log,yes,0.25,2
1.0009163299544475,5.35113712520768,19.560869553528022,ReMultiplier,tree_71,no,0.25,2
0.1256318487835541,0.5971575661541141,0.9999481809632208,SSFrac,tree_71,no,0.25,2
1.3461684676833343,1.4096972832023402,1.4738134786100379,Re,tree_71,no,0.25,2
1.0016274367888827,3.5552692649420288,13.767971393501796,ReMultiplier,tree_72.log,yes,0.25,2
0.26417361916248294,0.3045625562565509,0.3452469465429547,SSFrac,tree_72.log,yes,0.25,2
1.3622950609153683,1.424644545216086,1.4858156102404527,Re,tree_72.log,yes,0.25,2
1.000827019275337,3.859108493959458,15.920657517317307,ReMultiplier,tree_72,no,0.25,2
0.08633916577081435,0.5409403371735066,0.9998139782349694,SSFrac,tree_72,no,0.25,2
1.3616641478047462,1.429546246793079,1.4956469071740017,Re,tree_72,no,0.25,2
1.0018891304787143,1.6931386676297433,2.565243641172154,ReMultiplier,tree_73.log,yes,0.25,2
0.21293248326229142,0.24977390487860493,0.28800422481489374,SSFrac,tree_73.log,yes,0.25,2
1.3997162366610172,1.4791616105002343,1.549812422804881,Re,tree_73.log,yes,0.25,2
1.0000457004359098,3.9422119167634966,16.24364961986684,ReMultiplier,tree_73,no,0.25,2
0.11113875395321088,0.6503899152308177,0.9998526869593645,SSFrac,tree_73,no,0.25,2
1.4028608477283975,1.4667234165437573,1.5309768577846496,Re,tree_73,no,0.25,2
1.001717377218919,2.4900827981551323,9.562257441080677,ReMultiplier,tree_74.log,yes,0.25,2
0.21390430718126097,0.2502735637259983,0.289668108953874,SSFrac,tree_74.log,yes,0.25,2
1.4258395128953332,1.4893640559738879,1.5580672760450256,Re,tree_74.log,yes,0.25,2
1.0004650171568505,3.3371899114606833,14.051888901555836,ReMultiplier,tree_74,no,0.25,2
1.5902164015435403e-5,0.5493012278369308,0.9382476474722922,SSFrac,tree_74,no,0.25,2
1.4234657090045333,1.491730902907253,1.5615456196093782,Re,tree_74,no,0.25,2
3.410781673829662,9.651913125183505,20.872844939675744,ReMultiplier,tree_75.log,yes,0.25,2
0.19529190649339612,0.23135162717700591,0.2674329278187648,SSFrac,tree_75.log,yes,0.25,2
1.4242051100488848,1.490856110931749,1.5585965527062917,Re,tree_75.log,yes,0.25,2
1.0013901772980278,4.470440829380789,14.79538134146882,ReMultiplier,tree_75,no,0.25,2
0.03044032437737412,0.36859912117738614,0.8442587436927979,SSFrac,tree_75,no,0.25,2
1.4295330065935352,1.5037649962302329,1.582994595755428,Re,tree_75,no,0.25,2
1.0000503490204098,3.5117540713850155,13.363732173483962,ReMultiplier,tree_76.log,yes,0.25,2
0.23219496004469573,0.26875744439053095,0.309260184621529,SSFrac,tree_76.log,yes,0.25,2
1.4202150161281064,1.479332826282814,1.5433186599746473,Re,tree_76.log,yes,0.25,2
1.000502075681931,5.1324841249392605,15.844930221101963,ReMultiplier,tree_76,no,0.25,2
0.0844257179133878,0.46204146797442386,0.907890247942073,SSFrac,tree_76,no,0.25,2
1.4209521712152358,1.4846963707078658,1.548644659502936,Re,tree_76,no,0.25,2
1.0216760025398677,5.094907789497183,19.63398836155529,ReMultiplier,tree_77.log,yes,0.25,2
0.19942726865332291,0.23638856929975888,0.2721190291851454,SSFrac,tree_77.log,yes,0.25,2
1.4504672486612913,1.5188662527854349,1.5872138609548871,Re,tree_77.log,yes,0.25,2
1.0058653885250712,6.014323199054735,18.748638432154948,ReMultiplier,tree_77,no,0.25,2
0.05108482172013641,0.425669686576165,0.8183282093232628,SSFrac,tree_77,no,0.25,2
1.4493160562659313,1.5180496509646588,1.5823016140346489,Re,tree_77,no,0.25,2
1.2354664332933472,2.3796232063116403,3.861840348161813,ReMultiplier,tree_78.log,yes,0.25,2
0.2415426288591423,0.2795128148281526,0.3191816641299591,SSFrac,tree_78.log,yes,0.25,2
1.3872325359651412,1.4578268266104502,1.5307079417544873,Re,tree_78.log,yes,0.25,2
1.000654429143091,3.202022292405096,14.175261038624706,ReMultiplier,tree_78,no,0.25,2
6.498507348883603e-5,0.5361993626934072,0.9515843228317408,SSFrac,tree_78,no,0.25,2
1.385019281526772,1.453437068947125,1.520277107449437,Re,tree_78,no,0.25,2
1.0042142538796677,2.875246553734437,14.712996736463513,ReMultiplier,tree_79.log,yes,0.25,2
0.2345146546560118,0.2724362013244732,0.3138372561519216,SSFrac,tree_79.log,yes,0.25,2
1.4274861055395485,1.4906773244251985,1.5589825500724603,Re,tree_79.log,yes,0.25,2
1.0006578394204304,2.902168436813359,13.206142855876928,ReMultiplier,tree_79,no,0.25,2
8.212199177627788e-5,0.5972281865259559,0.9557340945543898,SSFrac,tree_79,no,0.25,2
1.432790994858228,1.5043614708613693,1.5741104588720913,Re,tree_79,no,0.25,2
1.0001271364832265,1.81958837236342,6.513459314159358,ReMultiplier,tree_7.log,yes,0.25,2
0.1850783814858012,0.22217010244183494,0.2576967715494039,SSFrac,tree_7.log,yes,0.25,2
1.4365199823014265,1.4991799024322416,1.5611954062391367,Re,tree_7.log,yes,0.25,2
1.0047726499461276,7.040258279634635,20.067992358120513,ReMultiplier,tree_7,no,0.25,2
0.09674252291619558,0.4197874134526933,0.8540232189548308,SSFrac,tree_7,no,0.25,2
1.4347563043665585,1.5008959495553238,1.5643762729700263,Re,tree_7,no,0.25,2
1.002548843653908,2.461441685281595,5.292952860686632,ReMultiplier,tree_80.log,yes,0.25,2
0.2083553868254698,0.24530608636675214,0.28347054125809074,SSFrac,tree_80.log,yes,0.25,2
1.453217297501392,1.5230089022808335,1.5938455923448502,Re,tree_80.log,yes,0.25,2
1.0001779128758759,4.746255665429599,15.144700430506827,ReMultiplier,tree_80,no,0.25,2
0.0018843728179654565,0.46453895040288135,0.8486570269142915,SSFrac,tree_80,no,0.25,2
1.4531107198433302,1.5225090874842462,1.5924680601353658,Re,tree_80,no,0.25,2
1.0037010966414703,2.3658629457068097,5.800298957189254,ReMultiplier,tree_81.log,yes,0.25,2
0.22957144020138157,0.26890088883973695,0.306280891088631,SSFrac,tree_81.log,yes,0.25,2
1.4065069203547542,1.4740398542744158,1.5443147572181612,Re,tree_81.log,yes,0.25,2
1.0001281460597724,4.060824096617451,15.214432096834061,ReMultiplier,tree_81,no,0.25,2
0.08905035190179242,0.5699577696369603,0.9994354368915742,SSFrac,tree_81,no,0.25,2
1.4062204031228642,1.4739504943846207,1.5439078752158102,Re,tree_81,no,0.25,2
1.0021480203550244,2.682903837952721,23.966925369737428,ReMultiplier,tree_82.log,yes,0.25,2
0.20715258103913642,0.24374627933064222,0.28243814450917,SSFrac,tree_82.log,yes,0.25,2
1.382853038836891,1.4556876649722232,1.534704149208131,Re,tree_82.log,yes,0.25,2
3.2783785449268166,14.96853935251421,31.91558593744009,ReMultiplier,tree_82,no,0.25,2
0.14173768260819378,0.3160121432748842,0.5684812560334285,SSFrac,tree_82,no,0.25,2
1.3811692195053382,1.4472980720191595,1.5097636653386666,Re,tree_82,no,0.25,2
1.0040195050896543,7.459429730946256,21.936962698401864,ReMultiplier,tree_83.log,yes,0.25,2
0.23331329851255297,0.2703506329409854,0.30987126405871607,SSFrac,tree_83.log,yes,0.25,2
1.42105892262118,1.489553103681461,1.5603014772739867,Re,tree_83.log,yes,0.25,2
1.0152972150335888,8.940119069983535,22.310849484015243,ReMultiplier,tree_83,no,0.25,2
0.16183267407599894,0.4073951009379918,0.7976388731432215,SSFrac,tree_83,no,0.25,2
1.423345808308303,1.4886433313172174,1.5543985361348895,Re,tree_83,no,0.25,2
1.0000346728244938,1.4997450744609726,2.452572189283537,ReMultiplier,tree_84.log,yes,0.25,2
0.20042123902181708,0.23698787853642986,0.27596741958131793,SSFrac,tree_84.log,yes,0.25,2
1.3957170406466788,1.463767395495283,1.5348232507985184,Re,tree_84.log,yes,0.25,2
1.0001252769403934,2.786202478759612,13.553353370047871,ReMultiplier,tree_84,no,0.25,2
2.0010742052041653e-5,0.612451664526167,0.9617651324579685,SSFrac,tree_84,no,0.25,2
1.392429708955737,1.4650591764958525,1.5375297496982243,Re,tree_84,no,0.25,2
1.3260817979493456,5.857917522014241,17.565019967587194,ReMultiplier,tree_85.log,yes,0.25,2
0.2572071907134505,0.29413489159237227,0.336524541200597,SSFrac,tree_85.log,yes,0.25,2
1.389145992861688,1.4553006826369765,1.518132806012391,Re,tree_85.log,yes,0.25,2
1.00275606385952,6.228322641799091,18.3138605408766,ReMultiplier,tree_85,no,0.25,2
0.12141218753526468,0.4611708344852267,0.8980181187916222,SSFrac,tree_85,no,0.25,2
1.3904153260148007,1.4530722044349509,1.5192371476660023,Re,tree_85,no,0.25,2
1.0090281571830035,2.828150290940227,10.503284582409226,ReMultiplier,tree_86.log,yes,0.25,2
0.2114572307410595,0.24755049160547493,0.2847117443632274,SSFrac,tree_86.log,yes,0.25,2
1.452488765032353,1.5202851903078447,1.5907665607993506,Re,tree_86.log,yes,0.25,2
1.0003064058154783,3.5321171381897662,14.976052350886697,ReMultiplier,tree_86,no,0.25,2
1.9581157035346203e-6,0.5984088499523444,0.9398547506212326,SSFrac,tree_86,no,0.25,2
1.4522202776488324,1.521380966104708,1.589458846619365,Re,tree_86,no,0.25,2
1.0020526432916135,1.9939872885192598,8.60970813736615,ReMultiplier,tree_87.log,yes,0.25,2
0.19783124722636472,0.23280059582261903,0.2711971217246057,SSFrac,tree_87.log,yes,0.25,2
1.4196088222285375,1.4916852887236756,1.5636374413887624,Re,tree_87.log,yes,0.25,2
1.0003112774252805,2.384811485586524,11.487765017763143,ReMultiplier,tree_87,no,0.25,2
1.8431895162754656e-4,0.6119185464448461,0.970721203945426,SSFrac,tree_87,no,0.25,2
1.4204650877675136,1.4923971312598714,1.5665082837522772,Re,tree_87,no,0.25,2
1.0009714344712441,1.8179257532438433,3.2663623648950457,ReMultiplier,tree_88.log,yes,0.25,2
0.2198985099987342,0.2580739070904921,0.2961650469296873,SSFrac,tree_88.log,yes,0.25,2
1.3862120796521757,1.4508839344986002,1.5196864689699192,Re,tree_88.log,yes,0.25,2
1.000159136504346,2.1088681729785335,10.052150120052401,ReMultiplier,tree_88,no,0.25,2
0.027651643210941993,0.6403154259406817,0.9999954636775645,SSFrac,tree_88,no,0.25,2
1.384190158486281,1.454856290911247,1.5273598628175735,Re,tree_88,no,0.25,2
1.0084939210799406,2.654337458375217,22.370648803562723,ReMultiplier,tree_89.log,yes,0.25,2
0.2175962038487597,0.2555851670703433,0.29460283315132385,SSFrac,tree_89.log,yes,0.25,2
1.414004779892802,1.487453791356085,1.5643871514811463,Re,tree_89.log,yes,0.25,2
1.0000650383384933,4.730789833881135,18.867698545084675,ReMultiplier,tree_89,no,0.25,2
0.08122169986375045,0.5598101681563623,0.9992490111497505,SSFrac,tree_89,no,0.25,2
1.4152593512841043,1.4840599692934617,1.553795970064407,Re,tree_89,no,0.25,2
1.0788238806659924,4.41319100011115,28.419976357753576,ReMultiplier,tree_8.log,yes,0.25,2
0.19375852728674886,0.2290333294153352,0.2676843149257241,SSFrac,tree_8.log,yes,0.25,2
1.3842490294707328,1.4595081784724093,1.5320168386044668,Re,tree_8.log,yes,0.25,2
1.0012966679873672,9.873987637989313,25.427148243456468,ReMultiplier,tree_8,no,0.25,2
0.19632577617858515,0.45635002566890237,0.9251444030199437,SSFrac,tree_8,no,0.25,2
1.3897896648194816,1.460746548594071,1.5297312195101993,Re,tree_8,no,0.25,2
1.7704445044606092,4.355669870509926,9.37970851570113,ReMultiplier,tree_90.log,yes,0.25,2
0.2180172675686349,0.25795784874064365,0.294416519723494,SSFrac,tree_90.log,yes,0.25,2
1.426113422111944,1.4927526160233804,1.559032031819742,Re,tree_90.log,yes,0.25,2
2.366417662895966,5.416393313996113,10.701223303721056,ReMultiplier,tree_90,no,0.25,2
0.015296780797147311,0.1717338539659061,0.4452661457619981,SSFrac,tree_90,no,0.25,2
1.430074375598272,1.4959675527205976,1.5651525605154772,Re,tree_90,no,0.25,2
2.0084662762789067,5.440502699907166,14.223925526535202,ReMultiplier,tree_91.log,yes,0.25,2
0.19139322895433925,0.22554892540197388,0.2638378181656716,SSFrac,tree_91.log,yes,0.25,2
1.351476065103719,1.4120176160548037,1.472379751806166,Re,tree_91.log,yes,0.25,2
2.129765714281488,6.259981268200545,17.278166456112437,ReMultiplier,tree_91,no,0.25,2
0.01585583683712531,0.25873798224451516,0.571465917017598,SSFrac,tree_91,no,0.25,2
1.3510213191097127,1.4121762686346355,1.4756744285898475,Re,tree_91,no,0.25,2
1.0001359385987072,2.2578331234201086,5.745023089013057,ReMultiplier,tree_92.log,yes,0.25,2
0.19747584039791816,0.2331376511042237,0.2711472712098003,SSFrac,tree_92.log,yes,0.25,2
1.3943975878689936,1.4625243342467296,1.5349919831866787,Re,tree_92.log,yes,0.25,2
1.0009654717476155,4.386817035013573,14.976714607188134,ReMultiplier,tree_92,no,0.25,2
9.134307548069929e-7,0.4164423244947485,0.8588757517607478,SSFrac,tree_92,no,0.25,2
1.3942489613752729,1.456088591556761,1.5224011161494586,Re,tree_92,no,0.25,2
1.0008356067372812,3.584392632386959,17.86865630318821,ReMultiplier,tree_93.log,yes,0.25,2
0.2432416944554394,0.28044103941617765,0.31943984771940986,SSFrac,tree_93.log,yes,0.25,2
1.4219101622306773,1.4859976938948973,1.551141766813352,Re,tree_93.log,yes,0.25,2
1.0013262853268663,5.840147363600101,18.92787865563644,ReMultiplier,tree_93,no,0.25,2
0.1677598222668099,0.5305383029481103,0.9996077412440488,SSFrac,tree_93,no,0.25,2
1.4260424875071165,1.4895469739822236,1.5546049947182403,Re,tree_93,no,0.25,2
2.5671590595932403,11.211567533744805,25.766256478632275,ReMultiplier,tree_94.log,yes,0.25,2
0.23533222311969063,0.27567386325715804,0.3124282891777936,SSFrac,tree_94.log,yes,0.25,2
1.5024874820326186,1.5706563084267133,1.641459355745128,Re,tree_94.log,yes,0.25,2
2.5185066563382223,12.738309850628283,27.74053015156173,ReMultiplier,tree_94,no,0.25,2
0.1373175299359888,0.31232217205350277,0.5705947585727202,SSFrac,tree_94,no,0.25,2
1.4975958359629138,1.570546994975288,1.637970263870526,Re,tree_94,no,0.25,2
1.0005273113657747,2.850347728413922,7.404033693436668,ReMultiplier,tree_95.log,yes,0.25,2
0.21096590773222257,0.24915439220893407,0.28692687046434534,SSFrac,tree_95.log,yes,0.25,2
1.398634547639387,1.467515941019009,1.5365420869786182,Re,tree_95.log,yes,0.25,2
1.000000955033001,5.1306285585507,15.335624193987464,ReMultiplier,tree_95,no,0.25,2
0.024101293670440244,0.408651869955632,0.7964651594721233,SSFrac,tree_95,no,0.25,2
1.3981797869244101,1.4716580439831404,1.5416387555522253,Re,tree_95,no,0.25,2
1.000174221162177,2.2876300037046606,4.561618825443608,ReMultiplier,tree_96.log,yes,0.25,2
0.2183205975076149,0.25542636063929525,0.2944616485986972,SSFrac,tree_96.log,yes,0.25,2
1.4136981560482496,1.4801727346978766,1.549626489950373,Re,tree_96.log,yes,0.25,2
1.0003794073061134,2.716829221334434,11.381875602921788,ReMultiplier,tree_96,no,0.25,2
0.05627756614071924,0.6037641337517525,0.9998196562678762,SSFrac,tree_96,no,0.25,2
1.4170146585132286,1.479941990035516,1.548486831859865,Re,tree_96,no,0.25,2
1.0002848578082535,9.135989358983112,24.170507736727984,ReMultiplier,tree_97.log,yes,0.25,2
0.2181107585118821,0.255748935430554,0.29363114392165435,SSFrac,tree_97.log,yes,0.25,2
1.4438587440849273,1.508079529804557,1.577707236457858,Re,tree_97.log,yes,0.25,2
1.0008689434463567,4.083535670834477,18.69914341744232,ReMultiplier,tree_97,no,0.25,2
0.07867978817745201,0.5272673949099272,0.9993317423812251,SSFrac,tree_97,no,0.25,2
1.4525166621300385,1.525138232226448,1.5993986645993536,Re,tree_97,no,0.25,2
1.0012078047631243,14.78263445656112,31.15425610877908,ReMultiplier,tree_98.log,yes,0.25,2
0.21134421105731876,0.2488875403180767,0.28616283165750245,SSFrac,tree_98.log,yes,0.25,2
1.456159893628041,1.5204786019419072,1.5884651113135397,Re,tree_98.log,yes,0.25,2
2.6960726688552277,14.090116685419483,30.128747553697185,ReMultiplier,tree_98,no,0.25,2
0.14044075577655446,0.32630829608851136,0.5926060297064285,SSFrac,tree_98,no,0.25,2
1.4519579367247217,1.520409995121335,1.5845529389050759,Re,tree_98,no,0.25,2
1.0004290362357504,2.788446889439031,29.24074240657741,ReMultiplier,tree_99.log,yes,0.25,2
0.17792615916872037,0.2138198738337767,0.25056514832539106,SSFrac,tree_99.log,yes,0.25,2
1.3823666283902378,1.4391057895832968,1.4966906813732659,Re,tree_99.log,yes,0.25,2
1.0002184633410358,2.7611284391217366,16.022203180911365,ReMultiplier,tree_99,no,0.25,2
0.0444946113697525,0.6347643480028893,0.9997759305926546,SSFrac,tree_99,no,0.25,2
1.3844709621977074,1.4552119406628699,1.5223370053433565,Re,tree_99,no,0.25,2
1.982556686046145,7.412200341236867,19.181401469597166,ReMultiplier,tree_9.log,yes,0.25,2
0.20697120369101016,0.2442272698595418,0.28134032406785475,SSFrac,tree_9.log,yes,0.25,2
1.4447468897931535,1.5091672235312668,1.5756468095019307,Re,tree_9.log,yes,0.25,2
1.0605707920868501,7.355289821300972,19.28277543231538,ReMultiplier,tree_9,no,0.25,2
0.04483737158675328,0.29219027129522157,0.6901045051049647,SSFrac,tree_9,no,0.25,2
1.4427136522618236,1.50416929061297,1.5681280603409296,Re,tree_9,no,0.25,2
